# Blender v2.79 (sub 0) OBJ File: 'SHERPA NEW ASSET36.blend'
# www.blender.org
mtllib SHERPA NEW ASSET36.mtl
o Cube.006_Cube.003
v 0.912320 7.796073 -0.701192
v 0.860173 7.688815 -0.439173
v 1.103976 8.098553 -0.788991
v 1.208479 8.323895 -0.532628
v 1.052776 8.036599 -0.209541
v 0.964686 7.734167 -0.249451
v 1.173435 8.304537 -0.292468
v 1.210136 8.309323 -0.744873
v 1.197377 7.507923 -0.648120
v 1.146817 7.435632 -0.455237
v 1.377516 7.700449 -0.712753
v 1.484753 7.848645 -0.524033
v 1.335929 7.658779 -0.286195
v 1.200825 7.527296 -0.315575
v 1.457392 7.838949 -0.363331
v 1.482311 7.839448 -0.695185
v 2.162033 6.514774 -0.499732
v 2.134347 6.471681 -0.334417
v 2.274126 6.658687 -0.559258
v 2.355337 6.763893 -0.388045
v 2.250271 6.621780 -0.172270
v 2.150393 6.527102 -0.198924
v 2.337285 6.754900 -0.207256
v 2.349062 6.761674 -0.556926
v 2.547007 6.114677 -0.329718
v 2.551848 6.102043 -0.177774
v 2.656059 6.225698 -0.373253
v 2.707602 6.291619 -0.229997
v 2.638918 6.204553 -0.049455
v 2.575861 6.145019 -0.071757
v 2.694830 6.287349 -0.108009
v 2.704466 6.289402 -0.359918
v 2.842618 5.852386 -0.159822
v 2.827021 5.835487 -0.063964
v 2.898665 5.912252 -0.197361
v 2.944479 5.970755 -0.082251
v 2.885553 5.904047 0.049412
v 2.841852 5.858569 0.020354
v 2.928568 5.956042 0.008792
v 2.936663 5.959115 -0.172660
v 3.133019 5.721407 0.109396
v 3.322602 5.561350 0.132026
v 3.305176 5.619886 -0.023326
v 3.148180 5.754183 -0.005311
v 3.022110 5.823236 0.059849
v 3.066245 5.636456 0.177364
v 3.244347 5.620645 -0.155577
v 3.116009 5.736245 -0.117005
v 3.126357 5.567269 -0.227082
v 3.043978 5.675185 -0.164539
v 3.047463 5.517384 -0.218795
v 2.981847 5.625127 -0.143060
v 3.014861 5.426821 -0.094578
v 2.950356 5.595722 -0.061705
v 2.964529 5.575411 0.084433
v 3.024457 5.338032 0.055085
v 3.398240 5.167981 0.299096
v 3.549123 5.008996 0.311432
v 3.629542 5.041374 0.342900
v 3.497471 5.237861 0.298423
v 3.279592 5.268944 0.321448
v 3.215511 5.246848 0.175808
v 3.432446 5.126603 0.160845
v 3.388015 5.344081 0.288153
v 3.541594 5.240260 0.150635
v 3.452075 5.386212 0.141381
v 3.645479 5.062384 0.231855
v 3.500627 5.256812 -0.032514
v 3.404356 5.239149 -0.200169
v 3.341030 5.421744 -0.193030
v 3.419716 5.420150 -0.035487
v 3.612161 5.043369 0.030757
v 3.523959 5.015461 0.021799
v 3.401500 5.148884 -0.012110
v 3.555192 5.029680 -0.079405
v 3.516846 5.032729 -0.168756
v 3.319848 5.238134 -0.287828
v 3.374303 5.089325 -0.302678
v 3.306007 5.068606 -0.279833
v 3.232955 5.184519 -0.267391
v 3.136639 5.327674 -0.253178
v 3.229210 5.388128 -0.278544
v 3.342274 5.065660 -0.196741
v 3.303998 5.140199 -0.158072
v 3.134961 5.278278 -0.118433
v 3.435027 5.034272 -0.158182
v 3.455135 5.039404 -0.041626
v 3.404650 5.090116 -0.231076
v 3.182157 5.281635 0.038605
v 3.535912 4.991900 0.150720
v 3.631185 5.029186 0.137761
v 3.563262 5.013041 0.223460
v 3.233707 5.311113 0.310959
v 3.169531 5.130348 0.328069
v 3.040348 5.093996 0.282495
v 3.073595 5.271792 0.195836
v 3.302779 5.461639 0.266639
v 3.150297 5.417617 0.353483
v 3.009248 5.120897 0.382396
v 3.001195 5.370868 0.317219
v 3.140477 5.134846 0.417251
v 3.635821 4.799629 0.152029
v 3.625930 4.815490 0.050091
v 3.543795 4.809546 0.050952
v 3.537756 4.790100 0.154450
v 3.450776 4.884229 -0.142453
v 3.466529 4.867276 -0.047741
v 3.539749 4.816769 -0.065966
v 3.505602 4.837703 -0.144500
v 3.688072 4.852184 0.357729
v 3.707093 4.857995 0.247254
v 3.627170 4.848735 0.240730
v 3.606421 4.848080 0.326446
v 3.352786 4.968564 -0.281414
v 3.282091 4.977182 -0.256827
v 3.321373 4.971792 -0.184067
v 3.384308 4.963696 -0.209693
v 3.578877 4.630702 0.159407
v 3.510019 4.660300 0.143748
v 3.508529 4.671958 0.064162
v 3.577164 4.639226 0.078996
v 3.381598 4.750547 -0.109277
v 3.419569 4.692353 -0.097359
v 3.461063 4.691598 -0.036480
v 3.409856 4.738981 -0.019300
v 3.700037 4.708315 0.355889
v 3.629900 4.698897 0.343651
v 3.647407 4.698996 0.268729
v 3.706596 4.710828 0.276045
v 3.287017 4.841147 -0.218881
v 3.320302 4.861508 -0.165231
v 3.285946 4.890592 -0.161507
v 3.241704 4.896980 -0.226402
v 3.129537 4.985388 0.381300
v 3.047631 4.969820 0.357433
v 3.014035 4.972304 0.427191
v 3.106409 4.987652 0.441268
v 2.935985 5.734264 -0.130408
v 2.910412 5.715613 -0.059883
v 3.027470 5.829654 -0.114970
v 2.984184 5.781140 -0.152192
v 2.917375 5.727458 0.030148
v 2.967606 5.771474 0.087073
v 3.041235 5.845242 -0.024963
v 1.754484 7.015484 -0.590232
v 1.725894 6.969271 -0.472763
v 1.848099 7.106034 -0.625530
v 1.930100 7.222391 -0.514657
v 1.842493 7.103693 -0.369843
v 1.759533 7.024337 -0.387726
v 1.914612 7.215280 -0.416796
v 1.926850 7.218599 -0.618908
v 1.974685 7.149845 -0.387014
v 1.986858 7.153656 -0.610098
v 1.783948 6.898548 -0.453100
v 1.812409 6.944317 -0.577369
v 1.972772 6.969464 -0.605345
v 1.815086 6.953665 -0.360891
v 1.990538 7.157225 -0.496662
v 1.900451 7.035197 -0.341762
v 1.786135 7.165451 -0.360537
v 1.661468 7.021157 -0.470813
v 1.697373 7.080295 -0.379698
v 1.880552 7.292067 -0.515701
v 1.692502 7.070271 -0.596672
v 1.761986 7.210591 -0.640902
v 1.877392 7.287674 -0.627394
v 1.863742 7.284667 -0.410847
v 0.774764 7.932587 -0.220477
v 0.956270 8.539603 -0.299698
v 1.040626 8.622019 -0.515953
v 0.922821 8.328923 -0.845352
v 0.984247 8.540124 -0.710954
v 0.778092 7.860741 -0.694613
v 0.738380 7.784255 -0.431566
v 0.884158 8.325479 -0.168073
v 1.289252 3.650918 -0.350686
v 1.023652 3.686566 -1.138882
v 1.152724 3.728944 0.250839
v -1.088820 3.678370 0.350459
v -1.062899 3.720886 -1.126593
v -0.012366 3.776644 -1.388637
v -0.000000 3.588544 0.491134
v -0.798183 5.218639 0.152326
v -0.943502 4.543257 0.251309
v -0.000000 4.528858 0.373187
v 1.061625 4.570172 -0.356292
v 0.921040 4.553884 -1.028639
v -0.000000 5.253527 -1.114080
v -0.000000 4.560763 -1.244974
v -0.921040 4.553884 -1.028639
v 0.943502 4.543258 0.251308
v 0.631883 3.936027 0.626840
v 0.491777 5.287091 0.349392
v 0.540094 4.951788 0.431341
v -0.971812 4.342408 0.525530
v -0.798183 5.218637 0.260985
v -0.892113 4.782078 0.398010
v -0.000000 5.189862 0.255620
v -1.306511 3.701228 -0.237215
v -1.271909 3.882511 -0.911519
v -1.216001 4.176161 -0.047804
v -1.131651 4.686692 -0.075549
v -0.991010 5.290723 -0.075619
v -1.061625 4.570171 -0.356292
v -1.145381 4.561385 -0.882653
v 1.351573 3.887548 -0.079448
v 1.202234 4.568855 -0.090069
v 1.006908 5.250160 -0.100701
v 0.668445 3.923072 -1.465665
v 0.533482 4.633572 -1.307859
v -0.522643 4.071253 -1.498869
v -0.403618 5.288888 -1.226370
v -0.523283 4.586633 -1.391598
v -1.302309 3.691419 -0.527928
v 1.083263 3.680177 0.366316
v 0.898113 5.272424 -0.361886
v 0.779181 5.239807 -0.930678
v 0.798183 5.218639 0.152326
v -0.917858 5.378711 -0.792912
v -0.898113 5.272423 -0.361886
v -0.779181 5.239806 -0.930678
v 0.494545 5.214044 -1.209952
v -1.076076 8.661842 -0.509465
v -0.894134 7.768247 -0.743374
v -1.253252 8.353456 -0.530119
v -0.826241 7.647382 -0.435198
v -1.109849 8.094749 -0.842243
v -1.064142 8.036371 -0.157048
v -0.949303 7.709127 -0.204498
v -1.209270 8.325782 -0.258567
v -1.245605 8.331853 -0.778326
v -1.176278 7.479850 -0.688756
v -1.112935 7.394217 -0.450617
v -1.380496 7.693905 -0.765978
v -1.529839 7.877639 -0.520658
v -1.346196 7.657405 -0.233494
v -1.186062 7.502225 -0.270429
v -1.494215 7.859283 -0.329934
v -1.518191 7.857821 -0.730679
v -2.100004 6.432603 -0.602099
v -2.037584 6.366954 -0.317382
v -2.291304 6.659023 -0.704623
v -2.453348 6.867348 -0.393879
v -2.241794 6.638293 -0.027139
v -2.070323 6.471054 -0.080410
v -2.405825 6.851949 -0.098962
v -2.435123 6.843014 -0.680057
v -2.384413 5.942129 -0.562354
v -2.353486 5.912141 -0.129458
v -2.702983 6.243386 -0.697426
v -2.887389 6.498289 -0.257430
v -2.625063 6.254960 0.264830
v -2.421617 6.053101 0.185435
v -2.827960 6.487397 0.086607
v -2.874016 6.454182 -0.627500
v -2.687270 5.607904 -0.430215
v -2.585569 5.566595 -0.013934
v -2.978206 5.868217 -0.612567
v -3.210336 6.207361 -0.086733
v -2.869375 5.930745 0.479714
v -2.650083 5.698169 0.345989
v -3.108477 6.158871 0.297026
v -3.186859 6.119994 -0.468766
v -1.685966 6.936180 -0.700227
v -1.617292 6.851928 -0.458623
v -1.858098 7.100308 -0.770695
v -2.041999 7.336455 -0.522036
v -1.848065 7.119525 -0.229919
v -1.689955 6.963954 -0.268783
v -2.003221 7.318244 -0.330281
v -2.022919 7.310608 -0.738135
v -2.079041 7.229073 -0.283073
v -2.111019 7.217222 -0.724160
v -1.698026 6.753302 -0.429090
v -1.768270 6.829573 -0.678438
v -2.043423 6.895353 -0.740401
v -1.760067 6.868449 -0.233809
v -2.128451 7.243437 -0.495233
v -1.920877 7.025279 -0.190997
v -1.777890 7.199877 -0.216228
v -1.529034 6.922601 -0.451517
v -1.609629 7.037796 -0.255799
v -1.971433 7.435949 -0.522590
v -1.594175 7.016301 -0.709102
v -1.730595 7.257481 -0.793778
v -1.952100 7.412353 -0.748891
v -1.933323 7.412475 -0.320103
v -2.942265 5.324676 -0.410479
v -2.840563 5.283367 0.005803
v -3.233202 5.584988 -0.592830
v -3.465330 5.924132 -0.066997
v -3.124368 5.647516 0.499450
v -2.905077 5.414940 0.365725
v -3.363471 5.875643 0.316762
v -3.441853 5.836765 -0.449029
v -0.936002 8.332894 -0.897268
v -1.014358 8.570951 -0.743012
v -0.793415 7.916755 -0.172666
v -0.904075 8.336027 -0.100956
v -0.982897 8.570737 -0.264963
v -0.787358 7.831169 -0.738479
v -0.756244 7.733850 -0.426622
v 0.787358 7.831169 -0.738479
v 0.894134 7.768247 -0.743374
v 1.253252 8.353456 -0.530119
v 0.826241 7.647382 -0.435198
v 1.109849 8.094749 -0.842243
v 1.064142 8.036371 -0.157048
v 0.949303 7.709127 -0.204498
v 1.209270 8.325782 -0.258567
v 1.245605 8.331853 -0.778326
v 1.176278 7.479850 -0.688756
v 1.112935 7.394217 -0.450617
v 1.380496 7.693905 -0.765978
v 1.529839 7.877639 -0.520658
v 1.346196 7.657405 -0.233494
v 1.186062 7.502225 -0.270429
v 1.494215 7.859283 -0.329934
v 1.518191 7.857821 -0.730679
v 2.100004 6.432603 -0.602099
v 2.037584 6.366954 -0.317382
v 2.291304 6.659023 -0.704623
v 2.453348 6.867348 -0.393879
v 2.241794 6.638293 -0.027139
v 2.070323 6.471054 -0.080410
v 2.405825 6.851949 -0.098962
v 2.435123 6.843014 -0.680057
v 2.384413 5.942129 -0.562354
v 2.353486 5.912141 -0.129458
v 2.702983 6.243386 -0.697426
v 2.887389 6.498289 -0.257430
v 2.625063 6.254960 0.264830
v 2.421617 6.053101 0.185435
v 2.827960 6.487397 0.086607
v 2.874016 6.454182 -0.627500
v 2.687270 5.607904 -0.430215
v 2.585569 5.566595 -0.013934
v 2.978206 5.868217 -0.612567
v 3.210336 6.207361 -0.086733
v 2.869375 5.930745 0.479714
v 2.650083 5.698169 0.345989
v 3.108477 6.158871 0.297026
v 3.186859 6.119994 -0.468766
v 1.685966 6.936180 -0.700227
v 1.617292 6.851928 -0.458623
v 1.858098 7.100308 -0.770695
v 2.041999 7.336455 -0.522036
v 1.848065 7.119525 -0.229919
v 1.689955 6.963954 -0.268783
v 2.003221 7.318244 -0.330281
v 2.022919 7.310608 -0.738135
v 2.079041 7.229073 -0.283073
v 2.111019 7.217222 -0.724160
v 1.698026 6.753302 -0.429090
v 1.768270 6.829573 -0.678438
v 2.043423 6.895353 -0.740401
v 1.760067 6.868449 -0.233809
v 2.128451 7.243437 -0.495233
v 1.920877 7.025279 -0.190997
v 1.777890 7.199877 -0.216228
v 1.529034 6.922601 -0.451517
v 1.609629 7.037796 -0.255799
v 1.971433 7.435949 -0.522590
v 1.594175 7.016301 -0.709102
v 1.730595 7.257481 -0.793778
v 1.952100 7.412353 -0.748891
v 1.933323 7.412475 -0.320103
v 2.817173 5.463618 -0.420161
v 2.715472 5.422309 -0.003880
v 3.108110 5.723931 -0.602512
v 3.340239 6.063075 -0.076679
v 2.999277 5.786458 0.489768
v 2.779985 5.553883 0.356043
v 3.238380 6.014585 0.307080
v 3.316762 5.975708 -0.458712
v 0.982897 8.570737 -0.264963
v 0.936002 8.332894 -0.897268
v 1.076076 8.661842 -0.509465
v 0.756244 7.733850 -0.426622
v 0.793415 7.916755 -0.172666
v 0.904075 8.336027 -0.100956
v 1.014358 8.570951 -0.743012
v -0.677580 6.178783 -0.787904
v -0.628888 6.125972 0.039169
v -0.798690 6.191493 -0.365912
v -0.573913 6.907874 -0.774827
v -0.544412 6.871369 -0.014912
v -0.754162 5.976044 -0.366780
v 0.519472 8.493399 -0.940884
v 0.538980 8.435816 0.011774
v 0.642428 7.755179 0.132556
v 0.644178 7.771642 -0.853657
v 0.539119 8.945163 -0.507819
v 0.510822 8.970711 -0.809895
v 0.677580 6.178783 -0.787904
v 0.754576 7.607936 -0.406279
v 0.628888 6.125972 0.039169
v 0.798690 6.191492 -0.365912
v -0.000000 6.102925 -0.910592
v 0.435614 8.718252 -0.151963
v 0.573913 6.907874 -0.774827
v 0.544412 6.871369 -0.014912
v 0.680188 6.864657 -0.384961
v 0.670249 5.893237 0.065130
v 0.754162 5.976044 -0.366781
v 0.654292 5.925792 -0.844503
v 0.426432 5.740546 0.244582
v -0.670249 5.893237 0.085299
v -0.788858 5.842126 -0.071529
v 0.751344 5.840924 -0.111443
v 0.460265 5.794571 -1.022234
v -0.363795 5.906526 -0.974611
v 0.000000 7.662438 0.270656
v 0.000000 6.819012 0.117177
v -0.000000 6.086311 0.189225
v -0.000000 6.830739 -0.846045
v 0.000000 7.668402 -0.944972
v -0.000000 5.848910 0.151777
v -0.654292 5.925792 -0.844503
v -0.000000 5.946934 -0.998479
v -0.670249 5.893237 0.065131
v 0.007499 8.075874 0.262503
v -0.246993 7.616076 0.054907
v -0.585347 7.046278 -0.463335
v 0.010476 8.076382 0.159970
v -0.542900 7.191129 -0.667178
v -0.621007 6.961558 -0.379217
v -0.577159 7.038700 -0.298138
v -0.522404 7.135028 -0.105228
v -0.256259 7.623642 -0.757642
v -0.128696 7.885994 -0.770055
v -0.167764 7.744646 0.235048
v -0.127297 7.766330 0.284141
v -0.130535 7.811865 0.283846
v -0.648633 6.934848 -0.501477
v -0.648257 6.904201 -0.564125
v 0.420697 9.004252 -0.505323
v 0.454743 9.046683 -0.510514
v 0.238497 8.408772 0.134976
v 0.211335 8.436548 0.092567
v 0.005552 8.138864 -0.927811
v -0.021406 8.015480 -0.973251
v 0.198217 8.519753 -0.924792
v 0.222495 8.497068 -0.971326
v 0.396126 9.022690 -0.822189
v 0.430789 9.034286 -0.849491
v -0.588307 7.140712 -0.791177
v -0.595782 7.083274 -0.816123
v -0.728580 6.719366 -0.381153
v -0.699313 6.814444 -0.381929
v -0.630352 6.887264 -0.205495
v -0.636996 6.924078 -0.266699
v -0.559178 7.060981 0.007465
v -0.564168 7.003699 0.027682
v 0.356610 8.748726 -0.096778
v 0.326487 8.756422 -0.113437
v 0.450893 9.048803 -0.805973
v 0.419962 9.007406 -0.770932
v 0.359803 8.834230 -0.190638
v 0.384064 8.812844 -0.160396
v -0.180933 7.755400 -0.919747
v -0.137015 7.775110 -0.962718
v 0.031677 8.122047 -0.979134
v 0.000360 8.128254 -0.937389
v -0.519472 8.493399 -0.940884
v -0.538980 8.435816 0.011774
v -0.642428 7.755179 0.132556
v -0.644178 7.771642 -0.853657
v -0.539119 8.945163 -0.507819
v -0.510822 8.970711 -0.809895
v -0.754576 7.607936 -0.406279
v -0.435614 8.718252 -0.151963
v -0.331805 9.112448 -0.504768
v -0.265361 9.168415 -0.695331
v -0.680188 6.864657 -0.384961
v -0.391795 9.319338 -0.457938
v -0.313338 9.385447 -0.646205
v -0.237779 9.095523 -0.218496
v -0.333767 9.185667 -0.771548
v -0.435031 9.109239 -0.493810
v -0.290669 8.900972 -0.217794
v -0.332371 9.402965 -0.723593
v -0.435611 9.319566 -0.461154
v -0.295609 9.084757 -0.176195
v -0.351604 9.098950 -0.735583
v -0.404645 9.053673 -0.505840
v -0.196431 9.014038 -0.259796
v -0.280468 9.014038 -0.227173
v -0.000000 8.970476 -0.897706
v 0.000000 8.436703 -0.929569
v 0.331805 9.112448 -0.504768
v 0.265361 9.168415 -0.695331
v 0.231946 8.911739 -0.260095
v 0.391795 9.319338 -0.457938
v 0.313338 9.385447 -0.646205
v 0.237779 9.095523 -0.218496
v -0.000000 9.433151 -0.800606
v 0.333767 9.185667 -0.771548
v 0.435031 9.109239 -0.493810
v 0.290669 8.900972 -0.217794
v 0.332371 9.402965 -0.723593
v 0.435611 9.319566 -0.461154
v 0.295609 9.084757 -0.176195
v -0.000000 9.085736 -0.807494
v 0.351604 9.098950 -0.735583
v 0.280468 8.843757 -0.222103
v 0.404645 9.053673 -0.505840
v 0.196431 9.014038 -0.259796
v 0.280468 9.014038 -0.227173
v -0.000000 9.014038 -0.074291
v 0.000000 8.333553 0.160957
v 0.000000 8.642263 0.028380
v -0.000000 9.410223 -0.699312
v -0.000000 9.171097 -0.859922
v -0.000000 9.014038 -0.121788
v -0.280468 8.843757 -0.222103
v 0.000000 8.763420 -0.069221
v -0.231946 8.911739 -0.260095
v -0.000000 9.148170 -0.758629
v -0.559076 7.003589 0.007150
v 0.440454 9.027388 -0.777052
v -0.699095 6.757257 -0.381921
v -0.181144 7.697433 -0.919295
v 0.000000 8.069979 -0.936921
v 0.361005 8.778606 -0.185693
v -0.636829 6.866800 -0.266787
v 0.000000 8.036539 0.209506
v 0.327054 8.699315 -0.107019
v -0.648456 6.877560 -0.501371
v 0.209706 8.373341 0.102913
v 0.441202 9.024174 -0.506378
v -0.588180 7.083254 -0.790831
v -0.167985 7.686689 0.234545
v 0.196338 8.458132 -0.933846
v 0.398021 8.970659 -0.829285
v -0.023853 8.317053 0.101093
v -0.023853 8.409484 -0.876100
v -0.023853 8.887783 -0.847549
v -0.023853 8.593681 -0.017706
v -0.023853 8.991066 -0.766711
v -0.023853 8.702246 -0.105164
v -0.275173 8.774234 -0.242158
v -0.023853 9.047010 -0.722925
v -0.261636 9.065151 -0.666205
v -0.321175 9.015001 -0.495447
v -0.231693 8.835152 -0.276202
v -0.524826 7.125307 -0.036730
v 0.425517 8.990569 -0.743064
v -0.650293 6.904575 -0.385367
v -0.186171 7.747043 -0.866893
v -0.023853 8.080872 -0.882688
v 0.354325 8.767643 -0.213162
v -0.594498 7.002734 -0.282198
v 0.030837 8.102695 0.140966
v 0.323902 8.696591 -0.142665
v -0.604918 7.012376 -0.492402
v 0.218750 8.404495 0.045450
v 0.426187 8.987688 -0.500520
v -0.550906 7.196693 -0.751781
v -0.023853 8.050907 0.144596
v -0.174380 7.737415 0.167033
v 0.030837 8.132660 -0.886319
v 0.206771 8.480474 -0.883563
v 0.387494 8.939735 -0.789869
v 0.667833 5.901826 0.033289
v 0.652298 5.929110 -0.813343
v 0.708154 5.982626 -0.369579
v 0.140668 5.159628 -0.644771
v 0.018377 5.026640 -0.364263
v 0.768896 4.936523 -0.732434
v 0.355010 5.520038 -0.864001
v 0.348964 5.464923 0.005957
v 0.774615 5.544346 -0.325307
v 0.681839 5.557269 -0.740088
v 0.705789 5.496442 0.041582
v 0.039591 4.930476 -0.321105
v 0.130478 4.970634 -0.635479
v 0.819339 4.974697 -0.403645
v 0.369962 5.199900 -0.868157
v 0.352428 5.164472 0.050589
v 0.773980 4.942933 -0.018899
v 0.051512 4.601800 -0.339281
v 0.153943 4.616946 -0.631306
v 0.419496 4.677392 -0.840148
v 0.402170 4.686888 0.097352
v 0.838635 2.861404 -0.736349
v 0.831433 2.892987 -0.124545
v 0.490973 2.864520 -0.829188
v 0.490213 2.852737 -0.004285
v 0.440894 3.801167 -0.878365
v 0.153003 3.881594 -0.602574
v 0.064558 3.892150 -0.225823
v 0.850384 3.941822 -0.761252
v 0.853728 3.949959 0.038073
v 0.906640 3.967887 -0.392956
v 0.429195 3.808178 0.170776
v 0.330101 0.912749 -0.716113
v 0.297125 0.910801 -0.615887
v 0.625866 0.911818 -0.447612
v 0.649390 0.911326 -0.628054
v 0.623296 0.912254 -0.781767
v 0.443355 0.911118 -0.390857
v 0.330541 0.400342 -0.835541
v 0.293738 0.406982 -0.700636
v 0.622062 0.479451 -0.361010
v 0.696466 0.408691 -0.602220
v 0.594212 0.406403 -0.838086
v 0.437916 0.477180 -0.309291
v 0.113022 5.161974 -0.193128
v 0.126152 4.994454 -0.151674
v 0.135787 4.588060 -0.140840
v 0.249698 2.856064 -0.166890
v 0.147091 3.864355 -0.044326
v 0.332048 0.904482 -0.483991
v 0.355255 0.409099 -0.479088
v 0.453635 0.004406 -0.869714
v 0.305023 0.005876 -0.779033
v 0.293256 0.004824 -0.561330
v 0.604840 -0.004449 -0.389595
v 0.694181 0.003215 -0.522228
v 0.599767 0.005890 -0.825202
v 0.451083 -0.004453 -0.344313
v 0.324711 0.005707 -0.281500
v 0.798389 0.381101 0.320381
v 0.935564 0.284318 0.277160
v 0.372635 0.285560 0.301838
v 0.549882 0.381564 0.319804
v 0.789869 -0.027321 0.283024
v 0.931538 -0.018876 0.251652
v 0.374816 -0.018162 0.287578
v 0.556348 -0.027319 0.295138
v 0.825530 0.285296 0.574085
v 0.927639 0.215373 0.440239
v 0.508242 0.219398 0.615557
v 0.645360 0.286116 0.651591
v 0.859731 0.009005 0.655369
v 0.967400 0.011267 0.580787
v 0.437025 0.011976 0.735943
v 0.619350 0.010782 0.762816
v 0.531088 0.342493 -0.039313
v 0.408720 0.285577 -0.111986
v 0.805674 0.012095 -0.180196
v 0.709285 0.003784 -0.112114
v 0.809993 0.285841 -0.187106
v 0.406304 0.011351 -0.080897
v 0.538229 0.003778 -0.085776
v 0.718152 0.342246 -0.068415
v 0.748539 2.733093 -0.238379
v 0.255296 2.861779 -0.610493
v 0.482357 2.658438 -0.123815
v 0.735058 3.078799 -0.065108
v 0.190382 2.858494 -0.312958
v 0.887772 2.858158 -0.444656
v 0.485563 3.095458 0.049481
v 0.159840 3.152164 -0.261766
v 0.869414 3.175022 -0.398236
v 0.460605 3.251416 0.081327
v 0.831164 3.309039 -0.031871
v 0.228954 3.151082 -0.569827
v 0.223517 3.142117 -0.111585
v 0.469760 3.128356 -0.795914
v 0.820356 3.169188 -0.699925
v 0.439711 2.472174 -1.008666
v 0.227109 2.424182 -0.793965
v 0.265819 2.711928 -0.639565
v 0.167751 2.359308 -0.506532
v 0.718586 2.635603 -0.243293
v 0.756252 2.311108 -0.293219
v 0.797567 2.386224 -0.630519
v 0.764978 2.737466 -0.753361
v 0.751392 2.451399 -0.919721
v 0.433253 2.289562 -0.188319
v 0.230163 2.363988 -0.357504
v 0.467174 2.757299 -0.838458
v 0.795252 2.687629 -0.493862
v 0.458191 2.589299 -0.156597
v 0.270334 2.658803 -0.260462
v 0.217785 2.655670 -0.386181
v 0.449501 0.913831 -0.831017
v 0.452253 0.406915 -0.930218
v -0.667833 5.901826 0.033289
v -0.652298 5.929110 -0.813344
v -0.000000 5.948152 -0.956619
v -0.708154 5.982626 -0.369579
v -0.000000 5.855686 0.111416
v -0.140668 5.159628 -0.644771
v -0.000000 5.185291 -0.749034
v -0.018377 5.026640 -0.364263
v -0.768896 4.936523 -0.732434
v -0.355010 5.520038 -0.864001
v -0.000000 5.550286 -0.958734
v -0.000000 5.456131 0.052361
v -0.348964 5.464922 0.005957
v -0.774615 5.544344 -0.325307
v -0.681839 5.557268 -0.740088
v -0.705789 5.496442 0.041582
v -0.039591 4.930476 -0.321105
v -0.130478 4.970633 -0.635479
v -0.819339 4.974697 -0.403645
v -0.369962 5.199899 -0.868157
v -0.352428 5.164472 0.050589
v -0.773980 4.942933 -0.018898
v -0.051512 4.601799 -0.339281
v -0.153943 4.616946 -0.631307
v -0.419496 4.677391 -0.840148
v -0.402171 4.686888 0.097352
v -0.838635 2.861403 -0.736349
v -0.831433 2.892986 -0.124545
v -0.490973 2.864519 -0.829188
v -0.490213 2.852737 -0.004284
v -0.440894 3.801167 -0.878366
v -0.153003 3.881594 -0.602574
v -0.064558 3.892149 -0.225823
v -0.850384 3.941821 -0.761252
v -0.853728 3.949959 0.038074
v -0.906640 3.967886 -0.392956
v -0.429195 3.808178 0.170777
v -0.000000 5.054358 -0.518970
v -0.330101 0.912749 -0.716114
v -0.297125 0.910800 -0.615888
v -0.625866 0.911818 -0.447613
v -0.649390 0.911326 -0.628055
v -0.623296 0.912254 -0.781768
v -0.443355 0.911118 -0.390858
v -0.330541 0.400342 -0.835542
v -0.293738 0.406982 -0.700636
v -0.622062 0.479451 -0.361010
v -0.696466 0.408691 -0.602221
v -0.594212 0.406403 -0.838087
v -0.437916 0.477180 -0.309292
v -0.000000 5.173144 -0.254496
v -0.113022 5.161974 -0.193128
v -0.126152 4.994453 -0.151673
v -0.135787 4.588059 -0.140840
v -0.249698 2.856064 -0.166889
v -0.147091 3.864354 -0.044325
v -0.332048 0.904482 -0.483992
v -0.355255 0.409099 -0.479089
v -0.453634 0.004406 -0.869715
v -0.305023 0.005876 -0.779034
v -0.293256 0.004824 -0.561331
v -0.604840 -0.004449 -0.389596
v -0.694181 0.003215 -0.522229
v -0.599767 0.005890 -0.825203
v -0.451083 -0.004453 -0.344313
v -0.324711 0.005707 -0.281500
v -0.798388 0.381101 0.320382
v -0.935564 0.284318 0.277160
v -0.372635 0.285560 0.301839
v -0.549882 0.381564 0.319804
v -0.789869 -0.027320 0.283025
v -0.931538 -0.018876 0.251652
v -0.374816 -0.018162 0.287579
v -0.556348 -0.027319 0.295138
v -0.825530 0.285296 0.574086
v -0.927639 0.215373 0.440240
v -0.508242 0.219398 0.615558
v -0.645360 0.286117 0.651592
v -0.859731 0.009005 0.655370
v -0.967399 0.011267 0.580787
v -0.437025 0.011976 0.735944
v -0.619350 0.010782 0.762818
v -0.531088 0.342493 -0.039313
v -0.408720 0.285577 -0.111986
v -0.805674 0.012095 -0.180197
v -0.709285 0.003784 -0.112114
v -0.809992 0.285841 -0.187106
v -0.406303 0.011351 -0.080897
v -0.538229 0.003778 -0.085776
v -0.718152 0.342246 -0.068415
v -0.748539 2.733093 -0.238379
v -0.255296 2.861779 -0.610494
v -0.482357 2.658438 -0.123814
v -0.735059 3.078798 -0.065107
v -0.190382 2.858494 -0.312958
v -0.887772 2.858158 -0.444656
v -0.485563 3.095458 0.049481
v -0.159840 3.152163 -0.261766
v -0.869414 3.175022 -0.398237
v -0.460605 3.251416 0.081327
v -0.831164 3.309039 -0.031871
v -0.228954 3.151081 -0.569827
v -0.223517 3.142116 -0.111584
v -0.469760 3.128356 -0.795914
v -0.820356 3.169188 -0.699926
v -0.227109 2.424181 -0.793966
v -0.167751 2.359308 -0.506533
v -0.756252 2.311108 -0.293219
v -0.795252 2.687628 -0.493862
v -0.797567 2.386224 -0.630520
v -0.764978 2.737466 -0.753361
v -0.751392 2.451399 -0.919722
v -0.433253 2.289562 -0.188319
v -0.458191 2.589299 -0.156597
v -0.230163 2.363988 -0.357504
v -0.265819 2.711927 -0.639566
v -0.467174 2.757299 -0.838459
v -0.718586 2.635603 -0.243293
v -0.270334 2.658802 -0.260462
v -0.217785 2.655669 -0.386182
v -0.449501 0.913830 -0.831018
v -0.452253 0.406914 -0.930219
v -0.439711 2.472173 -1.008667
v -0.666036 9.985670 -0.605953
v -0.557628 10.872295 -0.337528
v -0.483218 10.894203 -0.657997
v -0.734807 10.206138 -0.488745
v -0.694117 10.222187 -0.670664
v -0.699419 10.550735 -0.711629
v -0.602766 10.748983 -0.728379
v -0.692637 10.724008 -0.331079
v -0.760702 10.531279 -0.431537
v -0.634791 9.996761 -0.591729
v -0.532389 10.863272 -0.331022
v -0.457980 10.885180 -0.651492
v -0.703305 10.216129 -0.474928
v -0.662581 10.232006 -0.656914
v -0.668019 10.554165 -0.699831
v -0.574927 10.743597 -0.720085
v -0.664264 10.719515 -0.322383
v -0.729169 10.535485 -0.419480
v -0.670800 10.023885 0.216299
v -0.415624 10.920666 0.240326
v -0.554200 10.902830 -0.058332
v -0.651708 10.260412 0.320045
v -0.731575 10.254003 0.150965
v -0.759845 10.471823 0.092033
v -0.759238 10.605766 0.046023
v -0.681180 10.760830 -0.029587
v -0.507497 10.784899 0.338928
v -0.609155 10.627701 0.357417
v -0.635775 10.486778 0.350816
v -0.607491 10.042328 0.198443
v -0.367460 10.903976 0.222586
v -0.506036 10.886143 -0.076072
v -0.588493 10.276956 0.301617
v -0.668383 10.270269 0.132456
v -0.697201 10.483662 0.072607
v -0.700388 10.605080 0.026321
v -0.629878 10.747897 -0.048013
v -0.455512 10.772858 0.320360
v -0.549661 10.628483 0.337653
v -0.573059 10.499048 0.331458
v 0.828990 10.254375 -0.097259
v 0.415726 11.071417 0.080406
v 0.452949 11.089737 -0.246697
v 0.795519 10.479004 0.027220
v 0.817142 10.493284 -0.158081
v 0.779767 10.712870 -0.203943
v 0.737031 10.844055 -0.235909
v 0.608857 10.979087 -0.270444
v 0.560008 10.957895 0.134171
v 0.692351 10.826966 0.107141
v 0.743917 10.695623 0.080667
v 0.722678 10.260920 -0.090995
v 0.342669 11.029732 0.074908
v 0.379892 11.048050 -0.252196
v 0.689673 10.482701 0.032338
v 0.711379 10.496571 -0.153131
v 0.675767 10.709627 -0.201205
v 0.642406 10.823069 -0.237067
v 0.529715 10.942046 -0.274957
v 0.479522 10.921976 0.129893
v 0.596291 10.807993 0.106397
v 0.639707 10.693008 0.083598
v -0.419385 11.010059 0.184265
v -0.361367 11.100993 -0.760573
v -0.628106 10.624020 0.303135
v -0.452853 11.123439 -0.377566
v -0.524272 10.756867 -0.897356
v -0.653609 10.743916 -0.500122
v -0.366225 9.940166 -0.855778
v -0.233134 9.649462 -0.645689
v -0.579347 9.976425 -0.645345
v -0.463807 10.238583 -0.919350
v -0.707806 10.412779 -0.594592
v -0.739928 10.439636 -0.237210
v -0.698975 10.265838 -0.168650
v -0.669487 10.063250 -0.185796
v -0.706145 10.146851 0.010988
v -0.695866 10.312429 0.005207
v -0.721214 10.483640 -0.003236
v -0.676578 10.414263 0.230106
v -0.497643 10.452593 0.456895
v -0.168712 11.072081 0.257543
v -0.201664 11.171446 -0.772183
v -0.223436 11.258492 -0.345461
v -0.317541 10.659348 0.494681
v -0.376717 10.894855 -0.962658
v -0.205237 9.939907 -0.934859
v -0.097051 9.640568 -0.735050
v -0.312997 10.223711 -1.031577
v -0.477380 11.097057 -0.059342
v -0.709482 10.693867 -0.192103
v -0.241382 11.201004 -0.058830
v -0.527421 10.475172 -0.982938
v -0.684306 10.511925 -0.558357
v -0.404915 10.456804 -1.072540
v -0.741026 10.539839 -0.190175
v -0.251198 11.153074 0.064788
v -0.456568 11.079848 0.024276
v -0.674382 10.661230 0.087911
v -0.327515 10.360048 0.561358
v -0.106479 10.395852 0.620662
v 0.418610 11.010204 0.184768
v 0.338211 11.097588 -0.758592
v 0.613118 10.622732 0.301777
v 0.452840 11.123383 -0.377599
v 0.525015 10.755474 -0.896718
v -0.002878 11.221624 -0.748998
v -0.004715 11.096894 0.277147
v 0.000037 11.280346 -0.364842
v -0.020010 10.635426 0.571764
v 0.004881 10.968235 -0.992142
v 0.631367 10.745678 -0.568734
v 0.403037 9.954908 -0.819798
v 0.000461 9.924562 -0.962136
v 0.193651 9.650129 -0.706299
v -0.000214 9.642580 -0.744784
v 0.544880 10.017735 -0.679575
v 0.000865 10.252570 -1.099814
v 0.534555 10.252555 -0.846879
v 0.663253 10.410910 -0.578573
v 0.739925 10.439619 -0.237211
v 0.696708 10.266605 -0.167424
v 0.645276 10.064377 -0.195039
v 0.630223 10.187256 0.010038
v 0.665067 10.318197 0.010179
v 0.718147 10.485139 -0.002885
v 0.625389 10.414228 0.275243
v 0.456318 10.446424 0.501241
v 0.168470 11.071985 0.257465
v 0.191551 11.166873 -0.771724
v 0.222632 11.258806 -0.345197
v 0.312325 10.658920 0.494599
v 0.260798 10.919563 -0.974872
v 0.207825 9.930456 -0.940796
v 0.096637 9.641058 -0.733980
v 0.262407 10.263561 -1.065656
v 0.475441 11.098827 -0.059657
v 0.000034 11.227839 -0.042744
v 0.709471 10.693880 -0.192105
v 0.240174 11.200621 -0.056536
v 0.558218 10.494514 -0.915524
v 0.000059 10.438168 -1.115675
v 0.659143 10.507064 -0.570907
v 0.305823 10.462160 -1.087380
v 0.740973 10.540133 -0.190196
v -0.003221 11.153499 0.159333
v 0.247130 11.153446 0.066477
v 0.455619 11.080163 0.024683
v 0.672299 10.661101 0.087400
v 0.313203 10.358184 0.562840
v 0.106239 10.396029 0.617238
v 0.606990 9.980824 0.327419
v 0.446772 10.587109 0.357949
v 0.575834 10.589678 0.196567
v 0.506068 10.303236 0.454877
v 0.634893 10.296503 0.264497
v -0.362298 10.945532 0.129669
v -0.296794 11.031445 -0.723203
v -0.550616 10.590870 0.245690
v -0.382897 11.049826 -0.368034
v -0.445112 10.722313 -0.843108
v -0.559973 10.708775 -0.480103
v -0.307311 9.990119 -0.789165
v -0.186086 9.714057 -0.582307
v -0.504077 10.015240 -0.588498
v -0.392064 10.268614 -0.853360
v -0.614270 10.421057 -0.554769
v -0.637953 10.438154 -0.235629
v -0.597551 10.276646 -0.169011
v -0.567885 10.068321 -0.178384
v -0.604543 10.151920 0.018400
v -0.594600 10.324463 0.003165
v -0.620506 10.478419 -0.018551
v -0.586619 10.398376 0.184736
v -0.430828 10.435949 0.381647
v -0.141518 10.999033 0.191755
v -0.171052 11.086992 -0.723871
v -0.193425 11.161018 -0.344231
v -0.281030 10.617625 0.409067
v -0.338566 10.846752 -0.881209
v -0.175145 9.990950 -0.851835
v -0.071006 9.703466 -0.659096
v -0.277519 10.256708 -0.941823
v -0.406767 11.024956 -0.074137
v -0.613294 10.659998 -0.194183
v -0.213615 11.105604 -0.081878
v -0.448568 10.476645 -0.918256
v -0.586359 10.501189 -0.531994
v -0.364678 10.459802 -0.978860
v -0.639736 10.527860 -0.190853
v -0.223334 11.063239 0.025329
v -0.392586 11.007720 -0.008997
v -0.581057 10.627886 0.063787
v -0.301830 10.334976 0.465886
v -0.080794 10.370781 0.525190
v 0.361293 10.946526 0.129421
v 0.277404 11.027678 -0.715945
v 0.534667 10.591164 0.244745
v 0.382847 11.049997 -0.366692
v 0.450135 10.720881 -0.836720
v -0.002987 11.130512 -0.703149
v -0.004298 11.020781 0.209248
v -0.000318 11.178358 -0.363372
v -0.018391 10.593657 0.478723
v 0.005192 10.918753 -0.902952
v 0.537974 10.711390 -0.546255
v 0.337439 10.004150 -0.759171
v 0.002154 9.975014 -0.873506
v 0.146559 9.711752 -0.640054
v 0.001390 9.704069 -0.663419
v 0.460399 10.054523 -0.635833
v 0.002570 10.278765 -1.001251
v 0.455389 10.278666 -0.788104
v 0.566579 10.418808 -0.547017
v 0.638083 10.444571 -0.234422
v 0.600140 10.291702 -0.188595
v 0.549769 10.091095 -0.218868
v 0.534717 10.213974 -0.013791
v 0.568306 10.342979 -0.010478
v 0.618214 10.484575 -0.023302
v 0.540271 10.403709 0.220036
v 0.382639 10.429861 0.432683
v 0.141631 10.999156 0.191289
v 0.160344 11.083235 -0.722385
v 0.192107 11.161505 -0.343136
v 0.274868 10.617304 0.409343
v 0.229644 10.873085 -0.889591
v 0.176126 9.980371 -0.857688
v 0.072547 9.703245 -0.656806
v 0.226976 10.291054 -0.974047
v 0.404940 11.026575 -0.074237
v 0.000052 11.129465 -0.069687
v 0.612882 10.661112 -0.192634
v 0.212554 11.105242 -0.079845
v 0.478211 10.494671 -0.852261
v 0.001407 10.433862 -1.013777
v 0.560832 10.500710 -0.544488
v 0.270386 10.460750 -0.991746
v 0.639406 10.530874 -0.188810
v -0.002962 11.060308 0.117869
v 0.219699 11.063593 0.026763
v 0.391642 11.008411 -0.009409
v 0.578869 10.630975 0.059711
v 0.289168 10.332378 0.467131
v 0.082204 10.370224 0.521529
v 0.522512 9.976927 0.270394
v 0.387247 10.632425 0.288619
v 0.498338 10.635107 0.148255
v 0.422499 10.297977 0.396635
v 0.551116 10.291553 0.206528
v 0.510313 8.488110 -0.888226
v 0.521679 8.421509 -0.055384
v 0.366217 7.759903 -0.183834
v 0.371970 7.783312 -0.649282
v 0.509589 8.902400 -0.521387
v 0.488454 8.936381 -0.775167
v 0.421984 7.621686 -0.409127
v 0.418214 8.687026 -0.192049
v 0.299100 9.072422 -0.519361
v 0.245385 9.127091 -0.667436
v 0.231429 8.957232 -0.331083
v 0.220674 9.204350 -0.491844
v 0.156881 9.260718 -0.629049
v 0.166673 9.145998 -0.359599
v 0.184483 9.470121 -0.467986
v 0.114596 9.534590 -0.605013
v 0.164875 9.337944 -0.317310
v 0.456469 2.389304 -0.779571
v 0.317002 2.355935 -0.634087
v 0.747962 4.935975 -0.715101
v 0.276714 2.309756 -0.432757
v 0.792194 4.973276 -0.402944
v 0.753462 4.942480 -0.036724
v 0.078478 4.605086 -0.340475
v 0.176290 4.620558 -0.616252
v 0.661441 2.278002 -0.294320
v 0.424039 4.680163 -0.813501
v 0.407763 4.688167 0.070791
v 0.677895 2.906313 -0.565215
v 0.680354 2.906293 -0.184675
v 0.685684 2.331124 -0.525921
v 0.478675 2.906316 -0.616779
v 0.472905 2.906291 -0.124255
v 0.466582 3.827587 -0.705114
v 0.276623 3.885987 -0.519107
v 0.216642 3.893611 -0.264063
v 0.734625 3.927878 -0.629960
v 0.736838 3.933585 -0.088635
v 0.768912 3.945696 -0.381608
v 0.658942 2.376022 -0.721665
v 0.456898 3.832534 -0.002737
v 0.450604 2.262439 -0.226470
v 0.455252 0.911247 -0.804586
v 0.353656 0.911242 -0.702622
v 0.324308 0.911238 -0.616435
v 0.604566 0.911230 -0.464492
v 0.622227 0.911238 -0.626812
v 0.602746 0.911245 -0.764002
v 0.450980 0.911228 -0.416939
v 0.455252 0.405889 -0.903231
v 0.353142 0.399403 -0.820463
v 0.320899 0.405879 -0.699981
v 0.604566 0.462910 -0.373635
v 0.669826 0.405873 -0.597562
v 0.574234 0.405885 -0.819661
v 0.450980 0.462907 -0.328381
v 0.297601 9.581860 -0.440041
v 0.188721 9.692265 -0.695061
v 0.341475 9.420551 -0.231405
v 0.457139 9.703050 -0.439210
v 0.292526 9.844288 -0.789855
v 0.452346 9.508484 -0.119237
v 0.599091 9.942504 -0.432558
v 0.417907 10.066211 -0.823352
v 0.567626 9.721331 -0.059373
v 0.682235 10.371526 -0.415929
v 0.501050 10.507205 -0.910487
v 0.650769 10.183610 -0.029442
v 0.249392 9.273635 0.154930
v 0.119441 9.221173 0.171229
v 0.504936 9.523390 0.238884
v 0.588080 9.964110 0.236154
v 0.210103 9.878977 0.346124
v 0.064059 9.596556 0.343934
v 0.665606 10.602039 -0.351488
v 0.484985 10.787806 -0.783259
v 0.634141 10.465845 0.052862
v 0.571451 10.389141 0.312000
v 0.337275 10.373846 0.506945
v 0.585349 10.853509 -0.324434
v 0.449191 10.879518 -0.703787
v 0.526464 10.840524 0.098931
v 0.476957 10.624277 0.370607
v 0.290587 10.660683 0.458327
v 0.314265 11.080943 -0.510058
v 0.377445 11.073132 -0.284665
v 0.309719 10.972024 0.114600
v 0.157565 4.590277 -0.156959
v 0.334920 2.906296 -0.225982
v 0.317723 2.315248 -0.340709
v 0.270636 3.873009 -0.147455
v 0.355888 0.905689 -0.497004
v 0.380831 0.405868 -0.487731
v 0.455252 0.022761 -0.849734
v 0.323676 0.022757 -0.768724
v 0.313665 0.022747 -0.562598
v 0.604566 0.022738 -0.389978
v 0.676175 0.022744 -0.516425
v 0.583767 0.022759 -0.811113
v 0.450980 0.022736 -0.344724
v 0.345245 0.022733 -0.286775
v 0.789821 0.355420 0.317836
v 0.912126 0.270637 0.278853
v 0.395125 0.270636 0.298546
v 0.556336 0.355420 0.316034
v 0.789821 -0.000130 0.283083
v 0.912126 -0.000128 0.254968
v 0.395125 -0.000130 0.286250
v 0.556336 -0.000130 0.295420
v 0.813171 0.266561 0.558749
v 0.903573 0.204277 0.434158
v 0.525336 0.204268 0.600796
v 0.646011 0.266559 0.632726
v 0.846158 0.023264 0.636625
v 0.945368 0.023267 0.570306
v 0.454153 0.023260 0.718104
v 0.618502 0.023259 0.738688
v 0.538175 0.316494 -0.042943
v 0.433206 0.274908 -0.117077
v 0.786950 0.030964 -0.174480
v 0.709450 0.030961 -0.111228
v 0.785508 0.274911 -0.182591
v 0.425123 0.030959 -0.081749
v 0.538175 0.030959 -0.085028
v 0.709450 0.316495 -0.069143
v 0.677343 2.806297 -0.202125
v 0.341449 2.906309 -0.487229
v 0.469355 2.803818 -0.140523
v 0.688172 3.048486 -0.171381
v 0.301809 2.906300 -0.307949
v 0.704208 2.906304 -0.390910
v 0.470689 3.034496 -0.107436
v -0.912320 7.796073 -0.701192
v -0.922821 8.328923 -0.845352
v -0.984247 8.540124 -0.710954
v -0.860173 7.688815 -0.439173
v -1.103976 8.098553 -0.788991
v -1.208479 8.323895 -0.532628
v -1.052776 8.036599 -0.209541
v -0.964686 7.734167 -0.249451
v -1.173435 8.304537 -0.292468
v -1.210136 8.309323 -0.744873
v -1.197377 7.507923 -0.648120
v -1.146817 7.435632 -0.455237
v -1.377516 7.700449 -0.712753
v -1.484753 7.848645 -0.524033
v -1.335929 7.658779 -0.286195
v -1.200825 7.527296 -0.315575
v -1.457392 7.838949 -0.363331
v -1.482311 7.839448 -0.695185
v -2.162033 6.514774 -0.499732
v -2.134347 6.471681 -0.334417
v -2.274126 6.658687 -0.559258
v -2.355337 6.763893 -0.388045
v -2.250271 6.621780 -0.172270
v -2.150393 6.527102 -0.198924
v -2.337285 6.754900 -0.207256
v -2.349062 6.761674 -0.556926
v -2.547007 6.114677 -0.329718
v -2.551848 6.102043 -0.177774
v -2.656059 6.225698 -0.373253
v -2.707602 6.291619 -0.229997
v -2.638918 6.204553 -0.049455
v -2.575861 6.145019 -0.071757
v -2.694830 6.287349 -0.108009
v -2.704466 6.289402 -0.359918
v -2.842618 5.852386 -0.159822
v -2.827021 5.835487 -0.063964
v -2.898665 5.912252 -0.197361
v -2.944479 5.970755 -0.082251
v -2.885553 5.904047 0.049412
v -2.841852 5.858569 0.020354
v -2.928568 5.956042 0.008792
v -2.936663 5.959115 -0.172660
v -3.133019 5.721407 0.109396
v -3.322602 5.561350 0.132026
v -3.305176 5.619886 -0.023326
v -3.148180 5.754183 -0.005311
v -3.022110 5.823236 0.059849
v -3.066245 5.636456 0.177364
v -3.244347 5.620645 -0.155577
v -3.116009 5.736245 -0.117005
v -3.126357 5.567269 -0.227082
v -3.043978 5.675185 -0.164539
v -3.047463 5.517384 -0.218795
v -2.981847 5.625127 -0.143060
v -3.014861 5.426821 -0.094578
v -2.950356 5.595722 -0.061705
v -2.964529 5.575411 0.084433
v -3.024457 5.338032 0.055085
v -3.398240 5.167981 0.299096
v -3.549123 5.008996 0.311432
v -3.629542 5.041374 0.342900
v -3.497471 5.237861 0.298423
v -3.279592 5.268944 0.321448
v -3.215511 5.246848 0.175808
v -3.432446 5.126603 0.160845
v -3.388015 5.344081 0.288153
v -3.541594 5.240260 0.150635
v -3.452075 5.386212 0.141381
v -3.645479 5.062384 0.231855
v -3.500627 5.256812 -0.032514
v -3.404356 5.239149 -0.200169
v -3.341030 5.421744 -0.193030
v -3.419716 5.420150 -0.035487
v -3.612161 5.043369 0.030757
v -3.523959 5.015461 0.021799
v -3.401500 5.148884 -0.012110
v -3.555192 5.029680 -0.079405
v -3.516846 5.032729 -0.168756
v -3.319848 5.238134 -0.287828
v -3.374303 5.089325 -0.302678
v -3.306007 5.068606 -0.279833
v -3.232955 5.184519 -0.267391
v -3.136639 5.327674 -0.253178
v -3.229210 5.388128 -0.278544
v -3.342274 5.065660 -0.196741
v -3.303998 5.140199 -0.158072
v -3.134961 5.278278 -0.118433
v -3.435027 5.034272 -0.158182
v -3.455135 5.039404 -0.041626
v -3.404650 5.090116 -0.231076
v -3.182157 5.281635 0.038605
v -3.535912 4.991900 0.150720
v -3.631185 5.029186 0.137761
v -3.563262 5.013041 0.223460
v -3.233707 5.311113 0.310959
v -3.169531 5.130348 0.328069
v -3.040348 5.093996 0.282495
v -3.073595 5.271792 0.195836
v -3.302779 5.461639 0.266639
v -3.150297 5.417617 0.353483
v -3.009248 5.120897 0.382396
v -3.001195 5.370868 0.317219
v -3.140477 5.134846 0.417251
v -3.635821 4.799629 0.152029
v -3.625930 4.815490 0.050091
v -3.543795 4.809546 0.050952
v -3.537756 4.790100 0.154450
v -3.450776 4.884229 -0.142453
v -3.466529 4.867276 -0.047741
v -3.539749 4.816769 -0.065966
v -3.505602 4.837703 -0.144500
v -3.688072 4.852184 0.357729
v -3.707093 4.857995 0.247254
v -3.627170 4.848735 0.240730
v -3.606421 4.848080 0.326446
v -3.352786 4.968564 -0.281414
v -3.282091 4.977182 -0.256827
v -3.321373 4.971792 -0.184067
v -3.384308 4.963696 -0.209693
v -3.578877 4.630702 0.159407
v -3.510019 4.660300 0.143748
v -3.508529 4.671958 0.064162
v -3.577164 4.639226 0.078996
v -3.381598 4.750547 -0.109277
v -3.419569 4.692353 -0.097359
v -3.461063 4.691598 -0.036480
v -3.409856 4.738981 -0.019300
v -3.700037 4.708315 0.355889
v -3.629900 4.698897 0.343651
v -3.647407 4.698996 0.268729
v -3.706596 4.710828 0.276045
v -3.287017 4.841147 -0.218881
v -3.320302 4.861508 -0.165231
v -3.285946 4.890592 -0.161507
v -3.241704 4.896980 -0.226402
v -3.129537 4.985388 0.381300
v -3.047631 4.969820 0.357433
v -3.014035 4.972304 0.427191
v -3.106409 4.987652 0.441268
v -2.935985 5.734264 -0.130408
v -2.910412 5.715613 -0.059883
v -3.027470 5.829654 -0.114970
v -2.984184 5.781140 -0.152192
v -2.917375 5.727458 0.030148
v -2.967606 5.771474 0.087073
v -3.041235 5.845242 -0.024963
v -1.754484 7.015484 -0.590232
v -1.725894 6.969271 -0.472763
v -1.848099 7.106034 -0.625530
v -1.930100 7.222391 -0.514657
v -1.842493 7.103693 -0.369843
v -1.759533 7.024337 -0.387726
v -1.914612 7.215280 -0.416796
v -1.926850 7.218599 -0.618908
v -1.974685 7.149845 -0.387014
v -1.986858 7.153656 -0.610098
v -1.783948 6.898548 -0.453100
v -1.812409 6.944317 -0.577369
v -1.972772 6.969464 -0.605345
v -1.815086 6.953665 -0.360891
v -1.990538 7.157225 -0.496662
v -1.900451 7.035197 -0.341762
v -1.786135 7.165451 -0.360537
v -1.661468 7.021157 -0.470813
v -1.697373 7.080295 -0.379698
v -1.880552 7.292067 -0.515701
v -1.692502 7.070271 -0.596672
v -1.761986 7.210591 -0.640902
v -1.877392 7.287674 -0.627394
v -1.863742 7.284667 -0.410847
v -0.884158 8.325479 -0.168073
v -0.510313 8.488110 -0.888226
v -0.521679 8.421509 -0.055384
v 0.000000 8.322500 0.091526
v -0.366217 7.759903 -0.183834
v -0.371970 7.783312 -0.649282
v 0.000000 8.616345 -0.017025
v -0.509589 8.902400 -0.521387
v 0.000000 8.949587 -0.848502
v -0.488454 8.936381 -0.775167
v -0.000000 7.672973 -0.699916
v -0.421984 7.621686 -0.409127
v -0.000000 7.661595 -0.106837
v 0.000000 8.434099 -0.876035
v 0.000000 8.897823 -0.225523
v -0.418214 8.687026 -0.192049
v -0.774764 7.932587 -0.220477
v -0.956270 8.539603 -0.299698
v -0.299100 9.072422 -0.519361
v 0.000000 9.115232 -0.716804
v -0.245385 9.127091 -0.667436
v -0.231429 8.957232 -0.331083
v 0.000000 9.095333 -0.279438
v -0.220674 9.204350 -0.491844
v 0.000000 9.260744 -0.682234
v -0.156881 9.260718 -0.629049
v -0.166673 9.145998 -0.359599
v 0.000000 9.270075 -0.243388
v -0.184483 9.470121 -0.467986
v 0.000000 9.526590 -0.641060
v -0.114596 9.534590 -0.605013
v -0.164875 9.337944 -0.317310
v -0.456469 2.389304 -0.779572
v -0.317002 2.355934 -0.634088
v -0.747962 4.935974 -0.715101
v -0.276714 2.309755 -0.432757
v -0.792194 4.973274 -0.402944
v -0.753462 4.942479 -0.036723
v -0.078478 4.605086 -0.340475
v -0.176290 4.620557 -0.616252
v -0.661441 2.278001 -0.294320
v -0.424039 4.680163 -0.813502
v -0.407763 4.688166 0.070791
v -0.677895 2.906313 -0.565215
v -0.680354 2.906292 -0.184674
v -0.685684 2.331124 -0.525921
v -0.478675 2.906315 -0.616779
v -0.472905 2.906290 -0.124255
v -0.466582 3.827586 -0.705114
v -0.276623 3.885986 -0.519107
v -0.216642 3.893609 -0.264063
v -0.734625 3.927876 -0.629960
v -0.736839 3.933584 -0.088635
v -0.768913 3.945695 -0.381608
v -0.658942 2.376022 -0.721666
v -0.456898 3.832533 -0.002736
v -0.450604 2.262439 -0.226470
v -0.455252 0.911247 -0.804587
v -0.353656 0.911242 -0.702623
v -0.324308 0.911237 -0.616436
v -0.604566 0.911230 -0.464493
v -0.622227 0.911238 -0.626813
v -0.602746 0.911245 -0.764003
v -0.450980 0.911227 -0.416939
v -0.455252 0.405889 -0.903232
v -0.353142 0.399402 -0.820464
v -0.320899 0.405879 -0.699982
v -0.604566 0.462910 -0.373636
v -0.669826 0.405873 -0.597562
v -0.574234 0.405884 -0.819662
v -0.450980 0.462907 -0.328382
v 0.000000 9.303069 -0.173764
v -0.297601 9.581860 -0.440041
v 0.000000 9.661499 -0.718065
v -0.188721 9.692265 -0.695061
v -0.341475 9.420551 -0.231405
v -0.457139 9.703050 -0.439210
v 0.000000 9.739454 -0.789313
v -0.292526 9.844288 -0.789855
v -0.452346 9.508484 -0.119237
v -0.599091 9.942504 -0.432558
v 0.000000 10.015490 -0.959569
v -0.417907 10.066211 -0.823352
v -0.567626 9.721331 -0.059373
v -0.682235 10.371526 -0.415929
v 0.000000 10.504376 -1.046257
v -0.501050 10.507205 -0.910487
v -0.650769 10.183610 -0.029442
v -0.249392 9.273635 0.154930
v -0.119441 9.221173 0.171229
v 0.000000 9.173365 0.182090
v -0.588080 9.964110 0.236154
v -0.000000 9.567772 0.365534
v -0.000000 9.927216 0.412029
v -0.210103 9.878977 0.346124
v -0.063726 9.595297 0.343564
v -0.665606 10.602039 -0.351488
v 0.000000 10.859937 -0.893798
v -0.484985 10.787806 -0.783259
v -0.634141 10.465845 0.052862
v -0.571451 10.389141 0.312000
v -0.000000 10.327976 0.523515
v -0.337275 10.373846 0.506945
v -0.585349 10.853509 -0.324434
v 0.000000 11.034063 -0.757178
v -0.449191 10.879518 -0.703787
v -0.526464 10.840524 0.098931
v -0.476957 10.624277 0.370607
v -0.000000 10.662481 0.493678
v -0.290587 10.660683 0.458327
v -0.000000 11.175817 -0.272559
v -0.000000 11.147230 -0.475177
v -0.000000 11.056890 0.129104
v -0.314265 11.080943 -0.510058
v -0.377445 11.073132 -0.284665
v -0.309719 10.972024 0.114600
v -0.000000 11.113285 -0.629118
v -0.157565 4.590276 -0.156958
v -0.334920 2.906295 -0.225982
v -0.317723 2.315248 -0.340710
v -0.270636 3.873008 -0.147455
v -0.355888 0.905689 -0.497004
v -0.380831 0.405868 -0.487731
v -0.455252 0.022761 -0.849736
v -0.323676 0.022757 -0.768725
v -0.313665 0.022747 -0.562599
v -0.604566 0.022738 -0.389979
v -0.676175 0.022744 -0.516425
v -0.583767 0.022759 -0.811114
v -0.450980 0.022736 -0.344725
v -0.345245 0.022733 -0.286775
v -0.789821 0.355420 0.317836
v -0.912126 0.270637 0.278853
v -0.395125 0.270636 0.298547
v -0.556336 0.355420 0.316035
v -0.789821 -0.000130 0.283083
v -0.912126 -0.000128 0.254969
v -0.395125 -0.000130 0.286251
v -0.556336 -0.000130 0.295420
v -0.813170 0.266561 0.558749
v -0.903573 0.204277 0.434159
v -0.525336 0.204268 0.600796
v -0.646011 0.266559 0.632727
v -0.846158 0.023264 0.636626
v -0.945368 0.023267 0.570307
v -0.454153 0.023260 0.718104
v -0.618502 0.023259 0.738689
v -0.538175 0.316494 -0.042943
v -0.433206 0.274908 -0.117078
v -0.786949 0.030964 -0.174480
v -0.709450 0.030961 -0.111228
v -0.785507 0.274911 -0.182592
v -0.425123 0.030959 -0.081749
v -0.538175 0.030959 -0.085028
v -0.709450 0.316495 -0.069143
v -0.677343 2.806297 -0.202125
v -0.341449 2.906309 -0.487229
v -0.469355 2.803817 -0.140523
v -0.688172 3.048486 -0.171381
v -0.301809 2.906300 -0.307949
v -0.704208 2.906304 -0.390910
v -0.470689 3.034496 -0.107435
v -0.778092 7.860741 -0.694613
v -0.738380 7.784255 -0.431566
v -1.040626 8.622019 -0.515953
v -0.504936 9.523390 0.238884
v 0.718391 10.253531 -0.395437
v 0.651513 10.028004 -0.379093
v 0.673007 10.119057 -0.407231
v 0.731238 10.321888 -0.359232
v 0.617605 10.005615 -0.299050
v 0.696493 10.328495 -0.281947
v 0.622287 10.105015 -0.281906
v 0.664340 10.262289 -0.260550
v 0.670404 10.291173 -0.448584
v 0.585789 9.984499 -0.423163
v 0.611966 10.108850 -0.458526
v 0.684746 10.389036 -0.398998
v 0.541027 9.957969 -0.315516
v 0.635457 10.398687 -0.295308
v 0.554797 10.088823 -0.297225
v 0.600971 10.305046 -0.275782
v 0.749366 10.262759 -0.445092
v 0.737799 10.277888 -0.470587
v 0.635121 9.971213 -0.409620
v 0.656754 9.994749 -0.391786
v 0.671098 10.104553 -0.483135
v 0.690934 10.109846 -0.458508
v 0.740685 10.385355 -0.378164
v 0.750844 10.353317 -0.363682
v 0.579675 9.940815 -0.279879
v 0.608195 9.966835 -0.279720
v 0.682582 10.395704 -0.257351
v 0.701936 10.361494 -0.260605
v 0.603444 10.085957 -0.234650
v 0.578046 10.075384 -0.227617
v 0.630003 10.300311 -0.199248
v 0.653283 10.280401 -0.208269
v -0.718392 10.253532 -0.395437
v -0.651513 10.028005 -0.379094
v -0.673007 10.119057 -0.407231
v -0.731238 10.321888 -0.359232
v -0.617605 10.005615 -0.299051
v -0.696494 10.328496 -0.281947
v -0.622287 10.105015 -0.281906
v -0.664340 10.262289 -0.260550
v -0.670404 10.291173 -0.448584
v -0.585789 9.984500 -0.423163
v -0.611966 10.108851 -0.458526
v -0.684746 10.389036 -0.398998
v -0.541027 9.957969 -0.315517
v -0.635457 10.398689 -0.295308
v -0.554797 10.088823 -0.297225
v -0.600971 10.305048 -0.275782
v -0.749367 10.262760 -0.445092
v -0.737799 10.277888 -0.470587
v -0.635121 9.971214 -0.409621
v -0.656754 9.994749 -0.391786
v -0.671098 10.104553 -0.483135
v -0.690934 10.109846 -0.458508
v -0.740685 10.385357 -0.378164
v -0.750844 10.353317 -0.363682
v -0.579675 9.940815 -0.279879
v -0.608195 9.966837 -0.279720
v -0.682582 10.395704 -0.257351
v -0.701936 10.361494 -0.260605
v -0.603444 10.085958 -0.234650
v -0.578046 10.075386 -0.227617
v -0.630003 10.300312 -0.199248
v -0.653283 10.280403 -0.208269
v 0.103317 9.617252 0.362280
v 0.541352 9.716421 0.269852
v -0.540479 9.711793 0.269109
v -0.000000 9.605328 0.514990
v -0.102947 9.615455 0.361752
v 1.210136 8.309323 -0.744873
v 0.984247 8.540124 -0.710954
v 0.922821 8.328923 -0.845352
v 1.457392 7.838949 -0.363331
v 1.173435 8.304537 -0.292468
v 0.860173 7.688815 -0.439173
v 1.146817 7.435632 -0.455237
v 1.200825 7.527296 -0.315575
v 0.964686 7.734167 -0.249451
v 1.482311 7.839448 -0.695185
v 1.197377 7.507923 -0.648120
v 0.912320 7.796073 -0.701192
v 1.974685 7.149845 -0.387014
v 2.337285 6.754900 -0.207256
v 1.986858 7.153656 -0.610098
v 2.349062 6.761674 -0.556926
v 1.661468 7.021157 -0.470813
v 1.697373 7.080295 -0.379698
v 1.692502 7.070271 -0.596672
v 1.754484 7.015484 -0.590232
v 2.694830 6.287349 -0.108009
v 2.704466 6.289402 -0.359918
v 2.547007 6.114677 -0.329718
v 2.162033 6.514774 -0.499732
v 2.150393 6.527102 -0.198924
v 2.575861 6.145019 -0.071757
v 2.841852 5.858569 0.020354
v 2.885553 5.904047 0.049412
v 2.928568 5.956042 0.008792
v 2.936663 5.959115 -0.172660
v 2.898665 5.912252 -0.197361
v 2.842618 5.852386 -0.159822
v 3.233707 5.311113 0.310959
v 3.233707 5.311113 0.310959
v 3.233707 5.311113 0.310959
v 3.169531 5.130348 0.328069
v 3.688072 4.852184 0.357729
v 3.700037 4.708315 0.355889
v 3.700037 4.708315 0.355889
v 3.388015 5.344081 0.288153
v 3.629900 4.698897 0.343651
v 3.629900 4.698897 0.343651
v 3.244347 5.620645 -0.155577
v 3.116009 5.736245 -0.117005
v 3.073595 5.271792 0.195836
v 3.073595 5.271792 0.195836
v 3.073595 5.271792 0.195836
v 3.404356 5.239149 -0.200169
v 3.404356 5.239149 -0.200169
v 3.404650 5.090116 -0.231076
v 3.342274 5.065660 -0.196741
v 3.342274 5.065660 -0.196741
v 3.303998 5.140199 -0.158072
v 3.303998 5.140199 -0.158072
v 3.627170 4.848735 0.240730
v 3.647407 4.698996 0.268729
v 3.647407 4.698996 0.268729
v 3.706596 4.710828 0.276045
v 3.706596 4.710828 0.276045
v 3.450776 4.884229 -0.142453
v 3.450776 4.884229 -0.142453
v 3.466529 4.867276 -0.047741
v 3.466529 4.867276 -0.047741
v 2.967606 5.771474 0.087073
v 3.066245 5.636456 0.177364
v 3.555192 5.029680 -0.079405
v 3.539749 4.816769 -0.065966
v 3.631185 5.029186 0.137761
v 3.635821 4.799629 0.152029
v 3.150297 5.417617 0.353483
v 3.150297 5.417617 0.353483
v 3.535912 4.991900 0.150720
v 3.535912 4.991900 0.150720
v 3.537756 4.790100 0.154450
v 3.126357 5.567269 -0.227082
v 3.229210 5.388128 -0.278544
v 3.432446 5.126603 0.160845
v 3.432446 5.126603 0.160845
v 3.541594 5.240260 0.150635
v 3.541594 5.240260 0.150635
v 3.707093 4.857995 0.247254
v 3.625930 4.815490 0.050091
v 3.577164 4.639226 0.078996
v 3.577164 4.639226 0.078996
v 3.435027 5.034272 -0.158182
v 3.435027 5.034272 -0.158182
v 3.040348 5.093996 0.282495
v 3.578877 4.630702 0.159407
v 3.578877 4.630702 0.159407
v 3.510019 4.660300 0.143748
v 3.510019 4.660300 0.143748
v 3.645479 5.062384 0.231855
v 3.129537 4.985388 0.381300
v 3.129537 4.985388 0.381300
v 3.523959 5.015461 0.021799
v 3.523959 5.015461 0.021799
v 3.497471 5.237861 0.298423
v 3.398240 5.167981 0.299096
v 3.549123 5.008996 0.311432
v 3.455135 5.039404 -0.041626
v 3.455135 5.039404 -0.041626
v 2.981847 5.625127 -0.143060
v 2.935985 5.734264 -0.130408
v 3.024457 5.338032 0.055085
v 3.508529 4.671958 0.064162
v 3.508529 4.671958 0.064162
v 3.629542 5.041374 0.342900
v 3.543795 4.809546 0.050952
v 3.321373 4.971792 -0.184067
v 3.047631 4.969820 0.357433
v 3.047631 4.969820 0.357433
v 3.047463 5.517384 -0.218795
v 3.384308 4.963696 -0.209693
v 3.043978 5.675185 -0.164539
v 3.516846 5.032729 -0.168756
v 3.461063 4.691598 -0.036480
v 3.461063 4.691598 -0.036480
v 3.279592 5.268944 0.321448
v 3.409856 4.738981 -0.019300
v 3.409856 4.738981 -0.019300
v 3.232955 5.184519 -0.267391
v 3.136639 5.327674 -0.253178
v 3.500627 5.256812 -0.032514
v 3.500627 5.256812 -0.032514
v 3.612161 5.043369 0.030757
v 2.964529 5.575411 0.084433
v 2.917375 5.727458 0.030148
v 3.140477 5.134846 0.417251
v 3.401500 5.148884 -0.012110
v 3.401500 5.148884 -0.012110
v 3.419569 4.692353 -0.097359
v 3.419569 4.692353 -0.097359
v 3.306007 5.068606 -0.279833
v 3.306007 5.068606 -0.279833
v 3.374303 5.089325 -0.302678
v 3.352786 4.968564 -0.281414
v 3.381598 4.750547 -0.109277
v 3.381598 4.750547 -0.109277
v 3.133019 5.721407 0.109396
v 3.022110 5.823236 0.059849
v 3.282091 4.977182 -0.256827
v 3.320302 4.861508 -0.165231
v 3.320302 4.861508 -0.165231
v 3.009248 5.120897 0.382396
v 3.014035 4.972304 0.427191
v 3.014035 4.972304 0.427191
v 2.984184 5.781140 -0.152192
v 3.285946 4.890592 -0.161507
v 3.285946 4.890592 -0.161507
v 3.106409 4.987652 0.441268
v 3.106409 4.987652 0.441268
v 3.241704 4.896980 -0.226402
v 3.241704 4.896980 -0.226402
v 3.606421 4.848080 0.326446
v 3.319848 5.238134 -0.287828
v 3.001195 5.370868 0.317219
v 3.287017 4.841147 -0.218881
v 3.287017 4.841147 -0.218881
v 3.563262 5.013041 0.223460
v 3.505602 4.837703 -0.144500
v 3.027470 5.829654 -0.114970
v 1.783948 6.898548 -0.453100
v 1.725894 6.969271 -0.472763
v 1.812409 6.944317 -0.577369
v 1.815086 6.953665 -0.360891
v 1.759533 7.024337 -0.387726
v 1.877392 7.287674 -0.627394
v 1.926850 7.218599 -0.618908
v 1.863742 7.284667 -0.410847
v 1.914612 7.215280 -0.416796
v 0.778092 7.860741 -0.694613
v 0.778092 7.860741 -0.694613
v 0.738380 7.784255 -0.431566
v 0.738380 7.784255 -0.431566
v 0.738380 7.784255 -0.431566
v 0.774764 7.932587 -0.220477
v 0.774764 7.932587 -0.220477
v 1.040626 8.622019 -0.515953
v -0.943502 4.543257 0.251309
v -1.088820 3.678370 0.350459
v -0.798183 5.218639 0.152326
v -0.000000 3.588544 0.491134
v -0.000000 3.588544 0.491134
v -0.000000 3.588544 0.491134
v -0.000000 4.528858 0.373187
v -0.000000 4.528858 0.373187
v 0.779181 5.239807 -0.930678
v 0.631883 3.936027 0.626840
v 0.631883 3.936027 0.626840
v -0.522643 4.071253 -1.498869
v -0.522643 4.071253 -1.498869
v -1.062899 3.720886 -1.126593
v 0.540094 4.951788 0.431341
v 0.491777 5.287091 0.349392
v 1.083263 3.680177 0.366316
v -0.000000 5.189862 0.255620
v -0.000000 5.189862 0.255620
v -1.131651 4.686692 -0.075549
v -1.216001 4.176161 -0.047804
v -1.145381 4.561385 -0.882653
v -0.917858 5.378711 -0.792912
v -1.271909 3.882511 -0.911519
v -0.991010 5.290723 -0.075619
v -1.306511 3.701228 -0.237215
v 1.006908 5.250160 -0.100701
v 1.202234 4.568855 -0.090069
v 1.152724 3.728944 0.250839
v 1.351573 3.887548 -0.079448
v 1.351573 3.887548 -0.079448
v 1.289252 3.650918 -0.350686
v 0.668445 3.923072 -1.465665
v 0.668445 3.923072 -1.465665
v 0.533482 4.633572 -1.307859
v 0.494545 5.214044 -1.209952
v 1.023652 3.686566 -1.138882
v -0.012366 3.776644 -1.388637
v -0.012366 3.776644 -1.388637
v -0.523283 4.586633 -1.391598
v -0.403618 5.288888 -1.226370
v -0.787358 7.831169 -0.738479
v -0.787358 7.831169 -0.738479
v -0.894134 7.768247 -0.743374
v -1.494215 7.859283 -0.329934
v -1.209270 8.325782 -0.258567
v -0.826241 7.647382 -0.435198
v -1.112935 7.394217 -0.450617
v -1.186062 7.502225 -0.270429
v -0.949303 7.709127 -0.204498
v -1.245605 8.331853 -0.778326
v -1.518191 7.857821 -0.730679
v -2.079041 7.229073 -0.283073
v -2.405825 6.851949 -0.098962
v -2.111019 7.217222 -0.724160
v -2.435123 6.843014 -0.680057
v -1.529034 6.922601 -0.451517
v -1.609629 7.037796 -0.255799
v -1.594175 7.016301 -0.709102
v -1.685966 6.936180 -0.700227
v -2.827960 6.487397 0.086607
v -2.874016 6.454182 -0.627500
v -2.384413 5.942129 -0.562354
v -2.100004 6.432603 -0.602099
v -2.070323 6.471054 -0.080410
v -2.421617 6.053101 0.185435
v -2.650083 5.698169 0.345989
v -2.869375 5.930745 0.479714
v -3.108477 6.158871 0.297026
v -3.186859 6.119994 -0.468766
v -2.978206 5.868217 -0.612567
v -2.687270 5.607904 -0.430215
v -1.698026 6.753302 -0.429090
v -1.617292 6.851928 -0.458623
v -1.768270 6.829573 -0.678438
v -1.760067 6.868449 -0.233809
v -1.689955 6.963954 -0.268783
v -1.952100 7.412353 -0.748891
v -2.022919 7.310608 -0.738135
v -1.933323 7.412475 -0.320103
v -2.003221 7.318244 -0.330281
v -1.176278 7.479850 -0.688756
v -3.441853 5.836765 -0.449029
v -3.124368 5.647516 0.499450
v -2.905077 5.414940 0.365725
v -3.363471 5.875643 0.316762
v -2.840563 5.283367 0.005803
v -3.233202 5.584988 -0.592830
v -2.942265 5.324676 -0.410479
v -0.756244 7.733850 -0.426622
v -0.756244 7.733850 -0.426622
v -0.904075 8.336027 -0.100956
v -1.076076 8.661842 -0.509465
v -0.793415 7.916755 -0.172666
v -0.793415 7.916755 -0.172666
v -0.793415 7.916755 -0.172666
v -1.014358 8.570951 -0.743012
v 0.756244 7.733850 -0.426622
v 0.756244 7.733850 -0.426622
v 0.793415 7.916755 -0.172666
v 0.793415 7.916755 -0.172666
v 0.793415 7.916755 -0.172666
v 1.494215 7.859283 -0.329934
v 1.209270 8.325782 -0.258567
v 0.826241 7.647382 -0.435198
v 1.112935 7.394217 -0.450617
v 1.186062 7.502225 -0.270429
v 0.949303 7.709127 -0.204498
v 1.245605 8.331853 -0.778326
v 1.518191 7.857821 -0.730679
v 2.079041 7.229073 -0.283073
v 2.405825 6.851949 -0.098962
v 2.111019 7.217222 -0.724160
v 2.435123 6.843014 -0.680057
v 1.529034 6.922601 -0.451517
v 1.609629 7.037796 -0.255799
v 1.594175 7.016301 -0.709102
v 1.685966 6.936180 -0.700227
v 2.827960 6.487397 0.086607
v 2.874016 6.454182 -0.627500
v 2.384413 5.942129 -0.562354
v 2.100004 6.432603 -0.602099
v 2.070323 6.471054 -0.080410
v 2.421617 6.053101 0.185435
v 2.650083 5.698169 0.345989
v 2.869375 5.930745 0.479714
v 3.108477 6.158871 0.297026
v 3.186859 6.119994 -0.468766
v 2.978206 5.868217 -0.612567
v 2.687270 5.607904 -0.430215
v 1.698026 6.753302 -0.429090
v 1.617292 6.851928 -0.458623
v 1.768270 6.829573 -0.678438
v 1.760067 6.868449 -0.233809
v 1.689955 6.963954 -0.268783
v 1.952100 7.412353 -0.748891
v 2.022919 7.310608 -0.738135
v 1.933323 7.412475 -0.320103
v 2.003221 7.318244 -0.330281
v 1.176278 7.479850 -0.688756
v 0.904075 8.336027 -0.100956
v 0.894134 7.768247 -0.743374
v 3.316762 5.975708 -0.458712
v 2.999277 5.786458 0.489768
v 2.779985 5.553883 0.356043
v 3.238380 6.014585 0.307080
v 2.715472 5.422309 -0.003880
v 3.108110 5.723931 -0.602512
v 2.817173 5.463618 -0.420161
v 1.014358 8.570951 -0.743012
v 0.787358 7.831169 -0.738479
v 0.787358 7.831169 -0.738479
v 1.076076 8.661842 -0.509465
v -0.573913 6.907874 -0.774827
v -0.677580 6.178783 -0.787904
v -0.544412 6.871369 -0.014912
v -0.628888 6.125972 0.039169
v 0.628888 6.125972 0.039169
v 0.670249 5.893237 0.065130
v 0.670249 5.893237 0.065130
v 0.573913 6.907874 -0.774827
v 0.677580 6.178783 -0.787904
v 0.544412 6.871369 -0.014912
v 0.644178 7.771642 -0.853657
v 0.642428 7.755179 0.132556
v -0.670249 5.893237 0.065131
v -0.670249 5.893237 0.065131
v -0.670249 5.893237 0.065131
v -0.788858 5.842126 -0.071529
v -0.788858 5.842126 -0.071529
v -0.000000 5.946934 -0.998479
v -0.000000 5.946934 -0.998479
v 0.460265 5.794571 -1.022234
v 0.460265 5.794571 -1.022234
v -0.654292 5.925792 -0.844503
v -0.654292 5.925792 -0.844503
v -0.654292 5.925792 -0.844503
v -0.363795 5.906526 -0.974611
v -0.363795 5.906526 -0.974611
v -0.754162 5.976044 -0.366780
v 0.426432 5.740546 0.244582
v 0.426432 5.740546 0.244582
v 0.654292 5.925792 -0.844503
v 0.654292 5.925792 -0.844503
v -0.130535 7.811865 0.283846
v -0.130535 7.811865 0.283846
v -0.127297 7.766330 0.284141
v 0.454743 9.046683 -0.510514
v 0.450893 9.048803 -0.805973
v -0.588307 7.140712 -0.791177
v -0.595782 7.083274 -0.816123
v -0.595782 7.083274 -0.816123
v 0.222495 8.497068 -0.971326
v -0.021406 8.015480 -0.973251
v 0.238497 8.408772 0.134976
v 0.238497 8.408772 0.134976
v 0.211335 8.436548 0.092567
v -0.180933 7.755400 -0.919747
v -0.137015 7.775110 -0.962718
v 0.396126 9.022690 -0.822189
v 0.430789 9.034286 -0.849491
v 0.430789 9.034286 -0.849491
v 0.430789 9.034286 -0.849491
v 0.384064 8.812844 -0.160396
v -0.564168 7.003699 0.027682
v 0.356610 8.748726 -0.096778
v 0.000360 8.128254 -0.937389
v 0.031677 8.122047 -0.979134
v 0.007499 8.075874 0.262503
v 0.510822 8.970711 -0.809895
v -0.000000 5.848910 0.151777
v -0.000000 5.848910 0.151777
v -0.000000 5.848910 0.151777
v 0.000000 8.642263 0.028380
v 0.000000 8.642263 0.028380
v 0.000000 8.333553 0.160957
v 0.000000 8.333553 0.160957
v -0.295609 9.084757 -0.176195
v -0.295609 9.084757 -0.176195
v -0.237779 9.095523 -0.218496
v -0.351604 9.098950 -0.735583
v -0.510822 8.970711 -0.809895
v -0.280468 8.843757 -0.222103
v -0.280468 8.843757 -0.222103
v -0.280468 8.843757 -0.222103
v -0.231946 8.911739 -0.260095
v -0.231946 8.911739 -0.260095
v -0.231946 8.911739 -0.260095
v -0.231946 8.911739 -0.260095
v -0.404645 9.053673 -0.505840
v -0.539119 8.945163 -0.507819
v -0.000000 9.171097 -0.859922
v -0.333767 9.185667 -0.771548
v -0.333767 9.185667 -0.771548
v -0.435031 9.109239 -0.493810
v -0.435031 9.109239 -0.493810
v -0.290669 8.900972 -0.217794
v -0.290669 8.900972 -0.217794
v -0.435611 9.319566 -0.461154
v -0.435611 9.319566 -0.461154
v -0.332371 9.402965 -0.723593
v -0.332371 9.402965 -0.723593
v 0.295609 9.084757 -0.176195
v 0.295609 9.084757 -0.176195
v 0.237779 9.095523 -0.218496
v 0.435031 9.109239 -0.493810
v 0.435031 9.109239 -0.493810
v 0.290669 8.900972 -0.217794
v 0.290669 8.900972 -0.217794
v 0.333767 9.185667 -0.771548
v 0.333767 9.185667 -0.771548
v -0.000000 9.433151 -0.800606
v 0.332371 9.402965 -0.723593
v 0.332371 9.402965 -0.723593
v 0.435611 9.319566 -0.461154
v 0.435611 9.319566 -0.461154
v 0.231946 8.911739 -0.260095
v 0.231946 8.911739 -0.260095
v -0.000000 9.014038 -0.074291
v -0.000000 9.014038 -0.074291
v 0.280468 9.014038 -0.227173
v 0.000000 8.436703 -0.929569
v 0.000000 8.436703 -0.929569
v -0.000000 8.970476 -0.897706
v -0.000000 8.970476 -0.897706
v -0.000000 9.085736 -0.807494
v -0.000000 9.085736 -0.807494
v -0.000000 9.148170 -0.758629
v -0.000000 9.148170 -0.758629
v -0.000000 9.148170 -0.758629
v -0.000000 9.148170 -0.758629
v -0.265361 9.168415 -0.695331
v -0.265361 9.168415 -0.695331
v -0.265361 9.168415 -0.695331
v -0.265361 9.168415 -0.695331
v -0.331805 9.112448 -0.504768
v -0.331805 9.112448 -0.504768
v -0.331805 9.112448 -0.504768
v -0.331805 9.112448 -0.504768
v 0.265361 9.168415 -0.695331
v 0.265361 9.168415 -0.695331
v 0.331805 9.112448 -0.504768
v 0.331805 9.112448 -0.504768
v -0.642428 7.755179 0.132556
v -0.559076 7.003589 0.007150
v -0.559076 7.003589 0.007150
v 0.351604 9.098950 -0.735583
v 0.440454 9.027388 -0.777052
v 0.440454 9.027388 -0.777052
v -0.699095 6.757257 -0.381921
v -0.699095 6.757257 -0.381921
v 0.404645 9.053673 -0.505840
v 0.441202 9.024174 -0.506378
v 0.441202 9.024174 -0.506378
v -0.644178 7.771642 -0.853657
v -0.588180 7.083254 -0.790831
v -0.588180 7.083254 -0.790831
v -0.636829 6.866800 -0.266787
v 0.327054 8.699315 -0.107019
v 0.209706 8.373341 0.102913
v 0.361005 8.778606 -0.185693
v -0.181144 7.697433 -0.919295
v 0.000000 8.069979 -0.936921
v 0.000000 8.069979 -0.936921
v 0.000000 8.069979 -0.936921
v -0.648456 6.877560 -0.501371
v -0.167985 7.686689 0.234545
v 0.000000 8.036539 0.209506
v 0.000000 8.036539 0.209506
v 0.000000 8.036539 0.209506
v 0.398021 8.970659 -0.829285
v 0.196338 8.458132 -0.933846
v -0.231693 8.835152 -0.276202
v -0.275173 8.774234 -0.242158
v 0.000000 8.763420 -0.069221
v 0.000000 8.763420 -0.069221
v 0.000000 8.763420 -0.069221
v 0.000000 8.763420 -0.069221
v 0.000000 8.763420 -0.069221
v -0.280468 9.014038 -0.227173
v 0.280468 8.843757 -0.222103
v -0.261636 9.065151 -0.666205
v -0.321175 9.015001 -0.495447
v -0.023853 9.047010 -0.722925
v -0.023853 8.702246 -0.105164
v 0.018377 5.026640 -0.364263
v 0.018377 5.026640 -0.364263
v 0.140668 5.159628 -0.644771
v 0.681839 5.557269 -0.740088
v 0.652298 5.929110 -0.813343
v -0.000000 5.173144 -0.254496
v -0.000000 5.173144 -0.254496
v -0.000000 5.054358 -0.518970
v -0.000000 5.054358 -0.518970
v -0.000000 5.054358 -0.518970
v 0.355010 5.520038 -0.864001
v 0.113022 5.161974 -0.193128
v 0.348964 5.464923 0.005957
v 0.369962 5.199900 -0.868157
v 0.039591 4.930476 -0.321105
v 0.352428 5.164472 0.050589
v 0.667833 5.901826 0.033289
v 0.705789 5.496442 0.041582
v 0.768896 4.936523 -0.732434
v 0.419496 4.677392 -0.840148
v 0.051512 4.601800 -0.339281
v 0.773980 4.942933 -0.018899
v 0.402170 4.686888 0.097352
v 0.064558 3.892150 -0.225823
v 0.735058 3.078799 -0.065108
v 0.735058 3.078799 -0.065108
v 0.831433 2.892987 -0.124545
v 0.831433 2.892987 -0.124545
v 0.429195 3.808178 0.170776
v 0.440894 3.801167 -0.878365
v 0.159840 3.152164 -0.261766
v 0.850384 3.941822 -0.761252
v 0.853728 3.949959 0.038073
v 0.460605 3.251416 0.081327
v 0.482357 2.658438 -0.123815
v 0.490213 2.852737 -0.004285
v 0.622062 0.479451 -0.361010
v 0.622062 0.479451 -0.361010
v 0.622062 0.479451 -0.361010
v 0.696466 0.408691 -0.602220
v 0.437916 0.477180 -0.309291
v 0.437916 0.477180 -0.309291
v 0.594212 0.406403 -0.838086
v 0.623296 0.912254 -0.781767
v 0.449501 0.913831 -0.831017
v 0.452253 0.406915 -0.930218
v 0.625866 0.911818 -0.447612
v 0.443355 0.911118 -0.390857
v 0.305023 0.005876 -0.779033
v 0.305023 0.005876 -0.779033
v 0.453635 0.004406 -0.869714
v 0.453635 0.004406 -0.869714
v 0.599767 0.005890 -0.825202
v 0.599767 0.005890 -0.825202
v 0.694181 0.003215 -0.522228
v 0.293256 0.004824 -0.561330
v 0.324711 0.005707 -0.281500
v 0.531088 0.342493 -0.039313
v 0.408720 0.285577 -0.111986
v 0.372635 0.285560 0.301838
v 0.805674 0.012095 -0.180196
v 0.931538 -0.018876 0.251652
v 0.809993 0.285841 -0.187106
v 0.935564 0.284318 0.277160
v 0.406304 0.011351 -0.080897
v 0.374816 -0.018162 0.287578
v 0.508242 0.219398 0.615557
v 0.508242 0.219398 0.615557
v 0.645360 0.286116 0.651591
v 0.645360 0.286116 0.651591
v 0.825530 0.285296 0.574085
v 0.859731 0.009005 0.655369
v 0.967400 0.011267 0.580787
v 0.967400 0.011267 0.580787
v 0.437025 0.011976 0.735943
v 0.437025 0.011976 0.735943
v 0.619350 0.010782 0.762816
v 0.619350 0.010782 0.762816
v 0.927639 0.215373 0.440239
v 0.748539 2.733093 -0.238379
v 0.831164 3.309039 -0.031871
v 0.485563 3.095458 0.049481
v 0.887772 2.858158 -0.444656
v 0.469760 3.128356 -0.795914
v 0.490973 2.864520 -0.829188
v 0.820356 3.169188 -0.699925
v 0.838635 2.861404 -0.736349
v 0.190382 2.858494 -0.312958
v 0.255296 2.861779 -0.610493
v 0.249698 2.856064 -0.166890
v 0.764978 2.737466 -0.753361
v 0.751392 2.451399 -0.919721
v 0.751392 2.451399 -0.919721
v 0.439711 2.472174 -1.008666
v 0.439711 2.472174 -1.008666
v 0.433253 2.289562 -0.188319
v 0.458191 2.589299 -0.156597
v 0.167751 2.359308 -0.506532
v 0.217785 2.655670 -0.386181
v 0.467174 2.757299 -0.838458
v 0.718586 2.635603 -0.243293
v 0.756252 2.311108 -0.293219
v -0.018377 5.026640 -0.364263
v -0.018377 5.026640 -0.364263
v -0.140668 5.159628 -0.644771
v -0.681839 5.557268 -0.740088
v -0.652298 5.929110 -0.813344
v -0.355010 5.520038 -0.864001
v -0.113022 5.161974 -0.193128
v -0.348964 5.464922 0.005957
v -0.369962 5.199899 -0.868157
v -0.039591 4.930476 -0.321105
v -0.352428 5.164472 0.050589
v -0.667833 5.901826 0.033289
v -0.705789 5.496442 0.041582
v -0.768896 4.936523 -0.732434
v -0.419496 4.677391 -0.840148
v -0.051512 4.601799 -0.339281
v -0.773980 4.942933 -0.018898
v -0.402171 4.686888 0.097352
v -0.064558 3.892149 -0.225823
v -0.735059 3.078798 -0.065107
v -0.735059 3.078798 -0.065107
v -0.831433 2.892986 -0.124545
v -0.831433 2.892986 -0.124545
v -0.429195 3.808178 0.170777
v -0.440894 3.801167 -0.878366
v -0.159840 3.152163 -0.261766
v -0.850384 3.941821 -0.761252
v -0.853728 3.949959 0.038074
v -0.460605 3.251416 0.081327
v -0.482357 2.658438 -0.123814
v -0.490213 2.852737 -0.004284
v -0.622062 0.479451 -0.361010
v -0.622062 0.479451 -0.361010
v -0.622062 0.479451 -0.361010
v -0.696466 0.408691 -0.602221
v -0.437916 0.477180 -0.309292
v -0.437916 0.477180 -0.309292
v -0.594212 0.406403 -0.838087
v -0.623296 0.912254 -0.781768
v -0.449501 0.913830 -0.831018
v -0.452253 0.406914 -0.930219
v -0.625866 0.911818 -0.447613
v -0.443355 0.911118 -0.390858
v -0.305023 0.005876 -0.779034
v -0.305023 0.005876 -0.779034
v -0.453634 0.004406 -0.869715
v -0.453634 0.004406 -0.869715
v -0.599767 0.005890 -0.825203
v -0.599767 0.005890 -0.825203
v -0.694181 0.003215 -0.522229
v -0.293256 0.004824 -0.561331
v -0.324711 0.005707 -0.281500
v -0.531088 0.342493 -0.039313
v -0.408720 0.285577 -0.111986
v -0.372635 0.285560 0.301839
v -0.805674 0.012095 -0.180197
v -0.931538 -0.018876 0.251652
v -0.809992 0.285841 -0.187106
v -0.935564 0.284318 0.277160
v -0.406303 0.011351 -0.080897
v -0.374816 -0.018162 0.287579
v -0.508242 0.219398 0.615558
v -0.508242 0.219398 0.615558
v -0.645360 0.286117 0.651592
v -0.645360 0.286117 0.651592
v -0.825530 0.285296 0.574086
v -0.859731 0.009005 0.655370
v -0.967399 0.011267 0.580787
v -0.967399 0.011267 0.580787
v -0.437025 0.011976 0.735944
v -0.437025 0.011976 0.735944
v -0.619350 0.010782 0.762818
v -0.619350 0.010782 0.762818
v -0.927639 0.215373 0.440240
v -0.748539 2.733093 -0.238379
v -0.831164 3.309039 -0.031871
v -0.485563 3.095458 0.049481
v -0.887772 2.858158 -0.444656
v -0.469760 3.128356 -0.795914
v -0.490973 2.864519 -0.829188
v -0.820356 3.169188 -0.699926
v -0.838635 2.861403 -0.736349
v -0.190382 2.858494 -0.312958
v -0.255296 2.861779 -0.610494
v -0.249698 2.856064 -0.166889
v -0.764978 2.737466 -0.753361
v -0.751392 2.451399 -0.919722
v -0.751392 2.451399 -0.919722
v -0.718586 2.635603 -0.243293
v -0.756252 2.311108 -0.293219
v -0.167751 2.359308 -0.506533
v -0.217785 2.655669 -0.386182
v -0.467174 2.757299 -0.838459
v -0.433253 2.289562 -0.188319
v -0.458191 2.589299 -0.156597
v -0.439711 2.472173 -1.008667
v -0.439711 2.472173 -1.008667
v -0.734807 10.206138 -0.488745
v -0.666036 9.985670 -0.605953
v -0.666036 9.985670 -0.605953
v -0.483218 10.894203 -0.657997
v -0.483218 10.894203 -0.657997
v -0.557628 10.872295 -0.337528
v -0.557628 10.872295 -0.337528
v -0.602766 10.748983 -0.728379
v -0.760702 10.531279 -0.431537
v -0.694117 10.222187 -0.670664
v -0.699419 10.550735 -0.711629
v -0.692637 10.724008 -0.331079
v -0.692637 10.724008 -0.331079
v -0.703305 10.216129 -0.474928
v -0.634791 9.996761 -0.591729
v -0.634791 9.996761 -0.591729
v -0.457980 10.885180 -0.651492
v -0.457980 10.885180 -0.651492
v -0.532389 10.863272 -0.331022
v -0.532389 10.863272 -0.331022
v -0.574927 10.743597 -0.720085
v -0.729169 10.535485 -0.419480
v -0.662581 10.232006 -0.656914
v -0.668019 10.554165 -0.699831
v -0.664264 10.719515 -0.322383
v -0.664264 10.719515 -0.322383
v -0.651708 10.260412 0.320045
v -0.670800 10.023885 0.216299
v -0.670800 10.023885 0.216299
v -0.554200 10.902830 -0.058332
v -0.554200 10.902830 -0.058332
v -0.415624 10.920666 0.240326
v -0.415624 10.920666 0.240326
v -0.681180 10.760830 -0.029587
v -0.635775 10.486778 0.350816
v -0.731575 10.254003 0.150965
v -0.759845 10.471823 0.092033
v -0.759238 10.605766 0.046023
v -0.507497 10.784899 0.338928
v -0.609155 10.627701 0.357417
v -0.588493 10.276956 0.301617
v -0.607491 10.042328 0.198443
v -0.607491 10.042328 0.198443
v -0.506036 10.886143 -0.076072
v -0.506036 10.886143 -0.076072
v -0.367460 10.903976 0.222586
v -0.367460 10.903976 0.222586
v -0.629878 10.747897 -0.048013
v -0.573059 10.499048 0.331458
v -0.668383 10.270269 0.132456
v -0.697201 10.483662 0.072607
v -0.700388 10.605080 0.026321
v -0.455512 10.772858 0.320360
v -0.549661 10.628483 0.337653
v 0.795519 10.479004 0.027220
v 0.828990 10.254375 -0.097259
v 0.828990 10.254375 -0.097259
v 0.452949 11.089737 -0.246697
v 0.452949 11.089737 -0.246697
v 0.415726 11.071417 0.080406
v 0.415726 11.071417 0.080406
v 0.608857 10.979087 -0.270444
v 0.743917 10.695623 0.080667
v 0.817142 10.493284 -0.158081
v 0.779767 10.712870 -0.203943
v 0.737031 10.844055 -0.235909
v 0.560008 10.957895 0.134171
v 0.692351 10.826966 0.107141
v 0.689673 10.482701 0.032338
v 0.722678 10.260920 -0.090995
v 0.722678 10.260920 -0.090995
v 0.379892 11.048050 -0.252196
v 0.379892 11.048050 -0.252196
v 0.342669 11.029732 0.074908
v 0.342669 11.029732 0.074908
v 0.529715 10.942046 -0.274957
v 0.639707 10.693008 0.083598
v 0.711379 10.496571 -0.153131
v 0.675767 10.709627 -0.201205
v 0.642406 10.823069 -0.237067
v 0.479522 10.921976 0.129893
v 0.596291 10.807993 0.106397
v -0.477380 11.097057 -0.059342
v -0.002878 11.221624 -0.748998
v -0.527421 10.475172 -0.982938
v -0.097051 9.640568 -0.735050
v -0.000214 9.642580 -0.744784
v -0.233134 9.649462 -0.645689
v -0.233134 9.649462 -0.645689
v -0.579347 9.976425 -0.645345
v -0.707806 10.412779 -0.594592
v -0.707806 10.412779 -0.594592
v -0.739928 10.439636 -0.237210
v -0.739928 10.439636 -0.237210
v -0.698975 10.265838 -0.168650
v -0.669487 10.063250 -0.185796
v -0.669487 10.063250 -0.185796
v -0.706145 10.146851 0.010988
v -0.706145 10.146851 0.010988
v -0.695866 10.312429 0.005207
v -0.721214 10.483640 -0.003236
v -0.721214 10.483640 -0.003236
v -0.676578 10.414263 0.230106
v -0.676578 10.414263 0.230106
v -0.497643 10.452593 0.456895
v -0.497643 10.452593 0.456895
v -0.317541 10.659348 0.494681
v -0.317541 10.659348 0.494681
v -0.327515 10.360048 0.561358
v -0.327515 10.360048 0.561358
v -0.020010 10.635426 0.571764
v -0.020010 10.635426 0.571764
v -0.106479 10.395852 0.620662
v -0.106479 10.395852 0.620662
v 0.475441 11.098827 -0.059657
v 0.558218 10.494514 -0.915524
v 0.096637 9.641058 -0.733980
v 0.193651 9.650129 -0.706299
v 0.193651 9.650129 -0.706299
v 0.544880 10.017735 -0.679575
v 0.663253 10.410910 -0.578573
v 0.663253 10.410910 -0.578573
v 0.739925 10.439619 -0.237211
v 0.739925 10.439619 -0.237211
v 0.696708 10.266605 -0.167424
v 0.645276 10.064377 -0.195039
v 0.645276 10.064377 -0.195039
v 0.630223 10.187256 0.010038
v 0.630223 10.187256 0.010038
v 0.665067 10.318197 0.010179
v 0.718147 10.485139 -0.002885
v 0.718147 10.485139 -0.002885
v 0.625389 10.414228 0.275243
v 0.625389 10.414228 0.275243
v 0.456318 10.446424 0.501241
v 0.312325 10.658920 0.494599
v 0.312325 10.658920 0.494599
v 0.313203 10.358184 0.562840
v 0.313203 10.358184 0.562840
v 0.106239 10.396029 0.617238
v 0.106239 10.396029 0.617238
v 0.506068 10.303236 0.454877
v 0.606990 9.980824 0.327419
v 0.606990 9.980824 0.327419
v 0.634893 10.296503 0.264497
v -0.550616 10.590870 0.245690
v -0.362298 10.945532 0.129669
v -0.406767 11.024956 -0.074137
v -0.002987 11.130512 -0.703149
v -0.448568 10.476645 -0.918256
v -0.071006 9.703466 -0.659096
v 0.001390 9.704069 -0.663419
v -0.186086 9.714057 -0.582307
v -0.186086 9.714057 -0.582307
v -0.504077 10.015240 -0.588498
v -0.614270 10.421057 -0.554769
v -0.614270 10.421057 -0.554769
v -0.637953 10.438154 -0.235629
v -0.637953 10.438154 -0.235629
v -0.597551 10.276646 -0.169011
v -0.567885 10.068321 -0.178384
v -0.567885 10.068321 -0.178384
v -0.604543 10.151920 0.018400
v -0.604543 10.151920 0.018400
v -0.594600 10.324463 0.003165
v -0.620506 10.478419 -0.018551
v -0.620506 10.478419 -0.018551
v -0.586619 10.398376 0.184736
v -0.586619 10.398376 0.184736
v -0.430828 10.435949 0.381647
v -0.430828 10.435949 0.381647
v -0.392586 11.007720 -0.008997
v -0.281030 10.617625 0.409067
v -0.281030 10.617625 0.409067
v -0.301830 10.334976 0.465886
v -0.301830 10.334976 0.465886
v -0.018391 10.593657 0.478723
v -0.018391 10.593657 0.478723
v -0.080794 10.370781 0.525190
v -0.080794 10.370781 0.525190
v 0.404940 11.026575 -0.074237
v 0.478211 10.494671 -0.852261
v 0.072547 9.703245 -0.656806
v 0.146559 9.711752 -0.640054
v 0.146559 9.711752 -0.640054
v 0.460399 10.054523 -0.635833
v 0.566579 10.418808 -0.547017
v 0.566579 10.418808 -0.547017
v 0.638083 10.444571 -0.234422
v 0.638083 10.444571 -0.234422
v 0.600140 10.291702 -0.188595
v 0.549769 10.091095 -0.218868
v 0.549769 10.091095 -0.218868
v 0.534717 10.213974 -0.013791
v 0.534717 10.213974 -0.013791
v 0.568306 10.342979 -0.010478
v 0.618214 10.484575 -0.023302
v 0.618214 10.484575 -0.023302
v 0.540271 10.403709 0.220036
v 0.540271 10.403709 0.220036
v 0.391642 11.008411 -0.009409
v 0.382639 10.429861 0.432683
v 0.274868 10.617304 0.409343
v 0.274868 10.617304 0.409343
v 0.289168 10.332378 0.467131
v 0.289168 10.332378 0.467131
v 0.082204 10.370224 0.521529
v 0.082204 10.370224 0.521529
v 0.422499 10.297977 0.396635
v 0.522512 9.976927 0.270394
v 0.522512 9.976927 0.270394
v 0.551116 10.291553 0.206528
v 0.521679 8.421509 -0.055384
v 0.000000 8.322500 0.091526
v 0.000000 8.322500 0.091526
v -0.000000 7.661595 -0.106837
v 0.245385 9.127091 -0.667436
v 0.488454 8.936381 -0.775167
v 0.166673 9.145998 -0.359599
v 0.000000 9.095333 -0.279438
v 0.156881 9.260718 -0.629049
v 0.220674 9.204350 -0.491844
v 0.677343 2.806297 -0.202125
v 0.661441 2.278002 -0.294320
v 0.216642 3.893611 -0.264063
v 0.078478 4.605086 -0.340475
v 0.688172 3.048486 -0.171381
v 0.680354 2.906293 -0.184675
v 0.456898 3.832534 -0.002737
v 0.407763 4.688167 0.070791
v 0.424039 4.680163 -0.813501
v 0.466582 3.827587 -0.705114
v 0.301809 2.906300 -0.307949
v 0.747962 4.935975 -0.715101
v 0.734625 3.927878 -0.629960
v 0.753462 4.942480 -0.036724
v 0.736838 3.933585 -0.088635
v 0.470689 3.034496 -0.107436
v 0.469355 2.803818 -0.140523
v 0.472905 2.906291 -0.124255
v 0.450980 0.911228 -0.416939
v 0.450604 2.262439 -0.226470
v 0.456469 2.389304 -0.779571
v 0.455252 0.911247 -0.804586
v 0.604566 0.911230 -0.464492
v 0.602746 0.911245 -0.764002
v 0.658942 2.376022 -0.721665
v 0.604566 0.462910 -0.373635
v 0.604566 0.462910 -0.373635
v 0.604566 0.462910 -0.373635
v 0.669826 0.405873 -0.597562
v 0.450980 0.462907 -0.328381
v 0.450980 0.462907 -0.328381
v 0.574234 0.405885 -0.819661
v 0.455252 0.405889 -0.903231
v 0.164875 9.337944 -0.317310
v 0.164875 9.337944 -0.317310
v 0.164875 9.337944 -0.317310
v 0.000000 9.270075 -0.243388
v 0.000000 9.270075 -0.243388
v 0.000000 9.270075 -0.243388
v 0.417907 10.066211 -0.823352
v 0.000000 10.504376 -1.046257
v 0.000000 10.504376 -1.046257
v 0.501050 10.507205 -0.910487
v 0.501050 10.507205 -0.910487
v 0.119441 9.221173 0.171229
v 0.000000 9.173365 0.182090
v 0.000000 9.173365 0.182090
v 0.249392 9.273635 0.154930
v -0.000000 9.605328 0.514990
v -0.000000 9.605328 0.514990
v -0.000000 9.605328 0.514990
v -0.000000 9.567772 0.365534
v -0.000000 9.567772 0.365534
v -0.000000 9.567772 0.365534
v -0.000000 9.927216 0.412029
v -0.000000 9.927216 0.412029
v 0.064059 9.596556 0.343934
v 0.103317 9.617252 0.362280
v 0.484985 10.787806 -0.783259
v 0.526464 10.840524 0.098931
v 0.476957 10.624277 0.370607
v 0.476957 10.624277 0.370607
v 0.290587 10.660683 0.458327
v -0.000000 10.662481 0.493678
v 0.571451 10.389141 0.312000
v 0.323676 0.022757 -0.768724
v 0.323676 0.022757 -0.768724
v 0.455252 0.022761 -0.849734
v 0.455252 0.022761 -0.849734
v 0.583767 0.022759 -0.811113
v 0.583767 0.022759 -0.811113
v 0.676175 0.022744 -0.516425
v 0.313665 0.022747 -0.562598
v 0.345245 0.022733 -0.286775
v 0.538175 0.316494 -0.042943
v 0.433206 0.274908 -0.117077
v 0.395125 0.270636 0.298546
v 0.786950 0.030964 -0.174480
v 0.912126 -0.000128 0.254968
v 0.785508 0.274911 -0.182591
v 0.912126 0.270637 0.278853
v 0.425123 0.030959 -0.081749
v 0.395125 -0.000130 0.286250
v 0.525336 0.204268 0.600796
v 0.525336 0.204268 0.600796
v 0.646011 0.266559 0.632726
v 0.646011 0.266559 0.632726
v 0.813171 0.266561 0.558749
v 0.846158 0.023264 0.636625
v 0.945368 0.023267 0.570306
v 0.945368 0.023267 0.570306
v 0.454153 0.023260 0.718104
v 0.454153 0.023260 0.718104
v 0.618502 0.023259 0.738688
v 0.618502 0.023259 0.738688
v 0.903573 0.204277 0.434158
v 0.677895 2.906313 -0.565215
v 0.478675 2.906316 -0.616779
v -1.210136 8.309323 -0.744873
v -0.984247 8.540124 -0.710954
v -0.922821 8.328923 -0.845352
v -1.457392 7.838949 -0.363331
v -1.173435 8.304537 -0.292468
v -0.860173 7.688815 -0.439173
v -1.146817 7.435632 -0.455237
v -1.200825 7.527296 -0.315575
v -0.964686 7.734167 -0.249451
v -1.482311 7.839448 -0.695185
v -1.197377 7.507923 -0.648120
v -0.912320 7.796073 -0.701192
v -1.974685 7.149845 -0.387014
v -2.337285 6.754900 -0.207256
v -1.986858 7.153656 -0.610098
v -2.349062 6.761674 -0.556926
v -1.661468 7.021157 -0.470813
v -1.697373 7.080295 -0.379698
v -1.692502 7.070271 -0.596672
v -1.754484 7.015484 -0.590232
v -2.694830 6.287349 -0.108009
v -2.704466 6.289402 -0.359918
v -2.547007 6.114677 -0.329718
v -2.162033 6.514774 -0.499732
v -2.150393 6.527102 -0.198924
v -2.575861 6.145019 -0.071757
v -2.841852 5.858569 0.020354
v -2.885553 5.904047 0.049412
v -2.928568 5.956042 0.008792
v -2.936663 5.959115 -0.172660
v -2.898665 5.912252 -0.197361
v -2.842618 5.852386 -0.159822
v -3.233707 5.311113 0.310959
v -3.233707 5.311113 0.310959
v -3.233707 5.311113 0.310959
v -3.169531 5.130348 0.328069
v -3.688072 4.852184 0.357729
v -3.700037 4.708315 0.355889
v -3.700037 4.708315 0.355889
v -3.388015 5.344081 0.288153
v -3.629900 4.698897 0.343651
v -3.629900 4.698897 0.343651
v -3.244347 5.620645 -0.155577
v -3.116009 5.736245 -0.117005
v -3.073595 5.271792 0.195836
v -3.073595 5.271792 0.195836
v -3.073595 5.271792 0.195836
v -3.404356 5.239149 -0.200169
v -3.404356 5.239149 -0.200169
v -3.404650 5.090116 -0.231076
v -3.342274 5.065660 -0.196741
v -3.342274 5.065660 -0.196741
v -3.303998 5.140199 -0.158072
v -3.303998 5.140199 -0.158072
v -3.627170 4.848735 0.240730
v -3.647407 4.698996 0.268729
v -3.647407 4.698996 0.268729
v -3.706596 4.710828 0.276045
v -3.706596 4.710828 0.276045
v -3.450776 4.884229 -0.142453
v -3.450776 4.884229 -0.142453
v -3.466529 4.867276 -0.047741
v -3.466529 4.867276 -0.047741
v -2.967606 5.771474 0.087073
v -3.066245 5.636456 0.177364
v -3.555192 5.029680 -0.079405
v -3.539749 4.816769 -0.065966
v -3.631185 5.029186 0.137761
v -3.635821 4.799629 0.152029
v -3.150297 5.417617 0.353483
v -3.150297 5.417617 0.353483
v -3.535912 4.991900 0.150720
v -3.535912 4.991900 0.150720
v -3.537756 4.790100 0.154450
v -3.126357 5.567269 -0.227082
v -3.229210 5.388128 -0.278544
v -3.432446 5.126603 0.160845
v -3.432446 5.126603 0.160845
v -3.541594 5.240260 0.150635
v -3.541594 5.240260 0.150635
v -3.707093 4.857995 0.247254
v -3.625930 4.815490 0.050091
v -3.577164 4.639226 0.078996
v -3.577164 4.639226 0.078996
v -3.435027 5.034272 -0.158182
v -3.435027 5.034272 -0.158182
v -3.040348 5.093996 0.282495
v -3.578877 4.630702 0.159407
v -3.578877 4.630702 0.159407
v -3.510019 4.660300 0.143748
v -3.510019 4.660300 0.143748
v -3.645479 5.062384 0.231855
v -3.129537 4.985388 0.381300
v -3.129537 4.985388 0.381300
v -3.523959 5.015461 0.021799
v -3.523959 5.015461 0.021799
v -3.497471 5.237861 0.298423
v -3.398240 5.167981 0.299096
v -3.549123 5.008996 0.311432
v -3.455135 5.039404 -0.041626
v -3.455135 5.039404 -0.041626
v -2.981847 5.625127 -0.143060
v -2.935985 5.734264 -0.130408
v -3.024457 5.338032 0.055085
v -3.508529 4.671958 0.064162
v -3.508529 4.671958 0.064162
v -3.629542 5.041374 0.342900
v -3.543795 4.809546 0.050952
v -3.321373 4.971792 -0.184067
v -3.047631 4.969820 0.357433
v -3.047631 4.969820 0.357433
v -3.047463 5.517384 -0.218795
v -3.384308 4.963696 -0.209693
v -3.043978 5.675185 -0.164539
v -3.516846 5.032729 -0.168756
v -3.461063 4.691598 -0.036480
v -3.461063 4.691598 -0.036480
v -3.279592 5.268944 0.321448
v -3.409856 4.738981 -0.019300
v -3.409856 4.738981 -0.019300
v -3.232955 5.184519 -0.267391
v -3.136639 5.327674 -0.253178
v -3.500627 5.256812 -0.032514
v -3.500627 5.256812 -0.032514
v -3.612161 5.043369 0.030757
v -2.964529 5.575411 0.084433
v -2.917375 5.727458 0.030148
v -3.140477 5.134846 0.417251
v -3.401500 5.148884 -0.012110
v -3.401500 5.148884 -0.012110
v -3.419569 4.692353 -0.097359
v -3.419569 4.692353 -0.097359
v -3.306007 5.068606 -0.279833
v -3.306007 5.068606 -0.279833
v -3.374303 5.089325 -0.302678
v -3.352786 4.968564 -0.281414
v -3.381598 4.750547 -0.109277
v -3.381598 4.750547 -0.109277
v -3.133019 5.721407 0.109396
v -3.022110 5.823236 0.059849
v -3.282091 4.977182 -0.256827
v -3.320302 4.861508 -0.165231
v -3.320302 4.861508 -0.165231
v -3.009248 5.120897 0.382396
v -3.014035 4.972304 0.427191
v -3.014035 4.972304 0.427191
v -2.984184 5.781140 -0.152192
v -3.285946 4.890592 -0.161507
v -3.285946 4.890592 -0.161507
v -3.106409 4.987652 0.441268
v -3.106409 4.987652 0.441268
v -3.241704 4.896980 -0.226402
v -3.241704 4.896980 -0.226402
v -3.606421 4.848080 0.326446
v -3.319848 5.238134 -0.287828
v -3.001195 5.370868 0.317219
v -3.287017 4.841147 -0.218881
v -3.287017 4.841147 -0.218881
v -3.563262 5.013041 0.223460
v -3.505602 4.837703 -0.144500
v -3.027470 5.829654 -0.114970
v -1.783948 6.898548 -0.453100
v -1.725894 6.969271 -0.472763
v -1.812409 6.944317 -0.577369
v -1.815086 6.953665 -0.360891
v -1.759533 7.024337 -0.387726
v -1.877392 7.287674 -0.627394
v -1.926850 7.218599 -0.618908
v -1.863742 7.284667 -0.410847
v -1.914612 7.215280 -0.416796
v -0.778092 7.860741 -0.694613
v -0.778092 7.860741 -0.694613
v -0.738380 7.784255 -0.431566
v -0.738380 7.784255 -0.431566
v -0.738380 7.784255 -0.431566
v -1.040626 8.622019 -0.515953
v -0.421984 7.621686 -0.409127
v -0.521679 8.421509 -0.055384
v -0.371970 7.783312 -0.649282
v -0.366217 7.759903 -0.183834
v -0.774764 7.932587 -0.220477
v -0.774764 7.932587 -0.220477
v -0.245385 9.127091 -0.667436
v -0.488454 8.936381 -0.775167
v -0.166673 9.145998 -0.359599
v -0.156881 9.260718 -0.629049
v -0.220674 9.204350 -0.491844
v -0.677343 2.806297 -0.202125
v -0.661441 2.278001 -0.294320
v -0.216642 3.893609 -0.264063
v -0.078478 4.605086 -0.340475
v -0.688172 3.048486 -0.171381
v -0.680354 2.906292 -0.184674
v -0.456898 3.832533 -0.002736
v -0.407763 4.688166 0.070791
v -0.424039 4.680163 -0.813502
v -0.466582 3.827586 -0.705114
v -0.301809 2.906300 -0.307949
v -0.747962 4.935974 -0.715101
v -0.734625 3.927876 -0.629960
v -0.753462 4.942479 -0.036723
v -0.736839 3.933584 -0.088635
v -0.470689 3.034496 -0.107435
v -0.469355 2.803817 -0.140523
v -0.472905 2.906290 -0.124255
v -0.450980 0.911227 -0.416939
v -0.450604 2.262439 -0.226470
v -0.456469 2.389304 -0.779572
v -0.455252 0.911247 -0.804587
v -0.604566 0.911230 -0.464493
v -0.602746 0.911245 -0.764003
v -0.658942 2.376022 -0.721666
v -0.604566 0.462910 -0.373636
v -0.604566 0.462910 -0.373636
v -0.604566 0.462910 -0.373636
v -0.669826 0.405873 -0.597562
v -0.450980 0.462907 -0.328382
v -0.450980 0.462907 -0.328382
v -0.574234 0.405884 -0.819662
v -0.455252 0.405889 -0.903232
v -0.164875 9.337944 -0.317310
v -0.164875 9.337944 -0.317310
v -0.164875 9.337944 -0.317310
v -0.417907 10.066211 -0.823352
v -0.501050 10.507205 -0.910487
v -0.501050 10.507205 -0.910487
v -0.504936 9.523390 0.238884
v -0.249392 9.273635 0.154930
v -0.119441 9.221173 0.171229
v -0.063726 9.595297 0.343564
v -0.102947 9.615455 0.361752
v -0.484985 10.787806 -0.783259
v -0.526464 10.840524 0.098931
v -0.476957 10.624277 0.370607
v -0.476957 10.624277 0.370607
v -0.290587 10.660683 0.458327
v -0.571451 10.389141 0.312000
v -0.323676 0.022757 -0.768725
v -0.323676 0.022757 -0.768725
v -0.455252 0.022761 -0.849736
v -0.455252 0.022761 -0.849736
v -0.583767 0.022759 -0.811114
v -0.583767 0.022759 -0.811114
v -0.676175 0.022744 -0.516425
v -0.313665 0.022747 -0.562599
v -0.345245 0.022733 -0.286775
v -0.538175 0.316494 -0.042943
v -0.433206 0.274908 -0.117078
v -0.395125 0.270636 0.298547
v -0.786949 0.030964 -0.174480
v -0.912126 -0.000128 0.254969
v -0.785507 0.274911 -0.182592
v -0.912126 0.270637 0.278853
v -0.425123 0.030959 -0.081749
v -0.395125 -0.000130 0.286251
v -0.525336 0.204268 0.600796
v -0.525336 0.204268 0.600796
v -0.646011 0.266559 0.632727
v -0.646011 0.266559 0.632727
v -0.813170 0.266561 0.558749
v -0.846158 0.023264 0.636626
v -0.945368 0.023267 0.570307
v -0.945368 0.023267 0.570307
v -0.454153 0.023260 0.718104
v -0.454153 0.023260 0.718104
v -0.618502 0.023259 0.738689
v -0.618502 0.023259 0.738689
v -0.903573 0.204277 0.434159
v -0.677895 2.906313 -0.565215
v -0.478675 2.906315 -0.616779
v 0.504936 9.523390 0.238884
v 0.541352 9.716421 0.269852
v 0.588080 9.964110 0.236154
v -0.588080 9.964110 0.236154
v 0.541027 9.957969 -0.315516
v 0.541027 9.957969 -0.315516
v 0.554797 10.088823 -0.297225
v 0.585789 9.984499 -0.423163
v 0.585789 9.984499 -0.423163
v 0.670404 10.291173 -0.448584
v 0.684746 10.389036 -0.398998
v 0.684746 10.389036 -0.398998
v 0.611966 10.108850 -0.458526
v 0.635457 10.398687 -0.295308
v 0.635457 10.398687 -0.295308
v 0.600971 10.305046 -0.275782
v 0.579675 9.940815 -0.279879
v 0.579675 9.940815 -0.279879
v 0.579675 9.940815 -0.279879
v 0.608195 9.966835 -0.279720
v 0.608195 9.966835 -0.279720
v 0.603444 10.085957 -0.234650
v 0.578046 10.075384 -0.227617
v 0.635121 9.971213 -0.409620
v 0.635121 9.971213 -0.409620
v 0.635121 9.971213 -0.409620
v 0.656754 9.994749 -0.391786
v 0.656754 9.994749 -0.391786
v 0.749366 10.262759 -0.445092
v 0.749366 10.262759 -0.445092
v 0.737799 10.277888 -0.470587
v 0.737799 10.277888 -0.470587
v 0.740685 10.385355 -0.378164
v 0.740685 10.385355 -0.378164
v 0.740685 10.385355 -0.378164
v 0.750844 10.353317 -0.363682
v 0.750844 10.353317 -0.363682
v 0.671098 10.104553 -0.483135
v 0.690934 10.109846 -0.458508
v 0.682582 10.395704 -0.257351
v 0.682582 10.395704 -0.257351
v 0.682582 10.395704 -0.257351
v 0.701936 10.361494 -0.260605
v 0.701936 10.361494 -0.260605
v 0.653283 10.280401 -0.208269
v 0.630003 10.300311 -0.199248
v -0.541027 9.957969 -0.315517
v -0.541027 9.957969 -0.315517
v -0.554797 10.088823 -0.297225
v -0.585789 9.984500 -0.423163
v -0.585789 9.984500 -0.423163
v -0.670404 10.291173 -0.448584
v -0.684746 10.389036 -0.398998
v -0.684746 10.389036 -0.398998
v -0.611966 10.108851 -0.458526
v -0.635457 10.398689 -0.295308
v -0.635457 10.398689 -0.295308
v -0.600971 10.305048 -0.275782
v -0.579675 9.940815 -0.279879
v -0.579675 9.940815 -0.279879
v -0.579675 9.940815 -0.279879
v -0.608195 9.966837 -0.279720
v -0.608195 9.966837 -0.279720
v -0.603444 10.085958 -0.234650
v -0.578046 10.075386 -0.227617
v -0.635121 9.971214 -0.409621
v -0.635121 9.971214 -0.409621
v -0.635121 9.971214 -0.409621
v -0.656754 9.994749 -0.391786
v -0.656754 9.994749 -0.391786
v -0.749367 10.262760 -0.445092
v -0.749367 10.262760 -0.445092
v -0.737799 10.277888 -0.470587
v -0.737799 10.277888 -0.470587
v -0.740685 10.385357 -0.378164
v -0.740685 10.385357 -0.378164
v -0.740685 10.385357 -0.378164
v -0.750844 10.353317 -0.363682
v -0.750844 10.353317 -0.363682
v -0.671098 10.104553 -0.483135
v -0.690934 10.109846 -0.458508
v -0.682582 10.395704 -0.257351
v -0.682582 10.395704 -0.257351
v -0.682582 10.395704 -0.257351
v -0.701936 10.361494 -0.260605
v -0.701936 10.361494 -0.260605
v -0.653283 10.280403 -0.208269
v -0.630003 10.300312 -0.199248
v -0.540479 9.711793 0.269109
v 0.000000 9.526590 -0.641060
v 0.000000 9.526590 -0.641060
v 0.114596 9.534590 -0.605013
v 0.114596 9.534590 -0.605013
v -0.114596 9.534590 -0.605013
v -0.114596 9.534590 -0.605013
v 0.184483 9.470121 -0.467986
v 0.184483 9.470121 -0.467986
v -0.184483 9.470121 -0.467986
v -0.184483 9.470121 -0.467986
v 0.421984 7.621686 -0.409127
v 0.371970 7.783312 -0.649282
v 0.366217 7.759903 -0.183834
vt 0.413996 0.877163
vt 0.485507 0.877163
vt 0.485507 0.948674
vt 0.413996 0.948674
vt 0.413996 0.877163
vt 0.485507 0.877163
vt 0.485507 0.948674
vt 0.413996 0.948674
vt 0.413996 0.877163
vt 0.485507 0.877163
vt 0.485507 0.948674
vt 0.413996 0.948674
vt 0.413996 0.877163
vt 0.485507 0.877163
vt 0.485507 0.948674
vt 0.413996 0.948674
vt 0.413996 0.877163
vt 0.485507 0.877163
vt 0.485507 0.948674
vt 0.413996 0.948674
vt 0.413996 0.877163
vt 0.485507 0.877163
vt 0.485507 0.948674
vt 0.413996 0.948674
vt 0.413996 0.877163
vt 0.485507 0.877163
vt 0.485507 0.948674
vt 0.413996 0.948674
vt 0.413996 0.877163
vt 0.485507 0.877163
vt 0.485507 0.948674
vt 0.413996 0.948674
vt 0.413996 0.877163
vt 0.485507 0.877163
vt 0.485507 0.948674
vt 0.413996 0.948674
vt 0.413996 0.877163
vt 0.485507 0.877163
vt 0.485507 0.948674
vt 0.413996 0.948674
vt 0.413996 0.877163
vt 0.485507 0.877163
vt 0.485507 0.948674
vt 0.413996 0.948674
vt 0.413996 0.877163
vt 0.485507 0.877163
vt 0.485507 0.948674
vt 0.413996 0.948674
vt 0.413996 0.877163
vt 0.485507 0.877163
vt 0.485507 0.948674
vt 0.413996 0.948674
vt 0.413996 0.877163
vt 0.485507 0.877163
vt 0.485507 0.948674
vt 0.413996 0.948674
vt 0.413996 0.877163
vt 0.485507 0.877163
vt 0.485507 0.948674
vt 0.413996 0.948674
vt 0.413996 0.877163
vt 0.485507 0.877163
vt 0.485507 0.948674
vt 0.413996 0.948674
vt 0.413996 0.877163
vt 0.485507 0.877163
vt 0.485507 0.948674
vt 0.413996 0.948674
vt 0.413996 0.877163
vt 0.485507 0.877163
vt 0.485507 0.948674
vt 0.413996 0.948674
vt 0.413996 0.877163
vt 0.485507 0.877163
vt 0.485507 0.948674
vt 0.413996 0.948674
vt 0.413996 0.877163
vt 0.485507 0.877163
vt 0.485507 0.948674
vt 0.413996 0.948674
vt 0.413996 0.877163
vt 0.485507 0.877163
vt 0.485507 0.948674
vt 0.413996 0.948674
vt 0.413996 0.877163
vt 0.485507 0.877163
vt 0.485507 0.948674
vt 0.413996 0.948674
vt 0.413996 0.877163
vt 0.485507 0.877163
vt 0.485507 0.948674
vt 0.413996 0.948674
vt 0.413996 0.877163
vt 0.485507 0.877163
vt 0.485507 0.948674
vt 0.413996 0.948674
vt 0.413996 0.877163
vt 0.485507 0.877163
vt 0.485507 0.948674
vt 0.413996 0.948674
vt 0.413996 0.877163
vt 0.485507 0.877163
vt 0.485507 0.948674
vt 0.413996 0.948674
vt 0.413996 0.877163
vt 0.485507 0.877163
vt 0.485507 0.948674
vt 0.413996 0.948674
vt 0.413996 0.877163
vt 0.485507 0.877163
vt 0.485507 0.948674
vt 0.413996 0.948674
vt 0.413996 0.877163
vt 0.485507 0.877163
vt 0.485507 0.948674
vt 0.413996 0.948674
vt 0.413996 0.877163
vt 0.485507 0.877163
vt 0.485507 0.948674
vt 0.413996 0.948674
vt 0.413996 0.877163
vt 0.485507 0.877163
vt 0.485507 0.948674
vt 0.413996 0.948674
vt 0.413996 0.877163
vt 0.485507 0.877163
vt 0.485507 0.948674
vt 0.413996 0.948674
vt 0.413996 0.877163
vt 0.485507 0.877163
vt 0.485507 0.948674
vt 0.413996 0.948674
vt 0.413996 0.877163
vt 0.485507 0.877163
vt 0.485507 0.948674
vt 0.413996 0.948674
vt 0.413996 0.877163
vt 0.485507 0.877163
vt 0.485507 0.948674
vt 0.413996 0.948674
vt 0.413996 0.877163
vt 0.485507 0.877163
vt 0.485507 0.948674
vt 0.413996 0.948674
vt 0.413996 0.877163
vt 0.485507 0.877163
vt 0.485507 0.948674
vt 0.413996 0.948674
vt 0.413996 0.877163
vt 0.485507 0.877163
vt 0.485507 0.948674
vt 0.413996 0.948674
vt 0.413996 0.877163
vt 0.485507 0.877163
vt 0.485507 0.948674
vt 0.413996 0.948674
vt 0.413996 0.877163
vt 0.485507 0.877163
vt 0.485507 0.948674
vt 0.413996 0.948674
vt 0.413996 0.877163
vt 0.485507 0.877163
vt 0.485507 0.948674
vt 0.413996 0.948674
vt 0.413996 0.877163
vt 0.485507 0.877163
vt 0.485507 0.948674
vt 0.413996 0.948674
vt 0.413996 0.877163
vt 0.485507 0.877163
vt 0.485507 0.948674
vt 0.413996 0.948674
vt 0.413996 0.877163
vt 0.485507 0.877163
vt 0.485507 0.948674
vt 0.413996 0.948674
vt 0.413996 0.877163
vt 0.485507 0.877163
vt 0.485507 0.948674
vt 0.413996 0.948674
vt 0.413996 0.877163
vt 0.485507 0.877163
vt 0.485507 0.948674
vt 0.413996 0.948674
vt 0.413996 0.877163
vt 0.485507 0.877163
vt 0.485507 0.948674
vt 0.413996 0.948674
vt 0.413996 0.877163
vt 0.485507 0.877163
vt 0.485507 0.948674
vt 0.413996 0.948674
vt 0.413996 0.877163
vt 0.485507 0.877163
vt 0.485507 0.948674
vt 0.413996 0.948674
vt 0.413996 0.877163
vt 0.485507 0.877163
vt 0.485507 0.948674
vt 0.413996 0.948674
vt 0.485507 0.877163
vt 0.485507 0.948674
vt 0.413996 0.948674
vt 0.413996 0.877163
vt 0.485507 0.877163
vt 0.485507 0.948674
vt 0.413996 0.948674
vt 0.413996 0.877163
vt 0.485507 0.877163
vt 0.485507 0.948674
vt 0.413996 0.877163
vt 0.485507 0.877163
vt 0.485507 0.948674
vt 0.413996 0.948674
vt 0.413996 0.877163
vt 0.485507 0.877163
vt 0.485507 0.948674
vt 0.413996 0.948674
vt 0.413996 0.877163
vt 0.485507 0.877163
vt 0.485507 0.948674
vt 0.413996 0.948674
vt 0.413996 0.877163
vt 0.485507 0.877163
vt 0.485507 0.948674
vt 0.413996 0.948674
vt 0.413996 0.877163
vt 0.485507 0.877163
vt 0.485507 0.948674
vt 0.413996 0.948674
vt 0.485507 0.877163
vt 0.485507 0.948674
vt 0.413996 0.948674
vt 0.485507 0.877163
vt 0.485507 0.948674
vt 0.413996 0.948674
vt 0.413996 0.877163
vt 0.485507 0.877163
vt 0.485507 0.948674
vt 0.413996 0.948674
vt 0.413996 0.877163
vt 0.485507 0.877163
vt 0.485507 0.948674
vt 0.413996 0.948674
vt 0.413996 0.877163
vt 0.485507 0.877163
vt 0.485507 0.948674
vt 0.413996 0.948674
vt 0.413996 0.877163
vt 0.485507 0.877163
vt 0.485507 0.948674
vt 0.413996 0.948674
vt 0.485507 0.877163
vt 0.485507 0.948674
vt 0.413996 0.948674
vt 0.413996 0.877163
vt 0.485507 0.877163
vt 0.485507 0.948674
vt 0.413996 0.948674
vt 0.413996 0.877163
vt 0.485507 0.877163
vt 0.485507 0.948674
vt 0.413996 0.948674
vt 0.485507 0.877163
vt 0.485507 0.948674
vt 0.413996 0.948674
vt 0.413996 0.877163
vt 0.485507 0.877163
vt 0.485507 0.948674
vt 0.413996 0.948674
vt 0.413996 0.877163
vt 0.485507 0.877163
vt 0.485507 0.948674
vt 0.413996 0.948674
vt 0.413996 0.877163
vt 0.485507 0.877163
vt 0.485507 0.948674
vt 0.413996 0.948674
vt 0.413996 0.877163
vt 0.485507 0.877163
vt 0.485507 0.948674
vt 0.413996 0.948674
vt 0.485507 0.877163
vt 0.485507 0.948674
vt 0.413996 0.948674
vt 0.413996 0.877163
vt 0.485507 0.877163
vt 0.485507 0.948674
vt 0.413996 0.948674
vt 0.413996 0.877163
vt 0.485507 0.877163
vt 0.485507 0.948674
vt 0.485507 0.877163
vt 0.485507 0.948674
vt 0.413996 0.877163
vt 0.485507 0.877163
vt 0.485507 0.948674
vt 0.413996 0.948674
vt 0.413996 0.877163
vt 0.485507 0.877163
vt 0.485507 0.948674
vt 0.413996 0.948674
vt 0.413996 0.877163
vt 0.485507 0.877163
vt 0.485507 0.948674
vt 0.413996 0.948674
vt 0.485507 0.877163
vt 0.485507 0.948674
vt 0.413996 0.877163
vt 0.485507 0.877163
vt 0.485507 0.948674
vt 0.413996 0.948674
vt 0.413996 0.877163
vt 0.485507 0.877163
vt 0.485507 0.948674
vt 0.413996 0.948674
vt 0.485507 0.877163
vt 0.485507 0.948674
vt 0.413996 0.948674
vt 0.413996 0.877163
vt 0.485507 0.877163
vt 0.413996 0.948674
vt 0.485507 0.877163
vt 0.485507 0.948674
vt 0.413996 0.948674
vt 0.413996 0.877163
vt 0.485507 0.948674
vt 0.413996 0.948674
vt 0.413996 0.877163
vt 0.485507 0.877163
vt 0.485507 0.948674
vt 0.413996 0.948674
vt 0.413996 0.877163
vt 0.485507 0.948674
vt 0.413996 0.948674
vt 0.413996 0.877163
vt 0.485507 0.877163
vt 0.413996 0.948674
vt 0.485507 0.948674
vt 0.413996 0.948674
vt 0.413996 0.877163
vt 0.485507 0.877163
vt 0.485507 0.948674
vt 0.413996 0.948674
vt 0.413996 0.877163
vt 0.485507 0.948674
vt 0.413996 0.948674
vt 0.413996 0.877163
vt 0.485507 0.877163
vt 0.485507 0.948674
vt 0.413996 0.948674
vt 0.413996 0.877163
vt 0.485507 0.948674
vt 0.413996 0.948674
vt 0.413996 0.877163
vt 0.485507 0.877163
vt 0.485507 0.948674
vt 0.413996 0.948674
vt 0.413996 0.877163
vt 0.485507 0.877163
vt 0.485507 0.948674
vt 0.413996 0.877163
vt 0.413996 0.948674
vt 0.413996 0.877163
vt 0.413996 0.877163
vt 0.413996 0.948674
vt 0.413996 0.877163
vt 0.485507 0.877163
vt 0.485507 0.948674
vt 0.413996 0.877163
vt 0.485507 0.877163
vt 0.485507 0.948674
vt 0.413996 0.948674
vt 0.413996 0.877163
vt 0.485507 0.877163
vt 0.485507 0.948674
vt 0.413996 0.948674
vt 0.413996 0.877163
vt 0.485507 0.877163
vt 0.485507 0.948674
vt 0.413996 0.877163
vt 0.485507 0.948674
vt 0.413996 0.877163
vt 0.485507 0.877163
vt 0.485507 0.948674
vt 0.413996 0.948674
vt 0.413996 0.877163
vt 0.485507 0.877163
vt 0.485507 0.948674
vt 0.413996 0.948674
vt 0.413996 0.877163
vt 0.485507 0.877163
vt 0.485507 0.948674
vt 0.413996 0.948674
vt 0.413996 0.877163
vt 0.485507 0.877163
vt 0.485507 0.948674
vt 0.413996 0.948674
vt 0.413996 0.877163
vt 0.485507 0.877163
vt 0.485507 0.948674
vt 0.413996 0.948674
vt 0.413996 0.877163
vt 0.485507 0.877163
vt 0.485507 0.948674
vt 0.413996 0.948674
vt 0.413996 0.877163
vt 0.485507 0.877163
vt 0.485507 0.948674
vt 0.413996 0.948674
vt 0.413996 0.877163
vt 0.485507 0.877163
vt 0.485507 0.948674
vt 0.413996 0.948674
vt 0.413996 0.877163
vt 0.485507 0.877163
vt 0.485507 0.948674
vt 0.413996 0.948674
vt 0.413996 0.877163
vt 0.485507 0.877163
vt 0.485507 0.948674
vt 0.413996 0.948674
vt 0.413996 0.877163
vt 0.485507 0.877163
vt 0.485507 0.948674
vt 0.413996 0.948674
vt 0.413996 0.877163
vt 0.485507 0.877163
vt 0.485507 0.948674
vt 0.413996 0.948674
vt 0.413996 0.877163
vt 0.485507 0.877163
vt 0.485507 0.948674
vt 0.413996 0.948674
vt 0.413996 0.877163
vt 0.485507 0.877163
vt 0.485507 0.948674
vt 0.413996 0.948674
vt 0.413996 0.877163
vt 0.485507 0.877163
vt 0.485507 0.948674
vt 0.413996 0.948674
vt 0.413996 0.877163
vt 0.485507 0.877163
vt 0.485507 0.948674
vt 0.413996 0.948674
vt 0.413996 0.877163
vt 0.485507 0.877163
vt 0.485507 0.948674
vt 0.413996 0.948674
vt 0.413996 0.877163
vt 0.485507 0.877163
vt 0.485507 0.948674
vt 0.413996 0.948674
vt 0.413996 0.877163
vt 0.485507 0.877163
vt 0.485507 0.948674
vt 0.413996 0.948674
vt 0.413996 0.877163
vt 0.485507 0.877163
vt 0.485507 0.948674
vt 0.413996 0.948674
vt 0.413996 0.877163
vt 0.485507 0.877163
vt 0.485507 0.948674
vt 0.413996 0.948674
vt 0.413996 0.877163
vt 0.485507 0.877163
vt 0.485507 0.948674
vt 0.413996 0.948674
vt 0.413996 0.877163
vt 0.485507 0.877163
vt 0.485507 0.948674
vt 0.413996 0.948674
vt 0.413996 0.877163
vt 0.485507 0.877163
vt 0.485507 0.948674
vt 0.413996 0.948674
vt 0.413996 0.877163
vt 0.485507 0.877163
vt 0.485507 0.948674
vt 0.413996 0.948674
vt 0.413996 0.877163
vt 0.485507 0.877163
vt 0.485507 0.948674
vt 0.413996 0.948674
vt 0.413996 0.877163
vt 0.485507 0.877163
vt 0.485507 0.948674
vt 0.413996 0.948674
vt 0.413996 0.877163
vt 0.485507 0.877163
vt 0.485507 0.948674
vt 0.413996 0.948674
vt 0.413996 0.877163
vt 0.485507 0.877163
vt 0.485507 0.948674
vt 0.413996 0.948674
vt 0.413996 0.877163
vt 0.485507 0.877163
vt 0.485507 0.948674
vt 0.413996 0.948674
vt 0.413996 0.877163
vt 0.485507 0.877163
vt 0.485507 0.948674
vt 0.413996 0.948674
vt 0.413996 0.877163
vt 0.485507 0.877163
vt 0.485507 0.948674
vt 0.413996 0.948674
vt 0.413996 0.877163
vt 0.485507 0.877163
vt 0.485507 0.948674
vt 0.413996 0.948674
vt 0.413996 0.877163
vt 0.485507 0.877163
vt 0.485507 0.948674
vt 0.413996 0.948674
vt 0.413996 0.877163
vt 0.485507 0.877163
vt 0.485507 0.948674
vt 0.413996 0.948674
vt 0.413996 0.877163
vt 0.485507 0.877163
vt 0.485507 0.948674
vt 0.413996 0.948674
vt 0.413996 0.877163
vt 0.485507 0.877163
vt 0.485507 0.948674
vt 0.413996 0.948674
vt 0.413996 0.877163
vt 0.485507 0.877163
vt 0.485507 0.948674
vt 0.413996 0.948674
vt 0.413996 0.877163
vt 0.485507 0.877163
vt 0.485507 0.948674
vt 0.413996 0.948674
vt 0.413996 0.877163
vt 0.485507 0.877163
vt 0.485507 0.948674
vt 0.413996 0.948674
vt 0.413996 0.877163
vt 0.485507 0.877163
vt 0.485507 0.948674
vt 0.413996 0.948674
vt 0.413996 0.877163
vt 0.485507 0.877163
vt 0.485507 0.948674
vt 0.413996 0.948674
vt 0.413996 0.877163
vt 0.413996 0.877163
vt 0.485507 0.948674
vt 0.413996 0.877163
vt 0.485507 0.877163
vt 0.485507 0.948674
vt 0.413996 0.877163
vt 0.485507 0.877163
vt 0.413996 0.877163
vt 0.485507 0.948674
vt 0.413996 0.877163
vt 0.485507 0.877163
vt 0.485507 0.948674
vt 0.413996 0.877163
vt 0.485507 0.877163
vt 0.485507 0.948674
vt 0.413996 0.877163
vt 0.485507 0.877163
vt 0.485507 0.948674
vt 0.413996 0.877163
vt 0.485507 0.877163
vt 0.485507 0.948674
vt 0.413996 0.948674
vt 0.413996 0.877163
vt 0.485507 0.877163
vt 0.485507 0.948674
vt 0.413996 0.948674
vt 0.413996 0.877163
vt 0.485507 0.877163
vt 0.485507 0.948674
vt 0.413996 0.948674
vt 0.413996 0.877163
vt 0.485507 0.877163
vt 0.485507 0.948674
vt 0.413996 0.948674
vt 0.413996 0.877163
vt 0.485507 0.877163
vt 0.485507 0.948674
vt 0.413996 0.948674
vt 0.413996 0.877163
vt 0.485507 0.877163
vt 0.485507 0.948674
vt 0.413996 0.948674
vt 0.413996 0.877163
vt 0.485507 0.877163
vt 0.485507 0.948674
vt 0.413996 0.948674
vt 0.413996 0.877163
vt 0.485507 0.877163
vt 0.485507 0.948674
vt 0.413996 0.948674
vt 0.413996 0.877163
vt 0.485507 0.877163
vt 0.485507 0.948674
vt 0.413996 0.948674
vt 0.413996 0.877163
vt 0.485507 0.877163
vt 0.485507 0.948674
vt 0.413996 0.948674
vt 0.413996 0.877163
vt 0.485507 0.877163
vt 0.485507 0.948674
vt 0.413996 0.948674
vt 0.413996 0.877163
vt 0.485507 0.877163
vt 0.485507 0.948674
vt 0.413996 0.948674
vt 0.413996 0.877163
vt 0.485507 0.877163
vt 0.485507 0.948674
vt 0.413996 0.948674
vt 0.413996 0.877163
vt 0.485507 0.877163
vt 0.485507 0.948674
vt 0.413996 0.948674
vt 0.413996 0.877163
vt 0.485507 0.877163
vt 0.485507 0.948674
vt 0.413996 0.948674
vt 0.413996 0.877163
vt 0.485507 0.877163
vt 0.485507 0.948674
vt 0.413996 0.948674
vt 0.413996 0.877163
vt 0.485507 0.877163
vt 0.485507 0.948674
vt 0.413996 0.948674
vt 0.660975 0.122602
vt 0.742350 0.132056
vt 0.745807 0.208001
vt 0.649662 0.204607
vt 0.742350 0.132056
vt 0.739066 0.072594
vt 0.764506 0.066422
vt 0.773651 0.117911
vt 0.710822 0.518957
vt 0.730017 0.576381
vt 0.650339 0.602956
vt 0.635811 0.530515
vt 0.770738 0.504075
vt 0.710435 0.476936
vt 0.760908 0.470560
vt 0.154250 0.666712
vt 0.095349 0.682963
vt 0.117769 0.625716
vt 0.147979 0.621595
vt 0.084895 0.528265
vt 0.147992 0.538766
vt 0.139067 0.561918
vt 0.078575 0.554187
vt 0.000379 0.605336
vt 0.076344 0.592322
vt 0.117769 0.625716
vt 0.033709 0.640251
vt 0.012351 0.697151
vt 0.000379 0.605336
vt 0.033709 0.640251
vt 0.701118 0.428533
vt 0.764939 0.426985
vt 0.760908 0.470560
vt 0.710435 0.476936
vt 0.634365 0.404145
vt 0.663439 0.377471
vt 0.704194 0.380219
vt 0.635558 0.322137
vt 0.708995 0.335386
vt 0.704194 0.380219
vt 0.663439 0.377471
vt 0.770738 0.504075
vt 0.790952 0.552033
vt 0.800174 0.201228
vt 0.745807 0.208001
vt 0.778275 0.161960
vt 0.670418 0.065082
vt 0.739066 0.072594
vt 0.138206 0.590417
vt 0.147979 0.621595
vt 0.012351 0.697151
vt 0.033709 0.640251
vt 0.624884 0.578029
vt 0.551250 0.577431
vt 0.538908 0.508854
vt 0.624884 0.512439
vt 0.624883 0.632546
vt 0.561509 0.634432
vt 0.791528 0.294918
vt 0.783287 0.334421
vt 0.712554 0.312753
vt 0.730591 0.269513
vt 0.653758 0.297369
vt 0.647855 0.259165
vt 0.789839 0.060580
vt 0.800174 0.122304
vt 0.773651 0.117911
vt 0.764506 0.066422
vt 0.800174 0.201228
vt 0.778275 0.161960
vt 0.712554 0.312753
vt 0.783287 0.334421
vt 0.768140 0.349264
vt 0.653758 0.297369
vt 0.004347 0.577047
vt 0.023209 0.547960
vt 0.078575 0.554187
vt 0.004726 0.523434
vt 0.023209 0.547960
vt 0.139067 0.561918
vt 0.004347 0.577047
vt 0.004726 0.523434
vt 0.023209 0.547960
vt 0.635811 0.530515
vt 0.628983 0.452846
vt 0.654645 0.490570
vt 0.628983 0.452846
vt 0.654645 0.490570
vt 0.654645 0.490570
vt 0.634365 0.404145
vt 0.635558 0.322137
vt 0.663439 0.377471
vt 0.764677 0.390418
vt 0.764677 0.390418
vt 0.001386 0.139440
vt 0.028433 0.140059
vt 0.039825 0.165554
vt 0.011198 0.161909
vt 0.000379 0.116885
vt 0.029785 0.117318
vt 0.028433 0.140059
vt 0.034483 0.189892
vt 0.055998 0.189993
vt 0.056410 0.212110
vt 0.047071 0.212624
vt 0.058624 0.016505
vt 0.067338 0.019308
vt 0.056597 0.045462
vt 0.047203 0.040992
vt 0.005588 0.096509
vt 0.032401 0.097071
vt 0.000379 0.116885
vt 0.011198 0.161909
vt 0.055998 0.189993
vt 0.034483 0.189892
vt 0.017426 0.075272
vt 0.042437 0.076810
vt 0.032401 0.097071
vt 0.005588 0.096509
vt 0.047203 0.040992
vt 0.056597 0.045462
vt 0.079236 0.139972
vt 0.083776 0.166235
vt 0.084279 0.187904
vt 0.087886 0.207488
vt 0.080707 0.120802
vt 0.079236 0.139972
vt 0.087022 0.078923
vt 0.081924 0.099699
vt 0.092310 0.050709
vt 0.097702 0.028437
vt 0.092310 0.050709
vt 0.081924 0.099699
vt 0.084279 0.187904
vt 0.140270 0.122311
vt 0.151401 0.122038
vt 0.151146 0.141578
vt 0.139408 0.141529
vt 0.166239 0.171226
vt 0.215155 0.179913
vt 0.211208 0.201611
vt 0.164005 0.192765
vt 0.179750 0.078508
vt 0.210289 0.079765
vt 0.208021 0.100916
vt 0.162622 0.102485
vt 0.162622 0.102485
vt 0.208021 0.100916
vt 0.210591 0.127200
vt 0.163441 0.123684
vt 0.212972 0.154536
vt 0.163311 0.144687
vt 0.164005 0.192765
vt 0.211208 0.201611
vt 0.205155 0.223323
vt 0.161733 0.213584
vt 0.168332 0.056168
vt 0.213758 0.052267
vt 0.138070 0.078809
vt 0.155495 0.078433
vt 0.151042 0.101914
vt 0.139971 0.102173
vt 0.146529 0.056199
vt 0.156733 0.057221
vt 0.150883 0.033032
vt 0.160107 0.035088
vt 0.156733 0.057221
vt 0.146529 0.056199
vt 0.163311 0.144687
vt 0.212972 0.154536
vt 0.143711 0.168185
vt 0.154205 0.169041
vt 0.152207 0.191299
vt 0.142067 0.190081
vt 0.139408 0.141529
vt 0.151146 0.141578
vt 0.142067 0.190081
vt 0.152207 0.191299
vt 0.151005 0.212651
vt 0.141793 0.211348
vt 0.139971 0.102173
vt 0.151042 0.101914
vt 0.261228 0.130449
vt 0.263969 0.158564
vt 0.259382 0.079437
vt 0.257303 0.101321
vt 0.259833 0.044120
vt 0.214764 0.026369
vt 0.260817 0.009332
vt 0.259833 0.044120
vt 0.213758 0.052267
vt 0.257303 0.101321
vt 0.267433 0.186782
vt 0.262116 0.210066
vt 0.263969 0.158564
vt 0.262116 0.210066
vt 0.252272 0.236841
vt 0.300240 0.194882
vt 0.295704 0.219001
vt 0.299585 0.167951
vt 0.300240 0.194882
vt 0.295704 0.219001
vt 0.286281 0.247722
vt 0.298323 0.137151
vt 0.299585 0.167951
vt 0.297996 0.074105
vt 0.296871 0.104638
vt 0.296962 0.037142
vt 0.297996 0.074105
vt 0.295605 0.000806
vt 0.296962 0.037142
vt 0.296871 0.104638
vt 0.170918 0.033505
vt 0.168332 0.056168
vt 0.328862 0.102184
vt 0.329283 0.134723
vt 0.329018 0.199933
vt 0.323453 0.227920
vt 0.330249 0.168087
vt 0.329018 0.199933
vt 0.323453 0.227920
vt 0.315356 0.258408
vt 0.330249 0.168087
vt 0.330249 0.072406
vt 0.328862 0.102184
vt 0.329386 0.036210
vt 0.330249 0.072406
vt 0.327380 0.000379
vt 0.329386 0.036210
vt 0.310957 0.393323
vt 0.320423 0.415000
vt 0.348040 0.418517
vt 0.337050 0.393920
vt 0.309985 0.371563
vt 0.337050 0.393920
vt 0.338355 0.371981
vt 0.342886 0.441997
vt 0.355031 0.463927
vt 0.364041 0.463431
vt 0.363644 0.442093
vt 0.366177 0.274722
vt 0.355158 0.298346
vt 0.364222 0.302659
vt 0.374583 0.277427
vt 0.315011 0.351906
vt 0.309985 0.371563
vt 0.340878 0.352448
vt 0.320423 0.415000
vt 0.342886 0.441997
vt 0.363644 0.442093
vt 0.326431 0.331418
vt 0.315011 0.351906
vt 0.340878 0.352448
vt 0.350560 0.332902
vt 0.355158 0.298346
vt 0.364222 0.302659
vt 0.390442 0.419173
vt 0.386062 0.393836
vt 0.394407 0.458972
vt 0.390927 0.440079
vt 0.386062 0.393836
vt 0.387481 0.375342
vt 0.388656 0.354984
vt 0.393574 0.334940
vt 0.398675 0.307721
vt 0.398675 0.307721
vt 0.403877 0.286234
vt 0.388656 0.354984
vt 0.390927 0.440079
vt 0.444944 0.376798
vt 0.444113 0.395338
vt 0.455436 0.395386
vt 0.455682 0.376535
vt 0.469997 0.423989
vt 0.467842 0.444768
vt 0.513381 0.453303
vt 0.517189 0.432369
vt 0.483032 0.334540
vt 0.466508 0.357671
vt 0.510306 0.356157
vt 0.512494 0.335752
vt 0.466508 0.357671
vt 0.467298 0.378123
vt 0.512786 0.381514
vt 0.510306 0.356157
vt 0.467173 0.398385
vt 0.515083 0.407887
vt 0.467842 0.444768
vt 0.465651 0.464853
vt 0.507541 0.474249
vt 0.513381 0.453303
vt 0.472017 0.312987
vt 0.515841 0.309224
vt 0.442822 0.334830
vt 0.444656 0.357371
vt 0.455337 0.357120
vt 0.459632 0.334467
vt 0.450983 0.313017
vt 0.460826 0.314003
vt 0.455183 0.290667
vt 0.450983 0.313017
vt 0.460826 0.314003
vt 0.464081 0.292650
vt 0.467173 0.398385
vt 0.515083 0.407887
vt 0.448264 0.421055
vt 0.446678 0.442179
vt 0.456460 0.443354
vt 0.458388 0.421881
vt 0.444113 0.395338
vt 0.455436 0.395386
vt 0.446678 0.442179
vt 0.446414 0.462696
vt 0.455301 0.463953
vt 0.456460 0.443354
vt 0.444656 0.357371
vt 0.455337 0.357120
vt 0.564281 0.411773
vt 0.561637 0.384649
vt 0.557851 0.356549
vt 0.559856 0.335436
vt 0.560292 0.301364
vt 0.516811 0.284239
vt 0.515841 0.309224
vt 0.560292 0.301364
vt 0.561241 0.267803
vt 0.557851 0.356549
vt 0.562494 0.461460
vt 0.567623 0.438996
vt 0.564281 0.411773
vt 0.552997 0.487290
vt 0.562494 0.461460
vt 0.594898 0.470080
vt 0.599274 0.446811
vt 0.599274 0.446811
vt 0.598642 0.420829
vt 0.585807 0.497787
vt 0.594898 0.470080
vt 0.598642 0.420829
vt 0.597424 0.391115
vt 0.596023 0.359748
vt 0.597109 0.330292
vt 0.597109 0.330292
vt 0.596112 0.294632
vt 0.596112 0.294632
vt 0.594802 0.259577
vt 0.596023 0.359748
vt 0.474511 0.291123
vt 0.472017 0.312987
vt 0.627293 0.388773
vt 0.626887 0.357381
vt 0.621669 0.478684
vt 0.627038 0.451684
vt 0.627038 0.451684
vt 0.628225 0.420960
vt 0.613857 0.508096
vt 0.621669 0.478684
vt 0.628225 0.420960
vt 0.626887 0.357381
vt 0.628225 0.328653
vt 0.628225 0.328653
vt 0.627393 0.293733
vt 0.627393 0.293733
vt 0.625457 0.259165
vt 0.716613 0.827582
vt 0.674815 0.885175
vt 0.674815 0.885175
vt 0.716613 0.827582
vt 0.778025 0.796331
vt 0.841812 0.797175
vt 0.840956 0.819516
vt 0.779136 0.818810
vt 0.782678 0.905016
vt 0.826787 0.969223
vt 0.826787 0.969223
vt 0.782678 0.905016
vt 0.738273 0.807979
vt 0.778025 0.796331
vt 0.779136 0.818810
vt 0.738584 0.828100
vt 0.674671 0.997251
vt 0.629221 0.990717
vt 0.628983 0.970144
vt 0.670113 0.973243
vt 0.647947 0.905447
vt 0.647947 0.905447
vt 0.737515 0.993347
vt 0.674671 0.997251
vt 0.670113 0.973243
vt 0.735060 0.976763
vt 0.827373 0.971691
vt 0.834000 0.999621
vt 0.834000 0.999621
vt 0.635214 0.916825
vt 0.635214 0.916825
vt 0.835955 0.888299
vt 0.782384 0.892525
vt 0.743108 0.881801
vt 0.756235 0.892165
vt 0.756235 0.892165
vt 0.743108 0.881801
vt 0.675080 0.902495
vt 0.730477 0.908635
vt 0.095858 0.909230
vt 0.098580 0.836805
vt 0.042518 0.823204
vt 0.043744 0.903455
vt 0.948000 0.464711
vt 0.951623 0.398631
vt 0.905681 0.386991
vt 0.911553 0.466053
vt 0.900665 0.328720
vt 0.905681 0.386991
vt 0.932180 0.370931
vt 0.934840 0.333164
vt 0.894065 0.299455
vt 0.943451 0.308920
vt 0.910277 0.265250
vt 0.957430 0.289236
vt 0.069835 0.722228
vt 0.054732 0.703195
vt 0.011589 0.727587
vt 0.022768 0.745446
vt 0.920303 0.557038
vt 0.918171 0.535780
vt 0.859529 0.538079
vt 0.859790 0.559299
vt 0.911553 0.466053
vt 0.851648 0.398476
vt 0.860970 0.472631
vt 0.957430 0.544088
vt 0.956169 0.525027
vt 0.918171 0.535780
vt 0.920303 0.557038
vt 0.043360 0.992594
vt 0.039071 0.970009
vt 0.000379 0.967094
vt 0.000603 0.986448
vt 0.043744 0.903455
vt 0.042518 0.823204
vt 0.003986 0.842681
vt 0.007354 0.907413
vt 0.102479 0.988922
vt 0.100169 0.973321
vt 0.039071 0.970009
vt 0.043360 0.992594
vt 0.026443 0.816513
vt 0.002767 0.831795
vt 0.953814 0.387757
vt 0.932180 0.370931
vt 0.064071 0.762321
vt 0.069835 0.722228
vt 0.022768 0.745446
vt 0.027575 0.769398
vt 0.026443 0.816513
vt 0.827961 0.425660
vt 0.822642 0.393187
vt 0.211206 0.550526
vt 0.199480 0.588899
vt 0.195604 0.571301
vt 0.831029 0.486136
vt 0.813396 0.466519
vt 0.831029 0.486136
vt 0.850891 0.526107
vt 0.774811 0.000379
vt 0.753923 0.018694
vt 0.680396 0.008264
vt 0.738725 0.013479
vt 0.187635 0.616076
vt 0.211206 0.647255
vt 0.187635 0.616076
vt 0.199480 0.588899
vt 0.211206 0.647255
vt 0.187635 0.616076
vt 0.624884 0.685507
vt 0.571475 0.689805
vt 0.850891 0.324876
vt 0.829225 0.364957
vt 0.738725 0.013479
vt 0.753923 0.018694
vt 0.738725 0.013479
vt 0.774811 0.000379
vt 0.753923 0.018694
vt 0.829225 0.364957
vt 0.813396 0.466519
vt 0.827961 0.425660
vt 0.831029 0.486136
vt 0.813396 0.466519
vt 0.822642 0.393187
vt 0.829225 0.364957
vt 0.827961 0.425660
vt 0.822642 0.393187
vt 0.879642 0.335967
vt 0.856724 0.371081
vt 0.737515 0.796331
vt 0.737515 0.796331
vt 0.718985 0.828157
vt 0.736929 0.801330
vt 0.733371 0.831647
vt 0.674868 0.888595
vt 0.841812 0.966816
vt 0.828652 0.968924
vt 0.782615 0.902326
vt 0.087448 0.768405
vt 0.077084 0.723413
vt 0.101897 0.808545
vt 0.782384 0.892525
vt 0.761866 0.892242
vt 0.742692 0.876866
vt 0.675080 0.902495
vt 0.653305 0.904864
vt 0.674868 0.888595
vt 0.902909 0.260339
vt 0.889749 0.294449
vt 0.887611 0.302403
vt 0.077084 0.723413
vt 0.074183 0.717779
vt 0.782615 0.902326
vt 0.061879 0.698929
vt 0.634642 0.921725
vt 0.826574 0.968912
vt 0.827373 0.971691
vt 0.075496 0.716435
vt 0.063589 0.697909
vt 0.061879 0.698929
vt 0.074183 0.717779
vt 0.102479 0.803582
vt 0.090177 0.769115
vt 0.087448 0.768405
vt 0.101897 0.808545
vt 0.877111 0.336840
vt 0.857480 0.367000
vt 0.856724 0.371081
vt 0.879642 0.335967
vt 0.674815 0.885175
vt 0.716613 0.827582
vt 0.718985 0.828157
vt 0.674868 0.888595
vt 0.079274 0.723771
vt 0.077084 0.723413
vt 0.901147 0.259165
vt 0.888275 0.292739
vt 0.889749 0.294449
vt 0.902909 0.260339
vt 0.828652 0.968924
vt 0.079274 0.723771
vt 0.077084 0.723413
vt 0.885407 0.303410
vt 0.877111 0.336840
vt 0.879642 0.335967
vt 0.887611 0.302403
vt 0.737515 0.796331
vt 0.736929 0.801330
vt 0.834000 0.999621
vt 0.827373 0.971691
vt 0.228075 0.523434
vt 0.246313 0.529686
vt 0.248947 0.535200
vt 0.225735 0.526617
vt 0.109475 0.795743
vt 0.105413 0.767070
vt 0.142254 0.748581
vt 0.150531 0.779883
vt 0.206965 0.924678
vt 0.194429 0.925601
vt 0.166294 0.914846
vt 0.158247 0.842531
vt 0.208257 0.853267
vt 0.860574 0.076332
vt 0.862108 0.033142
vt 0.908253 0.035670
vt 0.906343 0.083123
vt 0.187566 0.783323
vt 0.186191 0.824161
vt 0.158247 0.842531
vt 0.195893 0.756835
vt 0.158386 0.711049
vt 0.210190 0.735052
vt 0.862108 0.033142
vt 0.814831 0.063148
vt 0.800932 0.045480
vt 0.843913 0.014676
vt 0.874198 0.017774
vt 0.882139 0.008410
vt 0.908253 0.016720
vt 0.907983 0.022572
vt 0.844665 0.143381
vt 0.906032 0.115715
vt 0.888531 0.149148
vt 0.806014 0.168444
vt 0.803478 0.157035
vt 0.826848 0.138118
vt 0.844665 0.143381
vt 0.186191 0.824161
vt 0.210190 0.841452
vt 0.822666 0.088008
vt 0.814831 0.063148
vt 0.826848 0.138118
vt 0.855986 0.005585
vt 0.862146 0.000379
vt 0.882139 0.008410
vt 0.874198 0.017774
vt 0.128718 0.733995
vt 0.124444 0.726491
vt 0.137033 0.697909
vt 0.144531 0.702532
vt 0.331007 0.212663
vt 0.361420 0.192996
vt 0.365787 0.195499
vt 0.337676 0.215796
vt 0.273078 0.525451
vt 0.276003 0.535234
vt 0.337252 0.224360
vt 0.337676 0.215796
vt 0.365787 0.195499
vt 0.365787 0.221978
vt 0.219055 0.546649
vt 0.225735 0.526617
vt 0.248947 0.535200
vt 0.244840 0.551440
vt 0.244840 0.551440
vt 0.248947 0.535200
vt 0.276003 0.535234
vt 0.272992 0.560360
vt 0.333652 0.228849
vt 0.331007 0.212663
vt 0.337676 0.215796
vt 0.337252 0.224360
vt 0.269441 0.566973
vt 0.242043 0.560819
vt 0.244840 0.551440
vt 0.272992 0.560360
vt 0.220918 0.554404
vt 0.219055 0.546649
vt 0.362340 0.234155
vt 0.333652 0.228849
vt 0.337252 0.224360
vt 0.365787 0.221978
vt 0.103236 0.753208
vt 0.397636 0.195793
vt 0.400834 0.198040
vt 0.400834 0.217793
vt 0.394662 0.221908
vt 0.366545 0.223746
vt 0.387195 0.202785
vt 0.397636 0.195793
vt 0.394662 0.221908
vt 0.228075 0.523434
vt 0.225735 0.526617
vt 0.248947 0.535200
vt 0.246313 0.529686
vt 0.269506 0.696439
vt 0.252592 0.701354
vt 0.241571 0.737967
vt 0.271141 0.726181
vt 0.234772 0.571087
vt 0.269688 0.572971
vt 0.269441 0.566973
vt 0.242043 0.560819
vt 0.215093 0.560268
vt 0.234772 0.571087
vt 0.242043 0.560819
vt 0.220918 0.554404
vt 0.244341 0.758021
vt 0.225361 0.788870
vt 0.232638 0.794269
vt 0.248059 0.766089
vt 0.265900 0.768892
vt 0.260327 0.774790
vt 0.271883 0.811177
vt 0.276003 0.807472
vt 0.251516 0.771399
vt 0.244188 0.802065
vt 0.271883 0.811177
vt 0.260327 0.774790
vt 0.219055 0.546649
vt 0.244840 0.551440
vt 0.248947 0.535200
vt 0.225735 0.526617
vt 0.244840 0.551440
vt 0.248947 0.535200
vt 0.248059 0.766089
vt 0.251516 0.771399
vt 0.260327 0.774790
vt 0.265900 0.768892
vt 0.244840 0.551440
vt 0.242043 0.560819
vt 0.219055 0.546649
vt 0.220918 0.554404
vt 0.232638 0.794269
vt 0.244188 0.802065
vt 0.251516 0.771399
vt 0.248059 0.766089
vt 0.237808 0.749642
vt 0.275028 0.728425
vt 0.394662 0.221908
vt 0.400834 0.217793
vt 0.366545 0.223746
vt 0.394662 0.221908
vt 0.397636 0.195793
vt 0.383047 0.192996
vt 0.828374 0.234233
vt 0.816889 0.246957
vt 0.816982 0.236728
vt 0.208751 0.935005
vt 0.211963 0.563084
vt 0.228650 0.580443
vt 0.853008 0.211115
vt 0.115546 0.853257
vt 0.105471 0.822878
vt 0.255526 0.633852
vt 0.276003 0.668227
vt 0.273414 0.634929
vt 0.276003 0.668984
vt 0.853008 0.211115
vt 0.234252 0.587514
vt 0.271131 0.586317
vt 0.221705 0.786165
vt 0.166294 0.914846
vt 0.228650 0.580443
vt 0.228650 0.580443
vt 0.211963 0.563084
vt 0.211963 0.563084
vt 0.228650 0.580443
vt 0.882139 0.008410
vt 0.862146 0.000379
vt 0.862146 0.000379
vt 0.882139 0.008410
vt 0.906032 0.115715
vt 0.906343 0.083123
vt 0.906343 0.083123
vt 0.906032 0.115715
vt 0.221705 0.786165
vt 0.237808 0.749642
vt 0.237808 0.749642
vt 0.221705 0.786165
vt 0.908253 0.035670
vt 0.907983 0.022572
vt 0.907983 0.022572
vt 0.908253 0.035670
vt 0.105413 0.767070
vt 0.109475 0.795743
vt 0.109475 0.795743
vt 0.105413 0.767070
vt 0.853008 0.211115
vt 0.888531 0.149148
vt 0.888531 0.149148
vt 0.853008 0.211115
vt 0.124444 0.726491
vt 0.128718 0.733995
vt 0.128718 0.733995
vt 0.124444 0.726491
vt 0.908253 0.016720
vt 0.908253 0.016720
vt 0.105471 0.822878
vt 0.115546 0.853257
vt 0.115546 0.853257
vt 0.105471 0.822878
vt 0.166294 0.914846
vt 0.194429 0.925601
vt 0.194429 0.925601
vt 0.166294 0.914846
vt 0.103236 0.753208
vt 0.103236 0.753208
vt 0.276003 0.668227
vt 0.255526 0.633852
vt 0.255526 0.633852
vt 0.276003 0.668227
vt 0.241571 0.737967
vt 0.252592 0.701354
vt 0.252592 0.701354
vt 0.241571 0.737967
vt 0.234252 0.587514
vt 0.234252 0.587514
vt 0.208751 0.935005
vt 0.208751 0.935005
vt 0.816889 0.246957
vt 0.828374 0.234233
vt 0.828374 0.234233
vt 0.816889 0.246957
vt 0.908253 0.016720
vt 0.882139 0.008410
vt 0.882139 0.008410
vt 0.908253 0.016720
vt 0.128718 0.733995
vt 0.103236 0.753208
vt 0.103236 0.753208
vt 0.128718 0.733995
vt 0.137033 0.697909
vt 0.124444 0.726491
vt 0.124444 0.726491
vt 0.137033 0.697909
vt 0.276003 0.668984
vt 0.276003 0.668984
vt 0.262930 0.314764
vt 0.300526 0.345648
vt 0.265894 0.349619
vt 0.231758 0.316058
vt 0.274589 0.280344
vt 0.224126 0.283656
vt 0.237657 0.272754
vt 0.238718 0.490800
vt 0.222623 0.487732
vt 0.235799 0.458304
vt 0.264781 0.456690
vt 0.202957 0.259685
vt 0.224126 0.283656
vt 0.205034 0.286196
vt 0.193642 0.259165
vt 0.202957 0.259685
vt 0.215961 0.263596
vt 0.300526 0.345648
vt 0.303684 0.384669
vt 0.264825 0.389369
vt 0.265894 0.349619
vt 0.298449 0.419950
vt 0.309228 0.477520
vt 0.276005 0.487535
vt 0.264781 0.456690
vt 0.309228 0.286648
vt 0.262930 0.314764
vt 0.231758 0.316058
vt 0.182352 0.323179
vt 0.172809 0.293369
vt 0.263088 0.422914
vt 0.212350 0.420384
vt 0.212854 0.385403
vt 0.042727 0.474453
vt 0.047910 0.451872
vt 0.067191 0.453551
vt 0.207333 0.355917
vt 0.182352 0.323179
vt 0.217584 0.504911
vt 0.188709 0.507861
vt 0.186208 0.489091
vt 0.917982 0.630776
vt 0.917046 0.654235
vt 0.783673 0.667383
vt 0.785596 0.652700
vt 0.298449 0.419950
vt 0.235799 0.458304
vt 0.263088 0.422914
vt 0.192317 0.457242
vt 0.212350 0.420384
vt 0.166334 0.266723
vt 0.207333 0.355917
vt 0.042615 0.403512
vt 0.033574 0.425505
vt 0.024930 0.428005
vt 0.025312 0.403283
vt 0.042615 0.403512
vt 0.065499 0.431099
vt 0.049677 0.426342
vt 0.126535 0.502452
vt 0.124931 0.485788
vt 0.065499 0.431099
vt 0.067191 0.453551
vt 0.047910 0.451872
vt 0.049677 0.426342
vt 0.914737 0.681848
vt 0.913537 0.708706
vt 0.781332 0.706341
vt 0.781754 0.685732
vt 0.128957 0.392792
vt 0.123459 0.364465
vt 0.917339 0.603714
vt 0.917982 0.630776
vt 0.785596 0.652700
vt 0.786743 0.636516
vt 0.121411 0.458102
vt 0.130674 0.425559
vt 0.022402 0.325144
vt 0.028305 0.353187
vt 0.018692 0.354071
vt 0.009843 0.330381
vt 0.130674 0.425559
vt 0.123459 0.364465
vt 0.108014 0.333655
vt 0.109227 0.300505
vt 0.103361 0.267715
vt 0.108014 0.333655
vt 0.241087 0.502689
vt 0.238718 0.490800
vt 0.029287 0.451501
vt 0.023782 0.473472
vt 0.022271 0.453115
vt 0.917436 0.731026
vt 0.914913 0.744365
vt 0.783163 0.734907
vt 0.781530 0.721105
vt 0.042727 0.474453
vt 0.038063 0.487173
vt 0.018803 0.484598
vt 0.028305 0.353187
vt 0.037131 0.381530
vt 0.025521 0.380109
vt 0.018692 0.354071
vt 0.033574 0.425505
vt 0.029287 0.451501
vt 0.022271 0.453115
vt 0.024930 0.428005
vt 0.037131 0.381530
vt 0.025521 0.380109
vt 0.016390 0.298827
vt 0.022402 0.325144
vt 0.000379 0.309162
vt 0.914737 0.681848
vt 0.781754 0.685732
vt 0.914913 0.744365
vt 0.916123 0.768980
vt 0.783696 0.744893
vt 0.734625 0.656274
vt 0.744402 0.634811
vt 0.784412 0.759900
vt 0.746444 0.775297
vt 0.741868 0.763780
vt 0.738598 0.752329
vt 0.727006 0.685014
vt 0.744402 0.634811
vt 0.749625 0.622345
vt 0.725128 0.709461
vt 0.727006 0.685014
vt 0.730686 0.731639
vt 0.781332 0.706341
vt 0.725128 0.709461
vt 0.225427 0.522676
vt 0.226194 0.508840
vt 0.241087 0.502689
vt 0.192317 0.457242
vt 0.121411 0.458102
vt 0.913537 0.708706
vt 0.683583 0.652580
vt 0.694200 0.672195
vt 0.660245 0.678476
vt 0.653600 0.660734
vt 0.704041 0.637646
vt 0.717180 0.620118
vt 0.716716 0.784776
vt 0.711674 0.772308
vt 0.711674 0.772308
vt 0.704377 0.757910
vt 0.692411 0.742280
vt 0.553550 0.764357
vt 0.544504 0.769049
vt 0.538908 0.730609
vt 0.551360 0.729602
vt 0.717180 0.620118
vt 0.722484 0.610172
vt 0.689280 0.701511
vt 0.693375 0.714635
vt 0.663063 0.711061
vt 0.662695 0.700599
vt 0.645283 0.705294
vt 0.645330 0.697238
vt 0.539656 0.701980
vt 0.549738 0.696900
vt 0.571360 0.731290
vt 0.571514 0.690562
vt 0.693375 0.714635
vt 0.680830 0.733912
vt 0.656441 0.728054
vt 0.663063 0.711061
vt 0.568475 0.764107
vt 0.579812 0.765252
vt 0.586754 0.734052
vt 0.694200 0.672195
vt 0.689273 0.684686
vt 0.660637 0.687714
vt 0.660245 0.678476
vt 0.645330 0.697238
vt 0.645283 0.705294
vt 0.632020 0.712508
vt 0.628983 0.700818
vt 0.650398 0.679479
vt 0.647430 0.688357
vt 0.631555 0.682812
vt 0.635441 0.675028
vt 0.645330 0.697238
vt 0.628983 0.700818
vt 0.650398 0.679479
vt 0.635441 0.675028
vt 0.632020 0.712508
vt 0.645283 0.705294
vt 0.586754 0.694991
vt 0.647430 0.688357
vt 0.727006 0.685014
vt 0.725128 0.709461
vt 0.734625 0.656274
vt 0.727006 0.685014
vt 0.584378 0.783344
vt 0.572841 0.787212
vt 0.559221 0.789261
vt 0.689280 0.701511
vt 0.550036 0.799527
vt 0.566436 0.831987
vt 0.554511 0.826470
vt 0.583733 0.807582
vt 0.580165 0.826004
vt 0.049677 0.426342
vt 0.064004 0.492247
vt 0.066611 0.478472
vt 0.061780 0.376731
vt 0.067168 0.401492
vt 0.084055 0.426648
vt 0.079301 0.456044
vt 0.084055 0.426648
vt 0.065499 0.431099
vt 0.051621 0.345410
vt 0.061780 0.376731
vt 0.040458 0.288195
vt 0.046897 0.315565
vt 0.051621 0.345410
vt 0.079301 0.456044
vt 0.943502 0.761518
vt 0.946880 0.787652
vt 0.917355 0.795574
vt 0.946880 0.610213
vt 0.944074 0.638246
vt 0.917982 0.630776
vt 0.917339 0.603714
vt 0.944074 0.638246
vt 0.943665 0.661407
vt 0.941718 0.684098
vt 0.938995 0.707418
vt 0.943666 0.726292
vt 0.941571 0.737920
vt 0.941718 0.684098
vt 0.938995 0.707418
vt 0.941571 0.737920
vt 0.262930 0.314764
vt 0.231758 0.316058
vt 0.265894 0.349619
vt 0.300526 0.345648
vt 0.224126 0.283656
vt 0.238718 0.490800
vt 0.264781 0.456690
vt 0.235799 0.458304
vt 0.222623 0.487732
vt 0.202957 0.259685
vt 0.193642 0.259165
vt 0.205034 0.286196
vt 0.224126 0.283656
vt 0.215961 0.263596
vt 0.202957 0.259685
vt 0.300526 0.345648
vt 0.265894 0.349619
vt 0.264825 0.389369
vt 0.303684 0.384669
vt 0.298449 0.419950
vt 0.264781 0.456690
vt 0.231758 0.316058
vt 0.262930 0.314764
vt 0.172809 0.293369
vt 0.182352 0.323179
vt 0.212854 0.385403
vt 0.212350 0.420384
vt 0.263088 0.422914
vt 0.042727 0.474453
vt 0.067191 0.453551
vt 0.047910 0.451872
vt 0.182352 0.323179
vt 0.207333 0.355917
vt 0.186208 0.489091
vt 0.188709 0.507861
vt 0.217584 0.504911
vt 0.620006 0.027441
vt 0.487620 0.049366
vt 0.485697 0.064048
vt 0.619070 0.050900
vt 0.298449 0.419950
vt 0.263088 0.422914
vt 0.235799 0.458304
vt 0.212350 0.420384
vt 0.192317 0.457242
vt 0.166334 0.266723
vt 0.207333 0.355917
vt 0.042615 0.403512
vt 0.025312 0.403283
vt 0.024930 0.428005
vt 0.033574 0.425505
vt 0.042615 0.403512
vt 0.049677 0.426342
vt 0.065499 0.431099
vt 0.124931 0.485788
vt 0.126535 0.502452
vt 0.065499 0.431099
vt 0.049677 0.426342
vt 0.047910 0.451872
vt 0.067191 0.453551
vt 0.616761 0.078513
vt 0.483778 0.082398
vt 0.483356 0.103006
vt 0.615561 0.105371
vt 0.123459 0.364465
vt 0.128957 0.392792
vt 0.619363 0.000379
vt 0.488767 0.033181
vt 0.487620 0.049366
vt 0.620006 0.027441
vt 0.130674 0.425559
vt 0.121411 0.458102
vt 0.022402 0.325144
vt 0.009843 0.330381
vt 0.018692 0.354071
vt 0.028305 0.353187
vt 0.130674 0.425559
vt 0.108014 0.333655
vt 0.123459 0.364465
vt 0.103361 0.267715
vt 0.109227 0.300505
vt 0.108014 0.333655
vt 0.238718 0.490800
vt 0.029287 0.451501
vt 0.022271 0.453115
vt 0.023782 0.473472
vt 0.619460 0.127691
vt 0.483554 0.117770
vt 0.485187 0.131572
vt 0.616937 0.141030
vt 0.042727 0.474453
vt 0.018803 0.484598
vt 0.038063 0.487173
vt 0.028305 0.353187
vt 0.018692 0.354071
vt 0.025521 0.380109
vt 0.037131 0.381530
vt 0.033574 0.425505
vt 0.024930 0.428005
vt 0.022271 0.453115
vt 0.029287 0.451501
vt 0.037131 0.381530
vt 0.025521 0.380109
vt 0.016390 0.298827
vt 0.000379 0.309162
vt 0.022402 0.325144
vt 0.483778 0.082398
vt 0.616761 0.078513
vt 0.616937 0.141030
vt 0.485720 0.141558
vt 0.618147 0.165645
vt 0.446426 0.031476
vt 0.436649 0.052939
vt 0.443892 0.160445
vt 0.448467 0.171962
vt 0.486436 0.156565
vt 0.440622 0.148994
vt 0.429030 0.081679
vt 0.451648 0.019011
vt 0.446426 0.031476
vt 0.429030 0.081679
vt 0.427152 0.106127
vt 0.432710 0.128304
vt 0.483356 0.103006
vt 0.427152 0.106127
vt 0.225427 0.522676
vt 0.241087 0.502689
vt 0.226194 0.508840
vt 0.192317 0.457242
vt 0.121411 0.458102
vt 0.615561 0.105371
vt 0.385607 0.049245
vt 0.355624 0.057399
vt 0.362269 0.075141
vt 0.396224 0.068860
vt 0.419204 0.016783
vt 0.406065 0.034312
vt 0.413698 0.168973
vt 0.418740 0.181441
vt 0.406401 0.154575
vt 0.413698 0.168973
vt 0.394434 0.138945
vt 0.857212 0.870126
vt 0.855022 0.835371
vt 0.842570 0.836378
vt 0.848166 0.874819
vt 0.424508 0.006838
vt 0.419204 0.016783
vt 0.391304 0.098176
vt 0.364718 0.097264
vt 0.365087 0.107726
vt 0.395399 0.111300
vt 0.347354 0.093903
vt 0.347307 0.101959
vt 0.853400 0.802669
vt 0.843317 0.807749
vt 0.875022 0.837059
vt 0.875176 0.796331
vt 0.395399 0.111300
vt 0.365087 0.107726
vt 0.358465 0.124719
vt 0.382854 0.130578
vt 0.872136 0.869876
vt 0.883474 0.871022
vt 0.890416 0.839821
vt 0.396224 0.068860
vt 0.362269 0.075141
vt 0.362661 0.084379
vt 0.391297 0.081351
vt 0.347354 0.093903
vt 0.331007 0.097484
vt 0.334044 0.109173
vt 0.347307 0.101959
vt 0.352422 0.076144
vt 0.337465 0.071693
vt 0.333579 0.079477
vt 0.349454 0.085022
vt 0.331007 0.097484
vt 0.347354 0.093903
vt 0.337465 0.071693
vt 0.352422 0.076144
vt 0.347307 0.101959
vt 0.334044 0.109173
vt 0.890416 0.800760
vt 0.349454 0.085022
vt 0.429030 0.081679
vt 0.427152 0.106127
vt 0.436649 0.052939
vt 0.429030 0.081679
vt 0.888040 0.889113
vt 0.876502 0.892981
vt 0.862883 0.895030
vt 0.391304 0.098176
vt 0.853698 0.905296
vt 0.870098 0.937756
vt 0.883827 0.931773
vt 0.887394 0.913351
vt 0.858172 0.932239
vt 0.049677 0.426342
vt 0.064004 0.492247
vt 0.066611 0.478472
vt 0.061780 0.376731
vt 0.067168 0.401492
vt 0.084055 0.426648
vt 0.079301 0.456044
vt 0.065499 0.431099
vt 0.084055 0.426648
vt 0.051621 0.345410
vt 0.061780 0.376731
vt 0.040458 0.288195
vt 0.046897 0.315565
vt 0.051621 0.345410
vt 0.079301 0.456044
vt 0.645526 0.158184
vt 0.619379 0.192239
vt 0.648904 0.184317
vt 0.648904 0.006878
vt 0.619363 0.000379
vt 0.620006 0.027441
vt 0.646098 0.034911
vt 0.645689 0.058072
vt 0.646098 0.034911
vt 0.643742 0.080764
vt 0.645690 0.122957
vt 0.641019 0.104083
vt 0.643595 0.134585
vt 0.641019 0.104083
vt 0.643742 0.080764
vt 0.643595 0.134585
vt 0.273195 0.929552
vt 0.295443 0.929552
vt 0.295443 0.951800
vt 0.273195 0.929552
vt 0.295443 0.929552
vt 0.295443 0.951800
vt 0.273195 0.951800
vt 0.273195 0.929552
vt 0.295443 0.929552
vt 0.295443 0.951800
vt 0.273195 0.951800
vt 0.273195 0.929552
vt 0.295443 0.951800
vt 0.273195 0.929552
vt 0.295443 0.929552
vt 0.295443 0.951800
vt 0.273195 0.929552
vt 0.295443 0.929552
vt 0.295443 0.951800
vt 0.273195 0.951800
vt 0.273195 0.929552
vt 0.295443 0.951800
vt 0.273195 0.951800
vt 0.273195 0.929552
vt 0.295443 0.951800
vt 0.273195 0.929552
vt 0.295443 0.929552
vt 0.295443 0.951800
vt 0.273195 0.951800
vt 0.273195 0.929552
vt 0.295443 0.929552
vt 0.295443 0.951800
vt 0.273195 0.951800
vt 0.273195 0.929552
vt 0.295443 0.929552
vt 0.295443 0.951800
vt 0.273195 0.951800
vt 0.273195 0.929552
vt 0.295443 0.929552
vt 0.295443 0.951800
vt 0.273195 0.951800
vt 0.273195 0.929552
vt 0.295443 0.929552
vt 0.295443 0.951800
vt 0.273195 0.951800
vt 0.273195 0.929552
vt 0.295443 0.929552
vt 0.295443 0.951800
vt 0.273195 0.951800
vt 0.273195 0.929552
vt 0.295443 0.929552
vt 0.295443 0.951800
vt 0.273195 0.951800
vt 0.273195 0.929552
vt 0.295443 0.929552
vt 0.295443 0.951800
vt 0.273195 0.951800
vt 0.273195 0.929552
vt 0.295443 0.929552
vt 0.295443 0.951800
vt 0.273195 0.951800
vt 0.273195 0.929552
vt 0.295443 0.929552
vt 0.295443 0.951800
vt 0.273195 0.929552
vt 0.295443 0.929552
vt 0.295443 0.951800
vt 0.273195 0.951800
vt 0.273195 0.929552
vt 0.295443 0.929552
vt 0.295443 0.951800
vt 0.273195 0.951800
vt 0.273195 0.929552
vt 0.295443 0.929552
vt 0.295443 0.951800
vt 0.273195 0.951800
vt 0.273195 0.929552
vt 0.295443 0.929552
vt 0.295443 0.951800
vt 0.273195 0.951800
vt 0.273195 0.929552
vt 0.295443 0.929552
vt 0.295443 0.951800
vt 0.273195 0.929552
vt 0.295443 0.929552
vt 0.295443 0.951800
vt 0.273195 0.951800
vt 0.273195 0.929552
vt 0.295443 0.951800
vt 0.273195 0.951800
vt 0.273195 0.929552
vt 0.295443 0.929552
vt 0.295443 0.951800
vt 0.273195 0.951800
vt 0.273195 0.929552
vt 0.295443 0.929552
vt 0.295443 0.951800
vt 0.273195 0.951800
vt 0.273195 0.929552
vt 0.295443 0.929552
vt 0.295443 0.951800
vt 0.273195 0.951800
vt 0.273195 0.929552
vt 0.295443 0.929552
vt 0.295443 0.951800
vt 0.273195 0.951800
vt 0.273195 0.929552
vt 0.295443 0.929552
vt 0.295443 0.951800
vt 0.273195 0.951800
vt 0.273195 0.929552
vt 0.295443 0.929552
vt 0.295443 0.951800
vt 0.273195 0.951800
vt 0.273195 0.929552
vt 0.295443 0.929552
vt 0.295443 0.951800
vt 0.273195 0.951800
vt 0.273195 0.929552
vt 0.295443 0.929552
vt 0.295443 0.951800
vt 0.273195 0.951800
vt 0.273195 0.929552
vt 0.295443 0.929552
vt 0.295443 0.951800
vt 0.273195 0.951800
vt 0.273195 0.929552
vt 0.295443 0.929552
vt 0.295443 0.951800
vt 0.273195 0.951800
vt 0.273195 0.929552
vt 0.295443 0.929552
vt 0.295443 0.951800
vt 0.273195 0.951800
vt 0.273195 0.929552
vt 0.295443 0.929552
vt 0.295443 0.951800
vt 0.273195 0.951800
vt 0.273195 0.929552
vt 0.295443 0.929552
vt 0.295443 0.951800
vt 0.273195 0.951800
vt 0.273195 0.929552
vt 0.295443 0.929552
vt 0.295443 0.951800
vt 0.273195 0.929552
vt 0.295443 0.929552
vt 0.295443 0.951800
vt 0.273195 0.951800
vt 0.273195 0.929552
vt 0.295443 0.951800
vt 0.273195 0.951800
vt 0.273195 0.929552
vt 0.295443 0.929552
vt 0.295443 0.951800
vt 0.273195 0.951800
vt 0.273195 0.929552
vt 0.295443 0.929552
vt 0.295443 0.951800
vt 0.273195 0.951800
vt 0.273195 0.929552
vt 0.295443 0.929552
vt 0.295443 0.951800
vt 0.273195 0.929552
vt 0.295443 0.929552
vt 0.295443 0.951800
vt 0.273195 0.951800
vt 0.273195 0.929552
vt 0.295443 0.929552
vt 0.295443 0.951800
vt 0.273195 0.951800
vt 0.273195 0.929552
vt 0.295443 0.929552
vt 0.295443 0.951800
vt 0.273195 0.951800
vt 0.273195 0.929552
vt 0.295443 0.929552
vt 0.295443 0.951800
vt 0.273195 0.951800
vt 0.273195 0.929552
vt 0.295443 0.929552
vt 0.295443 0.951800
vt 0.273195 0.951800
vt 0.273195 0.929552
vt 0.295443 0.929552
vt 0.295443 0.951800
vt 0.273195 0.951800
vt 0.273195 0.929552
vt 0.295443 0.929552
vt 0.295443 0.951800
vt 0.273195 0.951800
vt 0.273195 0.929552
vt 0.295443 0.929552
vt 0.295443 0.951800
vt 0.273195 0.951800
vt 0.273195 0.929552
vt 0.295443 0.929552
vt 0.295443 0.951800
vt 0.273195 0.951800
vt 0.273195 0.929552
vt 0.295443 0.929552
vt 0.295443 0.951800
vt 0.273195 0.951800
vt 0.273195 0.929552
vt 0.295443 0.929552
vt 0.295443 0.951800
vt 0.273195 0.951800
vt 0.273195 0.929552
vt 0.295443 0.929552
vt 0.295443 0.951800
vt 0.273195 0.951800
vt 0.273195 0.929552
vt 0.295443 0.929552
vt 0.295443 0.951800
vt 0.273195 0.951800
vt 0.273195 0.929552
vt 0.295443 0.929552
vt 0.295443 0.951800
vt 0.273195 0.951800
vt 0.273195 0.929552
vt 0.295443 0.929552
vt 0.295443 0.951800
vt 0.273195 0.951800
vt 0.270178 0.927745
vt 0.295859 0.927745
vt 0.295859 0.953426
vt 0.270178 0.953426
vt 0.270178 0.927745
vt 0.295859 0.927745
vt 0.295859 0.953426
vt 0.270178 0.953426
vt 0.270178 0.927745
vt 0.295859 0.927745
vt 0.270178 0.953426
vt 0.270178 0.927745
vt 0.295859 0.927745
vt 0.295859 0.953426
vt 0.270178 0.953426
vt 0.270178 0.927745
vt 0.295859 0.927745
vt 0.295859 0.953426
vt 0.270178 0.953426
vt 0.270178 0.927745
vt 0.295859 0.927745
vt 0.270178 0.953426
vt 0.270178 0.927745
vt 0.295859 0.927745
vt 0.295859 0.953426
vt 0.270178 0.953426
vt 0.270178 0.927745
vt 0.295859 0.927745
vt 0.295859 0.953426
vt 0.270178 0.953426
vt 0.270178 0.927745
vt 0.295859 0.927745
vt 0.295859 0.953426
vt 0.270178 0.927745
vt 0.295859 0.927745
vt 0.295859 0.953426
vt 0.270178 0.953426
vt 0.270178 0.927745
vt 0.295859 0.927745
vt 0.295859 0.953426
vt 0.270178 0.953426
vt 0.270178 0.927745
vt 0.295859 0.927745
vt 0.295859 0.953426
vt 0.270178 0.953426
vt 0.270178 0.927745
vt 0.295859 0.927745
vt 0.295859 0.953426
vt 0.270178 0.953426
vt 0.295859 0.927745
vt 0.295859 0.953426
vt 0.270178 0.953426
vt 0.270178 0.927745
vt 0.295859 0.927745
vt 0.295859 0.953426
vt 0.270178 0.953426
vt 0.270178 0.927745
vt 0.295859 0.953426
vt 0.270178 0.953426
vt 0.270178 0.927745
vt 0.295859 0.953426
vt 0.270178 0.953426
vt 0.270178 0.927745
vt 0.295859 0.927745
vt 0.295859 0.953426
vt 0.270178 0.953426
vt 0.270178 0.927745
vt 0.295859 0.927745
vt 0.270178 0.953426
vt 0.270178 0.927745
vt 0.295859 0.927745
vt 0.295859 0.953426
vt 0.270178 0.953426
vt 0.270178 0.927745
vt 0.295859 0.953426
vt 0.270178 0.953426
vt 0.270178 0.927745
vt 0.295859 0.953426
vt 0.270178 0.953426
vt 0.270178 0.927745
vt 0.295859 0.927745
vt 0.295859 0.953426
vt 0.270178 0.953426
vt 0.295859 0.927745
vt 0.295859 0.953426
vt 0.270178 0.953426
vt 0.295859 0.927745
vt 0.295859 0.953426
vt 0.270178 0.953426
vt 0.295859 0.927745
vt 0.295859 0.953426
vt 0.270178 0.953426
vt 0.295859 0.927745
vt 0.295859 0.953426
vt 0.270178 0.953426
vt 0.270178 0.927745
vt 0.295859 0.927745
vt 0.295859 0.953426
vt 0.270178 0.927745
vt 0.295859 0.927745
vt 0.270178 0.953426
vt 0.270178 0.927745
vt 0.295859 0.927745
vt 0.295859 0.953426
vt 0.270178 0.953426
vt 0.295859 0.927745
vt 0.295859 0.953426
vt 0.270178 0.953426
vt 0.270178 0.927745
vt 0.295859 0.927745
vt 0.295859 0.953426
vt 0.270178 0.953426
vt 0.270178 0.927745
vt 0.295859 0.927745
vt 0.295859 0.953426
vt 0.270178 0.953426
vt 0.270178 0.927745
vt 0.295859 0.927745
vt 0.270178 0.953426
vt 0.295859 0.927745
vt 0.295859 0.953426
vt 0.270178 0.953426
vt 0.295859 0.927745
vt 0.295859 0.953426
vt 0.270178 0.953426
vt 0.270178 0.927745
vt 0.295859 0.927745
vt 0.295859 0.953426
vt 0.270178 0.953426
vt 0.270178 0.927745
vt 0.295859 0.927745
vt 0.295859 0.953426
vt 0.270178 0.953426
vt 0.270178 0.927745
vt 0.295859 0.927745
vt 0.295859 0.953426
vt 0.270178 0.953426
vt 0.270178 0.927745
vt 0.295859 0.927745
vt 0.270178 0.953426
vt 0.270178 0.927745
vt 0.295859 0.927745
vt 0.295859 0.953426
vt 0.270178 0.953426
vt 0.270178 0.927745
vt 0.270178 0.953426
vt 0.270178 0.927745
vt 0.295859 0.927745
vt 0.270178 0.953426
vt 0.270178 0.927745
vt 0.295859 0.927745
vt 0.270178 0.953426
vt 0.270178 0.927745
vt 0.295859 0.927745
vt 0.270178 0.953426
vt 0.270178 0.927745
vt 0.295859 0.927745
vt 0.295859 0.953426
vt 0.270178 0.927745
vt 0.295859 0.953426
vt 0.270178 0.953426
vt 0.270178 0.927745
vt 0.295859 0.927745
vt 0.295859 0.953426
vt 0.270178 0.953426
vt 0.270178 0.927745
vt 0.295859 0.927745
vt 0.270178 0.953426
vt 0.270178 0.927745
vt 0.295859 0.927745
vt 0.295859 0.953426
vt 0.270178 0.953426
vt 0.295859 0.927745
vt 0.295859 0.953426
vt 0.270178 0.953426
vt 0.270178 0.927745
vt 0.295859 0.927745
vt 0.295859 0.953426
vt 0.270178 0.953426
vt 0.270178 0.927745
vt 0.295859 0.927745
vt 0.295859 0.953426
vt 0.295859 0.927745
vt 0.295859 0.953426
vt 0.295859 0.953426
vt 0.270178 0.953426
vt 0.295859 0.927745
vt 0.295859 0.927745
vt 0.295859 0.953426
vt 0.270178 0.953426
vt 0.270178 0.927745
vt 0.295859 0.927745
vt 0.295859 0.953426
vt 0.270178 0.927745
vt 0.295859 0.927745
vt 0.295859 0.953426
vt 0.270178 0.927745
vt 0.295859 0.927745
vt 0.295859 0.953426
vt 0.270178 0.953426
vt 0.295859 0.927745
vt 0.295859 0.953426
vt 0.270178 0.953426
vt 0.295859 0.927745
vt 0.295859 0.953426
vt 0.270178 0.953426
vt 0.295859 0.927745
vt 0.295859 0.927745
vt 0.295859 0.953426
vt 0.270178 0.953426
vt 0.270178 0.927745
vt 0.295859 0.953426
vt 0.270178 0.927745
vt 0.295859 0.927745
vt 0.295859 0.953426
vt 0.270178 0.953426
vt 0.270178 0.927745
vt 0.295859 0.927745
vt 0.295859 0.953426
vt 0.270178 0.953426
vt 0.295859 0.927745
vt 0.295859 0.953426
vt 0.270178 0.953426
vt 0.270178 0.927745
vt 0.295859 0.927745
vt 0.295859 0.953426
vt 0.270178 0.953426
vt 0.295859 0.927745
vt 0.295859 0.953426
vt 0.270178 0.953426
vt 0.270178 0.927745
vt 0.295859 0.927745
vt 0.270178 0.953426
vt 0.295859 0.927745
vt 0.270178 0.953426
vt 0.295859 0.927745
vt 0.295859 0.953426
vt 0.270178 0.953426
vt 0.270178 0.927745
vt 0.295859 0.927745
vt 0.295859 0.953426
vt 0.270178 0.953426
vt 0.270178 0.927745
vt 0.295859 0.927745
vt 0.295859 0.953426
vt 0.270178 0.927745
vt 0.295859 0.953426
vt 0.270178 0.953426
vt 0.270178 0.927745
vt 0.295859 0.927745
vt 0.295859 0.953426
vt 0.270178 0.953426
vt 0.270178 0.927745
vt 0.295859 0.927745
vt 0.295859 0.953426
vt 0.270178 0.953426
vt 0.270178 0.927745
vt 0.295859 0.927745
vt 0.270178 0.953426
vt 0.270178 0.927745
vt 0.295859 0.927745
vt 0.295859 0.953426
vt 0.270178 0.953426
vt 0.270178 0.927745
vt 0.295859 0.927745
vt 0.295859 0.953426
vt 0.270178 0.953426
vt 0.270178 0.927745
vt 0.295859 0.927745
vt 0.270178 0.953426
vt 0.270178 0.927745
vt 0.295859 0.927745
vt 0.295859 0.953426
vt 0.270178 0.953426
vt 0.270178 0.927745
vt 0.295859 0.927745
vt 0.295859 0.953426
vt 0.270178 0.953426
vt 0.270178 0.927745
vt 0.295859 0.927745
vt 0.295859 0.953426
vt 0.270178 0.927745
vt 0.295859 0.953426
vt 0.270178 0.953426
vt 0.270178 0.927745
vt 0.295859 0.927745
vt 0.295859 0.953426
vt 0.270178 0.953426
vt 0.270178 0.927745
vt 0.295859 0.927745
vt 0.295859 0.953426
vt 0.270178 0.953426
vt 0.270178 0.927745
vt 0.295859 0.927745
vt 0.295859 0.953426
vt 0.270178 0.953426
vt 0.295859 0.927745
vt 0.295859 0.953426
vt 0.270178 0.953426
vt 0.270178 0.927745
vt 0.295859 0.927745
vt 0.295859 0.953426
vt 0.270178 0.953426
vt 0.270178 0.927745
vt 0.295859 0.927745
vt 0.295859 0.953426
vt 0.270178 0.927745
vt 0.295859 0.927745
vt 0.295859 0.953426
vt 0.270178 0.927745
vt 0.295859 0.927745
vt 0.295859 0.953426
vt 0.270178 0.953426
vt 0.270178 0.927745
vt 0.295859 0.927745
vt 0.270178 0.953426
vt 0.270178 0.927745
vt 0.295859 0.927745
vt 0.295859 0.953426
vt 0.270178 0.953426
vt 0.270178 0.927745
vt 0.295859 0.927745
vt 0.295859 0.953426
vt 0.270178 0.953426
vt 0.270178 0.927745
vt 0.295859 0.927745
vt 0.295859 0.953426
vt 0.270178 0.927745
vt 0.295859 0.927745
vt 0.295859 0.953426
vt 0.270178 0.953426
vt 0.295859 0.927745
vt 0.295859 0.953426
vt 0.270178 0.953426
vt 0.295859 0.927745
vt 0.295859 0.953426
vt 0.270178 0.953426
vt 0.295859 0.927745
vt 0.295859 0.953426
vt 0.270178 0.953426
vt 0.295859 0.927745
vt 0.295859 0.953426
vt 0.270178 0.953426
vt 0.270178 0.927745
vt 0.295859 0.953426
vt 0.270178 0.927745
vt 0.295859 0.927745
vt 0.295859 0.953426
vt 0.270178 0.953426
vt 0.270178 0.927745
vt 0.295859 0.927745
vt 0.295859 0.953426
vt 0.270178 0.953426
vt 0.295859 0.927745
vt 0.295859 0.953426
vt 0.270178 0.953426
vt 0.270178 0.927745
vt 0.295859 0.927745
vt 0.295859 0.953426
vt 0.270178 0.953426
vt 0.270178 0.927745
vt 0.295859 0.927745
vt 0.295859 0.953426
vt 0.270178 0.953426
vt 0.270178 0.927745
vt 0.295859 0.927745
vt 0.295859 0.953426
vt 0.270178 0.953426
vt 0.295859 0.927745
vt 0.270178 0.953426
vt 0.295859 0.927745
vt 0.295859 0.953426
vt 0.270178 0.953426
vt 0.270178 0.927745
vt 0.295859 0.927745
vt 0.295859 0.953426
vt 0.270178 0.953426
vt 0.270178 0.927745
vt 0.295859 0.927745
vt 0.295859 0.953426
vt 0.270178 0.953426
vt 0.270178 0.927745
vt 0.295859 0.927745
vt 0.295859 0.953426
vt 0.270178 0.953426
vt 0.270178 0.927745
vt 0.295859 0.927745
vt 0.270178 0.953426
vt 0.270178 0.927745
vt 0.295859 0.927745
vt 0.295859 0.953426
vt 0.270178 0.953426
vt 0.270178 0.927745
vt 0.295859 0.927745
vt 0.270178 0.927745
vt 0.295859 0.927745
vt 0.270178 0.953426
vt 0.270178 0.927745
vt 0.295859 0.927745
vt 0.270178 0.953426
vt 0.270178 0.927745
vt 0.295859 0.927745
vt 0.270178 0.953426
vt 0.270178 0.927745
vt 0.295859 0.927745
vt 0.295859 0.953426
vt 0.270178 0.927745
vt 0.295859 0.927745
vt 0.295859 0.953426
vt 0.270178 0.953426
vt 0.270178 0.927745
vt 0.295859 0.927745
vt 0.295859 0.953426
vt 0.270178 0.953426
vt 0.270178 0.927745
vt 0.295859 0.927745
vt 0.270178 0.953426
vt 0.270178 0.927745
vt 0.295859 0.927745
vt 0.295859 0.953426
vt 0.270178 0.953426
vt 0.295859 0.927745
vt 0.295859 0.953426
vt 0.270178 0.953426
vt 0.270178 0.927745
vt 0.295859 0.927745
vt 0.295859 0.953426
vt 0.270178 0.953426
vt 0.270178 0.927745
vt 0.295859 0.953426
vt 0.270178 0.953426
vt 0.295859 0.953426
vt 0.270178 0.953426
vt 0.295859 0.927745
vt 0.295859 0.953426
vt 0.270178 0.953426
vt 0.295859 0.927745
vt 0.295859 0.953426
vt 0.270178 0.953426
vt 0.270178 0.927745
vt 0.295859 0.927745
vt 0.295859 0.953426
vt 0.270178 0.953426
vt 0.270178 0.927745
vt 0.295859 0.953426
vt 0.270178 0.953426
vt 0.270178 0.927745
vt 0.295859 0.927745
vt 0.295859 0.953426
vt 0.270178 0.953426
vt 0.295859 0.927745
vt 0.295859 0.953426
vt 0.270178 0.953426
vt 0.295859 0.927745
vt 0.295859 0.953426
vt 0.270178 0.953426
vt 0.270178 0.953426
vt 0.295859 0.927745
vt 0.295859 0.953426
vt 0.270178 0.953426
vt 0.270178 0.927745
vt 0.295859 0.927745
vt 0.295859 0.953426
vt 0.270178 0.927745
vt 0.295859 0.927745
vt 0.270178 0.953426
vt 0.270178 0.927745
vt 0.295859 0.927745
vt 0.295859 0.953426
vt 0.270178 0.953426
vt 0.295859 0.927745
vt 0.295859 0.953426
vt 0.270178 0.953426
vt 0.270178 0.927745
vt 0.295859 0.927745
vt 0.295859 0.953426
vt 0.270178 0.953426
vt 0.295859 0.927745
vt 0.295859 0.953426
vt 0.270178 0.953426
vt 0.270178 0.927745
vt 0.295859 0.927745
vt 0.295859 0.953426
vt 0.270178 0.953426
vt 0.295859 0.927745
vt 0.295859 0.953426
vt 0.270178 0.953426
vt 0.295859 0.927745
vt 0.295859 0.953426
vt 0.270178 0.953426
vt 0.270178 0.927745
vt 0.295859 0.927745
vt 0.295859 0.953426
vt 0.270178 0.953426
vt 0.270178 0.927745
vt 0.295859 0.927745
vt 0.295859 0.953426
vt 0.270178 0.927745
vt 0.295859 0.953426
vt 0.270178 0.927745
vt 0.295859 0.927745
vt 0.295859 0.953426
vt 0.270178 0.953426
vt 0.270178 0.927745
vt 0.295859 0.927745
vt 0.295859 0.953426
vt 0.270178 0.953426
vt 0.270178 0.927745
vt 0.295859 0.927745
vt 0.295859 0.953426
vt 0.270178 0.953426
vt 0.270178 0.927745
vt 0.295859 0.927745
vt 0.295859 0.953426
vt 0.270178 0.953426
vt 0.270178 0.927745
vt 0.295859 0.927745
vt 0.295859 0.953426
vt 0.270178 0.953426
vt 0.270178 0.927745
vt 0.295859 0.927745
vt 0.295859 0.953426
vt 0.270178 0.953426
vt 0.270178 0.927745
vt 0.295859 0.927745
vt 0.295859 0.953426
vt 0.270178 0.953426
vt 0.270178 0.927745
vt 0.295859 0.927745
vt 0.295859 0.953426
vt 0.270178 0.953426
vt 0.270178 0.927745
vt 0.295859 0.927745
vt 0.295859 0.953426
vt 0.270178 0.953426
vt 0.270178 0.927745
vt 0.295859 0.927745
vt 0.295859 0.953426
vt 0.270178 0.953426
vt 0.270178 0.927745
vt 0.295859 0.927745
vt 0.295859 0.953426
vt 0.270178 0.953426
vt 0.270178 0.927745
vt 0.295859 0.927745
vt 0.295859 0.953426
vt 0.270178 0.953426
vt 0.270178 0.927745
vt 0.295859 0.927745
vt 0.295859 0.953426
vt 0.270178 0.953426
vt 0.270178 0.927745
vt 0.295859 0.927745
vt 0.295859 0.953426
vt 0.270178 0.953426
vt 0.270178 0.927745
vt 0.295859 0.927745
vt 0.295859 0.953426
vt 0.270178 0.953426
vt 0.270178 0.927745
vt 0.295859 0.927745
vt 0.295859 0.953426
vt 0.270178 0.953426
vt 0.270178 0.927745
vt 0.295859 0.927745
vt 0.295859 0.953426
vt 0.270178 0.953426
vt 0.270178 0.927745
vt 0.295859 0.927745
vt 0.295859 0.953426
vt 0.270178 0.953426
vt 0.270178 0.927745
vt 0.295859 0.927745
vt 0.295859 0.953426
vt 0.270178 0.953426
vt 0.270178 0.927745
vt 0.295859 0.927745
vt 0.295859 0.953426
vt 0.270178 0.953426
vt 0.270178 0.927745
vt 0.295859 0.927745
vt 0.295859 0.953426
vt 0.270178 0.953426
vt 0.270178 0.927745
vt 0.295859 0.927745
vt 0.295859 0.953426
vt 0.270178 0.953426
vt 0.270178 0.927745
vt 0.295859 0.927745
vt 0.295859 0.953426
vt 0.270178 0.953426
vt 0.270178 0.927745
vt 0.295859 0.927745
vt 0.295859 0.953426
vt 0.270178 0.953426
vt 0.270178 0.927745
vt 0.295859 0.927745
vt 0.295859 0.953426
vt 0.270178 0.953426
vt 0.270178 0.927745
vt 0.295859 0.927745
vt 0.295859 0.953426
vt 0.270178 0.953426
vt 0.270178 0.927745
vt 0.295859 0.927745
vt 0.295859 0.953426
vt 0.270178 0.953426
vt 0.270178 0.927745
vt 0.295859 0.927745
vt 0.295859 0.953426
vt 0.270178 0.953426
vt 0.270178 0.927745
vt 0.295859 0.927745
vt 0.295859 0.953426
vt 0.270178 0.953426
vt 0.270178 0.927745
vt 0.295859 0.927745
vt 0.295859 0.953426
vt 0.270178 0.953426
vt 0.270178 0.927745
vt 0.295859 0.927745
vt 0.295859 0.953426
vt 0.270178 0.953426
vt 0.270178 0.927745
vt 0.295859 0.927745
vt 0.295859 0.953426
vt 0.270178 0.953426
vt 0.270178 0.927745
vt 0.295859 0.927745
vt 0.295859 0.953426
vt 0.270178 0.953426
vt 0.270178 0.927745
vt 0.295859 0.927745
vt 0.295859 0.953426
vt 0.270178 0.953426
vt 0.270178 0.927745
vt 0.295859 0.927745
vt 0.295859 0.953426
vt 0.270178 0.953426
vt 0.413996 0.877163
vt 0.485507 0.877163
vt 0.485507 0.948674
vt 0.413996 0.948674
vt 0.413996 0.877163
vt 0.485507 0.877163
vt 0.485507 0.948674
vt 0.413996 0.948674
vt 0.413996 0.877163
vt 0.485507 0.877163
vt 0.485507 0.948674
vt 0.413996 0.948674
vt 0.413996 0.877163
vt 0.485507 0.877163
vt 0.485507 0.948674
vt 0.413996 0.948674
vt 0.413996 0.877163
vt 0.485507 0.948674
vt 0.413996 0.948674
vt 0.413996 0.877163
vt 0.485507 0.948674
vt 0.413996 0.948674
vt 0.413996 0.877163
vt 0.485507 0.877163
vt 0.485507 0.948674
vt 0.413996 0.948674
vt 0.413996 0.877163
vt 0.485507 0.877163
vt 0.485507 0.948674
vt 0.413996 0.948674
vt 0.413996 0.877163
vt 0.485507 0.877163
vt 0.485507 0.948674
vt 0.413996 0.948674
vt 0.413996 0.877163
vt 0.485507 0.877163
vt 0.485507 0.948674
vt 0.413996 0.948674
vt 0.413996 0.877163
vt 0.485507 0.948674
vt 0.413996 0.948674
vt 0.413996 0.877163
vt 0.485507 0.877163
vt 0.485507 0.948674
vt 0.413996 0.948674
vt 0.485507 0.877163
vt 0.485507 0.948674
vt 0.413996 0.948674
vt 0.485507 0.877163
vt 0.485507 0.948674
vt 0.413996 0.948674
vt 0.485507 0.877163
vt 0.485507 0.948674
vt 0.413996 0.948674
vt 0.485507 0.948674
vt 0.413996 0.948674
vt 0.413996 0.877163
vt 0.485507 0.877163
vt 0.485507 0.948674
vt 0.413996 0.948674
vt 0.413996 0.877163
vt 0.485507 0.877163
vt 0.485507 0.948674
vt 0.413996 0.948674
vt 0.413996 0.877163
vt 0.485507 0.877163
vt 0.485507 0.948674
vt 0.413996 0.948674
vt 0.413996 0.877163
vt 0.485507 0.877163
vt 0.485507 0.948674
vt 0.413996 0.948674
vt 0.413996 0.877163
vt 0.485507 0.877163
vt 0.485507 0.948674
vt 0.413996 0.948674
vt 0.413996 0.877163
vt 0.485507 0.877163
vt 0.485507 0.948674
vt 0.413996 0.948674
vt 0.413996 0.877163
vt 0.485507 0.877163
vt 0.485507 0.948674
vt 0.413996 0.948674
vt 0.413996 0.877163
vt 0.485507 0.877163
vt 0.485507 0.948674
vt 0.413996 0.948674
vt 0.413996 0.877163
vt 0.485507 0.877163
vt 0.485507 0.948674
vt 0.413996 0.877163
vt 0.485507 0.877163
vt 0.485507 0.948674
vt 0.413996 0.948674
vt 0.485507 0.877163
vt 0.485507 0.948674
vt 0.413996 0.948674
vt 0.413996 0.877163
vt 0.485507 0.877163
vt 0.485507 0.948674
vt 0.413996 0.877163
vt 0.485507 0.877163
vt 0.485507 0.948674
vt 0.413996 0.948674
vt 0.413996 0.877163
vt 0.485507 0.877163
vt 0.485507 0.948674
vt 0.413996 0.948674
vt 0.485507 0.877163
vt 0.485507 0.948674
vt 0.413996 0.948674
vt 0.413996 0.877163
vt 0.485507 0.877163
vt 0.485507 0.948674
vt 0.413996 0.948674
vt 0.413996 0.877163
vt 0.485507 0.877163
vt 0.485507 0.948674
vt 0.413996 0.948674
vt 0.413996 0.877163
vt 0.485507 0.877163
vt 0.485507 0.948674
vt 0.413996 0.948674
vt 0.413996 0.877163
vt 0.485507 0.877163
vt 0.485507 0.948674
vt 0.413996 0.948674
vt 0.413996 0.877163
vt 0.485507 0.877163
vt 0.485507 0.948674
vt 0.413996 0.948674
vt 0.413996 0.877163
vt 0.485507 0.877163
vt 0.485507 0.948674
vt 0.413996 0.948674
vt 0.413996 0.877163
vt 0.485507 0.877163
vt 0.485507 0.948674
vt 0.413996 0.948674
vt 0.413996 0.877163
vt 0.485507 0.877163
vt 0.485507 0.948674
vt 0.413996 0.948674
vt 0.413996 0.877163
vt 0.485507 0.877163
vt 0.485507 0.948674
vt 0.413996 0.948674
vt 0.413996 0.877163
vt 0.485507 0.877163
vt 0.485507 0.948674
vt 0.413996 0.948674
vt 0.413996 0.877163
vt 0.485507 0.877163
vt 0.485507 0.948674
vt 0.413996 0.948674
vt 0.413996 0.877163
vt 0.485507 0.877163
vt 0.485507 0.948674
vt 0.413996 0.948674
vt 0.413996 0.877163
vt 0.485507 0.877163
vt 0.485507 0.948674
vt 0.413996 0.948674
vt 0.413996 0.877163
vt 0.485507 0.877163
vt 0.485507 0.948674
vt 0.413996 0.948674
vt 0.413996 0.877163
vt 0.485507 0.877163
vt 0.485507 0.948674
vt 0.413996 0.948674
vt 0.413996 0.877163
vt 0.485507 0.877163
vt 0.485507 0.948674
vt 0.413996 0.948674
vt 0.413996 0.877163
vt 0.485507 0.877163
vt 0.485507 0.948674
vt 0.413996 0.948674
vt 0.413996 0.877163
vt 0.485507 0.877163
vt 0.485507 0.948674
vt 0.413996 0.948674
vt 0.413996 0.877163
vt 0.485507 0.877163
vt 0.485507 0.948674
vt 0.413996 0.948674
vt 0.413996 0.877163
vt 0.485507 0.877163
vt 0.485507 0.948674
vt 0.413996 0.948674
vt 0.413996 0.877163
vt 0.485507 0.877163
vt 0.485507 0.948674
vt 0.413996 0.948674
vt 0.413996 0.877163
vt 0.485507 0.877163
vt 0.485507 0.948674
vt 0.413996 0.948674
vt 0.413996 0.877163
vt 0.485507 0.877163
vt 0.485507 0.948674
vt 0.413996 0.948674
vt 0.413996 0.877163
vt 0.485507 0.877163
vt 0.485507 0.948674
vt 0.413996 0.948674
vt 0.517532 0.681300
vt 0.514494 0.709855
vt 0.489925 0.719196
vt 0.507744 0.681300
vt 0.523161 0.777108
vt 0.538151 0.796235
vt 0.515328 0.817734
vt 0.491282 0.792446
vt 0.518868 0.745428
vt 0.493462 0.748234
vt 0.514494 0.709855
vt 0.461486 0.796488
vt 0.470742 0.749059
vt 0.474375 0.718109
vt 0.499379 0.831253
vt 0.431434 0.787867
vt 0.446242 0.748337
vt 0.457887 0.720935
vt 0.437707 0.853746
vt 0.431434 0.787867
vt 0.390387 0.771400
vt 0.416239 0.741092
vt 0.432227 0.721366
vt 0.348445 0.828394
vt 0.390387 0.771400
vt 0.473028 0.694129
vt 0.476237 0.687336
vt 0.460308 0.702686
vt 0.442276 0.705462
vt 0.452410 0.703901
vt 0.476797 0.681300
vt 0.463010 0.692572
vt 0.454435 0.693664
vt 0.456796 0.681300
vt 0.464072 0.681300
vt 0.460308 0.702686
vt 0.452410 0.703901
vt 0.454435 0.693664
vt 0.463010 0.692572
vt 0.476237 0.687336
vt 0.473028 0.694129
vt 0.476797 0.681300
vt 0.464072 0.681300
vt 0.447319 0.681300
vt 0.445370 0.694819
vt 0.427196 0.693098
vt 0.429078 0.681300
vt 0.376701 0.750573
vt 0.404870 0.730950
vt 0.390387 0.771400
vt 0.348445 0.828394
vt 0.312152 0.766068
vt 0.376701 0.750573
vt 0.419618 0.714242
vt 0.425624 0.704171
vt 0.442276 0.705462
vt 0.425624 0.704171
vt 0.417255 0.691478
vt 0.417240 0.681300
vt 0.372807 0.740377
vt 0.392977 0.721221
vt 0.309985 0.725785
vt 0.417609 0.698840
vt 0.405425 0.704554
vt 0.417609 0.698840
vt 0.381791 0.707381
vt 0.365820 0.716156
vt 0.342476 0.681300
vt 0.369227 0.681300
vt 0.399645 0.695141
vt 0.396837 0.681300
vt 0.405425 0.704554
vt 0.417255 0.691478
vt 0.417240 0.681300
vt 0.417609 0.698840
vt 0.322938 0.702095
vt 0.413996 0.877163
vt 0.485507 0.877163
vt 0.485507 0.948674
vt 0.413996 0.948674
vt 0.413996 0.877163
vt 0.485507 0.877163
vt 0.485507 0.948674
vt 0.413996 0.948674
vt 0.413996 0.877163
vt 0.485507 0.877163
vt 0.485507 0.948674
vt 0.413996 0.948674
vt 0.413996 0.877163
vt 0.485507 0.877163
vt 0.485507 0.948674
vt 0.413996 0.948674
vt 0.413996 0.877163
vt 0.485507 0.877163
vt 0.485507 0.948674
vt 0.413996 0.948674
vt 0.413996 0.877163
vt 0.485507 0.877163
vt 0.485507 0.948674
vt 0.413996 0.948674
vt 0.413996 0.877163
vt 0.485507 0.877163
vt 0.485507 0.948674
vt 0.413996 0.948674
vt 0.413996 0.877163
vt 0.485507 0.877163
vt 0.485507 0.948674
vt 0.413996 0.948674
vt 0.413996 0.877163
vt 0.485507 0.877163
vt 0.485507 0.948674
vt 0.413996 0.948674
vt 0.413996 0.877163
vt 0.485507 0.877163
vt 0.485507 0.948674
vt 0.413996 0.948674
vt 0.413996 0.877163
vt 0.485507 0.877163
vt 0.485507 0.948674
vt 0.413996 0.948674
vt 0.413996 0.877163
vt 0.485507 0.877163
vt 0.485507 0.948674
vt 0.413996 0.948674
vt 0.413996 0.877163
vt 0.485507 0.877163
vt 0.485507 0.948674
vt 0.413996 0.948674
vt 0.413996 0.877163
vt 0.485507 0.877163
vt 0.485507 0.948674
vt 0.413996 0.948674
vt 0.413996 0.877163
vt 0.485507 0.877163
vt 0.485507 0.948674
vt 0.413996 0.948674
vt 0.413996 0.877163
vt 0.485507 0.877163
vt 0.485507 0.948674
vt 0.413996 0.948674
vt 0.413996 0.877163
vt 0.485507 0.877163
vt 0.485507 0.948674
vt 0.413996 0.948674
vt 0.413996 0.877163
vt 0.485507 0.877163
vt 0.485507 0.948674
vt 0.413996 0.948674
vt 0.413996 0.877163
vt 0.485507 0.877163
vt 0.485507 0.948674
vt 0.413996 0.948674
vt 0.413996 0.877163
vt 0.485507 0.877163
vt 0.485507 0.948674
vt 0.413996 0.948674
vt 0.413996 0.877163
vt 0.485507 0.877163
vt 0.485507 0.948674
vt 0.413996 0.948674
vt 0.413996 0.877163
vt 0.485507 0.877163
vt 0.485507 0.948674
vt 0.413996 0.948674
vt 0.413996 0.877163
vt 0.485507 0.877163
vt 0.485507 0.948674
vt 0.413996 0.948674
vt 0.413996 0.877163
vt 0.485507 0.877163
vt 0.485507 0.948674
vt 0.413996 0.948674
vt 0.413996 0.877163
vt 0.485507 0.877163
vt 0.485507 0.948674
vt 0.413996 0.948674
vt 0.413996 0.877163
vt 0.485507 0.877163
vt 0.485507 0.948674
vt 0.413996 0.948674
vt 0.413996 0.877163
vt 0.485507 0.877163
vt 0.485507 0.948674
vt 0.413996 0.948674
vt 0.413996 0.877163
vt 0.485507 0.877163
vt 0.485507 0.948674
vt 0.413996 0.948674
vt 0.413996 0.877163
vt 0.485507 0.877163
vt 0.485507 0.948674
vt 0.413996 0.948674
vt 0.413996 0.877163
vt 0.485507 0.877163
vt 0.485507 0.948674
vt 0.413996 0.948674
vt 0.413996 0.877163
vt 0.485507 0.877163
vt 0.485507 0.948674
vt 0.413996 0.948674
vt 0.413996 0.877163
vt 0.485507 0.877163
vt 0.485507 0.948674
vt 0.413996 0.948674
vt 0.485507 0.877163
vt 0.485507 0.948674
vt 0.413996 0.948674
vt 0.413996 0.877163
vt 0.485507 0.877163
vt 0.485507 0.948674
vt 0.413996 0.948674
vt 0.413996 0.877163
vt 0.485507 0.877163
vt 0.485507 0.948674
vt 0.413996 0.948674
vt 0.413996 0.877163
vt 0.485507 0.948674
vt 0.413996 0.948674
vt 0.449752 0.948674
vt 0.475035 0.938202
vt 0.485507 0.912919
vt 0.475035 0.887636
vt 0.449752 0.877163
vt 0.424469 0.887636
vt 0.413996 0.912919
vt 0.424469 0.938202
vt 0.413996 0.877163
vt 0.485507 0.948674
vt 0.485507 0.877163
vt 0.485507 0.948674
vt 0.413996 0.877163
vt 0.485507 0.877163
vt 0.485507 0.948674
vt 0.413996 0.948674
vt 0.413996 0.877163
vt 0.485507 0.948674
vt 0.413996 0.877163
vt 0.485507 0.877163
vt 0.485507 0.948674
vt 0.413996 0.948674
vt 0.413996 0.877163
vt 0.485507 0.877163
vt 0.485507 0.948674
vt 0.413996 0.948674
vt 0.413996 0.877163
vt 0.485507 0.877163
vt 0.485507 0.948674
vt 0.413996 0.948674
vt 0.413996 0.877163
vt 0.485507 0.877163
vt 0.485507 0.948674
vt 0.413996 0.948674
vt 0.413996 0.877163
vt 0.485507 0.877163
vt 0.485507 0.948674
vt 0.413996 0.948674
vt 0.413996 0.877163
vt 0.485507 0.877163
vt 0.485507 0.948674
vt 0.413996 0.948674
vt 0.413996 0.877163
vt 0.413996 0.877163
vt 0.413996 0.948674
vt 0.485507 0.948674
vt 0.485507 0.877163
vt 0.413996 0.877163
vt 0.413996 0.948674
vt 0.485507 0.948674
vt 0.485507 0.877163
vt 0.413996 0.877163
vt 0.413996 0.948674
vt 0.485507 0.948674
vt 0.485507 0.877163
vt 0.413996 0.877163
vt 0.413996 0.948674
vt 0.485507 0.948674
vt 0.485507 0.877163
vt 0.413996 0.877163
vt 0.413996 0.948674
vt 0.485507 0.948674
vt 0.485507 0.877163
vt 0.413996 0.877163
vt 0.413996 0.948674
vt 0.485507 0.948674
vt 0.485507 0.877163
vt 0.413996 0.877163
vt 0.413996 0.948674
vt 0.485507 0.948674
vt 0.485507 0.877163
vt 0.413996 0.877163
vt 0.413996 0.948674
vt 0.485507 0.948674
vt 0.485507 0.877163
vt 0.413996 0.877163
vt 0.413996 0.948674
vt 0.485507 0.948674
vt 0.485507 0.877163
vt 0.413996 0.877163
vt 0.413996 0.948674
vt 0.485507 0.948674
vt 0.485507 0.877163
vt 0.413996 0.877163
vt 0.413996 0.948674
vt 0.485507 0.948674
vt 0.485507 0.877163
vt 0.413996 0.877163
vt 0.413996 0.948674
vt 0.485507 0.948674
vt 0.485507 0.877163
vt 0.413996 0.877163
vt 0.413996 0.948674
vt 0.485507 0.948674
vt 0.485507 0.877163
vt 0.413996 0.877163
vt 0.413996 0.948674
vt 0.485507 0.948674
vt 0.485507 0.877163
vt 0.413996 0.877163
vt 0.413996 0.948674
vt 0.485507 0.948674
vt 0.485507 0.877163
vt 0.413996 0.877163
vt 0.413996 0.948674
vt 0.485507 0.948674
vt 0.485507 0.877163
vt 0.413996 0.877163
vt 0.413996 0.948674
vt 0.485507 0.948674
vt 0.485507 0.877163
vt 0.413996 0.877163
vt 0.413996 0.948674
vt 0.485507 0.948674
vt 0.485507 0.877163
vt 0.413996 0.877163
vt 0.413996 0.948674
vt 0.485507 0.948674
vt 0.485507 0.877163
vt 0.413996 0.877163
vt 0.413996 0.948674
vt 0.485507 0.948674
vt 0.485507 0.877163
vt 0.413996 0.877163
vt 0.413996 0.948674
vt 0.485507 0.948674
vt 0.485507 0.877163
vt 0.413996 0.877163
vt 0.413996 0.948674
vt 0.485507 0.948674
vt 0.485507 0.877163
vt 0.413996 0.877163
vt 0.413996 0.948674
vt 0.485507 0.948674
vt 0.485507 0.877163
vt 0.413996 0.877163
vt 0.413996 0.948674
vt 0.485507 0.948674
vt 0.485507 0.877163
vt 0.413996 0.877163
vt 0.413996 0.948674
vt 0.485507 0.948674
vt 0.485507 0.877163
vt 0.413996 0.877163
vt 0.413996 0.948674
vt 0.485507 0.948674
vt 0.485507 0.877163
vt 0.413996 0.877163
vt 0.413996 0.948674
vt 0.485507 0.948674
vt 0.485507 0.877163
vt 0.413996 0.877163
vt 0.413996 0.948674
vt 0.485507 0.948674
vt 0.485507 0.877163
vt 0.413996 0.877163
vt 0.413996 0.948674
vt 0.485507 0.948674
vt 0.485507 0.877163
vt 0.413996 0.877163
vt 0.413996 0.948674
vt 0.485507 0.948674
vt 0.485507 0.877163
vt 0.413996 0.877163
vt 0.413996 0.948674
vt 0.485507 0.948674
vt 0.485507 0.877163
vt 0.413996 0.877163
vt 0.413996 0.948674
vt 0.485507 0.948674
vt 0.485507 0.877163
vt 0.413996 0.877163
vt 0.413996 0.948674
vt 0.485507 0.948674
vt 0.485507 0.877163
vt 0.413996 0.877163
vt 0.413996 0.948674
vt 0.485507 0.948674
vt 0.485507 0.877163
vt 0.413996 0.877163
vt 0.413996 0.948674
vt 0.485507 0.948674
vt 0.485507 0.877163
vt 0.413996 0.877163
vt 0.413996 0.948674
vt 0.485507 0.948674
vt 0.485507 0.877163
vt 0.413996 0.877163
vt 0.413996 0.948674
vt 0.485507 0.948674
vt 0.485507 0.877163
vt 0.413996 0.877163
vt 0.413996 0.948674
vt 0.485507 0.948674
vt 0.485507 0.877163
vt 0.413996 0.877163
vt 0.413996 0.948674
vt 0.485507 0.948674
vt 0.485507 0.877163
vt 0.413996 0.877163
vt 0.413996 0.948674
vt 0.485507 0.948674
vt 0.485507 0.877163
vt 0.413996 0.877163
vt 0.413996 0.948674
vt 0.485507 0.948674
vt 0.485507 0.877163
vt 0.413996 0.877163
vt 0.413996 0.948674
vt 0.485507 0.948674
vt 0.485507 0.877163
vt 0.413996 0.877163
vt 0.413996 0.948674
vt 0.485507 0.948674
vt 0.485507 0.877163
vt 0.413996 0.877163
vt 0.413996 0.948674
vt 0.485507 0.948674
vt 0.485507 0.877163
vt 0.413996 0.877163
vt 0.413996 0.948674
vt 0.485507 0.948674
vt 0.485507 0.877163
vt 0.413996 0.877163
vt 0.413996 0.948674
vt 0.485507 0.948674
vt 0.485507 0.877163
vt 0.413996 0.877163
vt 0.413996 0.948674
vt 0.485507 0.948674
vt 0.485507 0.877163
vt 0.413996 0.877163
vt 0.413996 0.948674
vt 0.485507 0.948674
vt 0.485507 0.877163
vt 0.413996 0.877163
vt 0.413996 0.948674
vt 0.485507 0.948674
vt 0.485507 0.877163
vt 0.413996 0.877163
vt 0.413996 0.948674
vt 0.485507 0.948674
vt 0.485507 0.877163
vt 0.413996 0.948674
vt 0.485507 0.948674
vt 0.485507 0.877163
vt 0.413996 0.877163
vt 0.413996 0.948674
vt 0.485507 0.948674
vt 0.485507 0.877163
vt 0.413996 0.877163
vt 0.485507 0.948674
vt 0.485507 0.877163
vt 0.413996 0.877163
vt 0.413996 0.948674
vt 0.485507 0.948674
vt 0.485507 0.877163
vt 0.413996 0.877163
vt 0.413996 0.948674
vt 0.485507 0.948674
vt 0.485507 0.877163
vt 0.413996 0.877163
vt 0.413996 0.948674
vt 0.485507 0.948674
vt 0.485507 0.877163
vt 0.413996 0.877163
vt 0.413996 0.948674
vt 0.485507 0.948674
vt 0.485507 0.877163
vt 0.413996 0.877163
vt 0.413996 0.948674
vt 0.485507 0.948674
vt 0.485507 0.877163
vt 0.413996 0.948674
vt 0.485507 0.948674
vt 0.485507 0.877163
vt 0.413996 0.948674
vt 0.485507 0.948674
vt 0.485507 0.877163
vt 0.413996 0.877163
vt 0.413996 0.948674
vt 0.485507 0.948674
vt 0.485507 0.877163
vt 0.413996 0.877163
vt 0.413996 0.948674
vt 0.485507 0.948674
vt 0.485507 0.877163
vt 0.413996 0.877163
vt 0.413996 0.948674
vt 0.485507 0.948674
vt 0.485507 0.877163
vt 0.413996 0.877163
vt 0.413996 0.948674
vt 0.485507 0.948674
vt 0.485507 0.877163
vt 0.413996 0.948674
vt 0.485507 0.948674
vt 0.485507 0.877163
vt 0.413996 0.877163
vt 0.413996 0.948674
vt 0.485507 0.948674
vt 0.485507 0.877163
vt 0.413996 0.877163
vt 0.413996 0.948674
vt 0.485507 0.948674
vt 0.485507 0.877163
vt 0.413996 0.948674
vt 0.485507 0.948674
vt 0.485507 0.877163
vt 0.413996 0.877163
vt 0.413996 0.948674
vt 0.485507 0.948674
vt 0.485507 0.877163
vt 0.413996 0.877163
vt 0.413996 0.948674
vt 0.485507 0.948674
vt 0.485507 0.877163
vt 0.413996 0.877163
vt 0.413996 0.948674
vt 0.485507 0.948674
vt 0.485507 0.877163
vt 0.413996 0.877163
vt 0.413996 0.948674
vt 0.485507 0.948674
vt 0.485507 0.877163
vt 0.413996 0.948674
vt 0.485507 0.948674
vt 0.485507 0.877163
vt 0.413996 0.877163
vt 0.413996 0.948674
vt 0.485507 0.948674
vt 0.485507 0.877163
vt 0.413996 0.877163
vt 0.485507 0.948674
vt 0.485507 0.877163
vt 0.485507 0.948674
vt 0.485507 0.877163
vt 0.413996 0.877163
vt 0.413996 0.948674
vt 0.485507 0.948674
vt 0.485507 0.877163
vt 0.413996 0.877163
vt 0.413996 0.948674
vt 0.485507 0.948674
vt 0.485507 0.877163
vt 0.413996 0.877163
vt 0.413996 0.948674
vt 0.485507 0.948674
vt 0.485507 0.877163
vt 0.485507 0.948674
vt 0.485507 0.877163
vt 0.413996 0.877163
vt 0.413996 0.948674
vt 0.485507 0.948674
vt 0.485507 0.877163
vt 0.413996 0.877163
vt 0.413996 0.948674
vt 0.485507 0.948674
vt 0.485507 0.877163
vt 0.413996 0.948674
vt 0.485507 0.948674
vt 0.485507 0.877163
vt 0.413996 0.877163
vt 0.413996 0.948674
vt 0.485507 0.877163
vt 0.413996 0.948674
vt 0.485507 0.948674
vt 0.485507 0.877163
vt 0.413996 0.877163
vt 0.413996 0.948674
vt 0.485507 0.948674
vt 0.413996 0.877163
vt 0.413996 0.948674
vt 0.485507 0.948674
vt 0.485507 0.877163
vt 0.413996 0.877163
vt 0.413996 0.948674
vt 0.485507 0.948674
vt 0.413996 0.877163
vt 0.413996 0.948674
vt 0.485507 0.877163
vt 0.413996 0.948674
vt 0.485507 0.948674
vt 0.413996 0.877163
vt 0.413996 0.948674
vt 0.485507 0.948674
vt 0.485507 0.877163
vt 0.413996 0.877163
vt 0.413996 0.948674
vt 0.485507 0.948674
vt 0.413996 0.877163
vt 0.413996 0.948674
vt 0.485507 0.948674
vt 0.485507 0.877163
vt 0.413996 0.877163
vt 0.413996 0.948674
vt 0.485507 0.948674
vt 0.413996 0.877163
vt 0.413996 0.948674
vt 0.485507 0.948674
vt 0.485507 0.877163
vt 0.413996 0.877163
vt 0.485507 0.948674
vt 0.485507 0.877163
vt 0.413996 0.877163
vt 0.413996 0.948674
vt 0.413996 0.877163
vt 0.413996 0.877163
vt 0.413996 0.948674
vt 0.413996 0.877163
vt 0.485507 0.948674
vt 0.485507 0.877163
vt 0.413996 0.877163
vt 0.413996 0.948674
vt 0.485507 0.948674
vt 0.485507 0.877163
vt 0.413996 0.877163
vt 0.413996 0.948674
vt 0.485507 0.948674
vt 0.485507 0.877163
vt 0.413996 0.877163
vt 0.485507 0.948674
vt 0.485507 0.877163
vt 0.413996 0.877163
vt 0.485507 0.948674
vt 0.413996 0.877163
vt 0.413996 0.948674
vt 0.485507 0.948674
vt 0.485507 0.877163
vt 0.413996 0.877163
vt 0.413996 0.948674
vt 0.485507 0.948674
vt 0.485507 0.877163
vt 0.413996 0.877163
vt 0.413996 0.948674
vt 0.485507 0.948674
vt 0.485507 0.877163
vt 0.413996 0.877163
vt 0.413996 0.948674
vt 0.485507 0.948674
vt 0.485507 0.877163
vt 0.413996 0.877163
vt 0.413996 0.948674
vt 0.485507 0.948674
vt 0.485507 0.877163
vt 0.413996 0.877163
vt 0.413996 0.948674
vt 0.485507 0.948674
vt 0.485507 0.877163
vt 0.413996 0.877163
vt 0.413996 0.948674
vt 0.485507 0.948674
vt 0.485507 0.877163
vt 0.413996 0.877163
vt 0.413996 0.948674
vt 0.485507 0.948674
vt 0.485507 0.877163
vt 0.413996 0.877163
vt 0.413996 0.948674
vt 0.485507 0.948674
vt 0.485507 0.877163
vt 0.413996 0.877163
vt 0.413996 0.948674
vt 0.485507 0.948674
vt 0.485507 0.877163
vt 0.413996 0.877163
vt 0.413996 0.948674
vt 0.485507 0.948674
vt 0.485507 0.877163
vt 0.413996 0.877163
vt 0.413996 0.948674
vt 0.485507 0.948674
vt 0.485507 0.877163
vt 0.413996 0.877163
vt 0.413996 0.948674
vt 0.485507 0.948674
vt 0.485507 0.877163
vt 0.413996 0.877163
vt 0.413996 0.948674
vt 0.485507 0.948674
vt 0.485507 0.877163
vt 0.413996 0.877163
vt 0.413996 0.948674
vt 0.485507 0.948674
vt 0.485507 0.877163
vt 0.413996 0.877163
vt 0.413996 0.948674
vt 0.485507 0.948674
vt 0.485507 0.877163
vt 0.413996 0.877163
vt 0.413996 0.948674
vt 0.485507 0.948674
vt 0.485507 0.877163
vt 0.413996 0.877163
vt 0.413996 0.948674
vt 0.485507 0.948674
vt 0.485507 0.877163
vt 0.413996 0.877163
vt 0.413996 0.948674
vt 0.485507 0.948674
vt 0.485507 0.877163
vt 0.413996 0.877163
vt 0.413996 0.948674
vt 0.485507 0.948674
vt 0.485507 0.877163
vt 0.413996 0.877163
vt 0.413996 0.948674
vt 0.485507 0.948674
vt 0.485507 0.877163
vt 0.413996 0.877163
vt 0.413996 0.948674
vt 0.485507 0.948674
vt 0.485507 0.877163
vt 0.413996 0.877163
vt 0.413996 0.948674
vt 0.485507 0.948674
vt 0.485507 0.877163
vt 0.413996 0.877163
vt 0.413996 0.948674
vt 0.485507 0.948674
vt 0.485507 0.877163
vt 0.413996 0.877163
vt 0.413996 0.948674
vt 0.485507 0.948674
vt 0.485507 0.877163
vt 0.413996 0.877163
vt 0.413996 0.948674
vt 0.485507 0.948674
vt 0.485507 0.877163
vt 0.413996 0.877163
vt 0.413996 0.948674
vt 0.485507 0.948674
vt 0.485507 0.877163
vt 0.413996 0.877163
vt 0.413996 0.948674
vt 0.485507 0.948674
vt 0.485507 0.877163
vt 0.413996 0.877163
vt 0.413996 0.948674
vt 0.485507 0.948674
vt 0.485507 0.877163
vt 0.413996 0.877163
vt 0.413996 0.948674
vt 0.485507 0.948674
vt 0.485507 0.877163
vt 0.413996 0.877163
vt 0.413996 0.948674
vt 0.485507 0.948674
vt 0.485507 0.877163
vt 0.413996 0.877163
vt 0.413996 0.948674
vt 0.485507 0.948674
vt 0.485507 0.877163
vt 0.413996 0.877163
vt 0.413996 0.948674
vt 0.485507 0.948674
vt 0.485507 0.877163
vt 0.413996 0.877163
vt 0.413996 0.948674
vt 0.485507 0.948674
vt 0.485507 0.877163
vt 0.413996 0.877163
vt 0.413996 0.948674
vt 0.485507 0.948674
vt 0.485507 0.877163
vt 0.413996 0.877163
vt 0.413996 0.948674
vt 0.485507 0.948674
vt 0.485507 0.877163
vt 0.413996 0.877163
vt 0.413996 0.948674
vt 0.485507 0.948674
vt 0.485507 0.877163
vt 0.413996 0.877163
vt 0.413996 0.948674
vt 0.485507 0.948674
vt 0.485507 0.877163
vt 0.413996 0.877163
vt 0.413996 0.948674
vt 0.485507 0.948674
vt 0.485507 0.877163
vt 0.413996 0.877163
vt 0.413996 0.948674
vt 0.485507 0.948674
vt 0.485507 0.877163
vt 0.413996 0.877163
vt 0.413996 0.948674
vt 0.485507 0.948674
vt 0.485507 0.877163
vt 0.413996 0.877163
vt 0.413996 0.948674
vt 0.485507 0.948674
vt 0.485507 0.877163
vt 0.413996 0.877163
vt 0.413996 0.877163
vt 0.485507 0.948674
vt 0.413996 0.877163
vt 0.485507 0.948674
vt 0.485507 0.877163
vt 0.413996 0.877163
vt 0.485507 0.877163
vt 0.413996 0.877163
vt 0.485507 0.948674
vt 0.413996 0.877163
vt 0.485507 0.948674
vt 0.485507 0.877163
vt 0.413996 0.877163
vt 0.485507 0.948674
vt 0.485507 0.877163
vt 0.413996 0.877163
vt 0.485507 0.948674
vt 0.485507 0.877163
vt 0.413996 0.877163
vt 0.413996 0.948674
vt 0.485507 0.948674
vt 0.485507 0.877163
vt 0.413996 0.877163
vt 0.413996 0.948674
vt 0.485507 0.948674
vt 0.485507 0.877163
vt 0.413996 0.877163
vt 0.413996 0.948674
vt 0.485507 0.948674
vt 0.485507 0.877163
vt 0.413996 0.877163
vt 0.413996 0.948674
vt 0.485507 0.948674
vt 0.485507 0.877163
vt 0.413996 0.877163
vt 0.413996 0.948674
vt 0.485507 0.948674
vt 0.485507 0.877163
vt 0.413996 0.877163
vt 0.413996 0.948674
vt 0.485507 0.948674
vt 0.485507 0.877163
vt 0.413996 0.877163
vt 0.413996 0.948674
vt 0.485507 0.948674
vt 0.485507 0.877163
vt 0.413996 0.877163
vt 0.413996 0.948674
vt 0.485507 0.948674
vt 0.485507 0.877163
vt 0.413996 0.877163
vt 0.413996 0.948674
vt 0.485507 0.948674
vt 0.485507 0.877163
vt 0.413996 0.877163
vt 0.413996 0.948674
vt 0.485507 0.948674
vt 0.485507 0.877163
vt 0.413996 0.877163
vt 0.413996 0.948674
vt 0.485507 0.948674
vt 0.485507 0.877163
vt 0.413996 0.877163
vt 0.413996 0.948674
vt 0.485507 0.948674
vt 0.485507 0.877163
vt 0.413996 0.877163
vt 0.413996 0.948674
vt 0.485507 0.948674
vt 0.485507 0.877163
vt 0.413996 0.877163
vt 0.413996 0.948674
vt 0.485507 0.948674
vt 0.485507 0.877163
vt 0.413996 0.877163
vt 0.413996 0.948674
vt 0.485507 0.948674
vt 0.485507 0.877163
vt 0.413996 0.877163
vt 0.413996 0.948674
vt 0.485507 0.948674
vt 0.485507 0.877163
vt 0.413996 0.877163
vt 0.413996 0.948674
vt 0.485507 0.948674
vt 0.485507 0.877163
vt 0.485507 0.948674
vt 0.485507 0.877163
vt 0.485507 0.948674
vt 0.485507 0.877163
vt 0.413996 0.877163
vt 0.413996 0.948674
vt 0.413996 0.877163
vt 0.413996 0.948674
vt 0.485507 0.948674
vt 0.485507 0.877163
vt 0.413996 0.877163
vt 0.413996 0.948674
vt 0.485507 0.948674
vt 0.413996 0.877163
vt 0.413996 0.948674
vt 0.485507 0.948674
vt 0.413996 0.877163
vt 0.413996 0.948674
vt 0.485507 0.948674
vt 0.485507 0.877163
vt 0.413996 0.877163
vt 0.413996 0.948674
vt 0.413996 0.877163
vt 0.413996 0.948674
vt 0.413996 0.877163
vt 0.413996 0.948674
vt 0.485507 0.948674
vt 0.485507 0.877163
vt 0.413996 0.877163
vt 0.413996 0.948674
vt 0.485507 0.948674
vt 0.413996 0.877163
vt 0.413996 0.948674
vt 0.485507 0.948674
vt 0.485507 0.877163
vt 0.413996 0.948674
vt 0.485507 0.948674
vt 0.485507 0.877163
vt 0.413996 0.948674
vt 0.485507 0.948674
vt 0.485507 0.877163
vt 0.413996 0.948674
vt 0.485507 0.948674
vt 0.485507 0.877163
vt 0.413996 0.948674
vt 0.485507 0.948674
vt 0.413996 0.948674
vt 0.485507 0.948674
vt 0.485507 0.877163
vt 0.413996 0.877163
vt 0.413996 0.948674
vt 0.485507 0.948674
vt 0.485507 0.877163
vt 0.413996 0.877163
vt 0.413996 0.948674
vt 0.485507 0.948674
vt 0.485507 0.877163
vt 0.413996 0.877163
vt 0.413996 0.948674
vt 0.413996 0.877163
vt 0.413996 0.948674
vt 0.485507 0.948674
vt 0.485507 0.877163
vt 0.413996 0.877163
vt 0.413996 0.948674
vt 0.485507 0.948674
vt 0.485507 0.877163
vt 0.413996 0.877163
vt 0.413996 0.948674
vt 0.485507 0.948674
vt 0.485507 0.877163
vt 0.413996 0.877163
vt 0.413996 0.948674
vt 0.485507 0.948674
vt 0.413996 0.877163
vt 0.485507 0.948674
vt 0.485507 0.877163
vt 0.413996 0.877163
vt 0.413996 0.948674
vt 0.485507 0.948674
vt 0.485507 0.877163
vt 0.413996 0.948674
vt 0.485507 0.948674
vt 0.485507 0.877163
vt 0.413996 0.877163
vt 0.485507 0.948674
vt 0.485507 0.877163
vt 0.413996 0.877163
vt 0.413996 0.948674
vt 0.485507 0.948674
vt 0.485507 0.877163
vt 0.413996 0.877163
vt 0.413996 0.948674
vt 0.485507 0.948674
vt 0.485507 0.877163
vt 0.413996 0.948674
vt 0.485507 0.948674
vt 0.485507 0.877163
vt 0.413996 0.877163
vt 0.413996 0.948674
vt 0.485507 0.948674
vt 0.485507 0.877163
vt 0.413996 0.877163
vt 0.413996 0.948674
vt 0.485507 0.948674
vt 0.485507 0.877163
vt 0.413996 0.877163
vt 0.413996 0.948674
vt 0.485507 0.948674
vt 0.485507 0.877163
vt 0.413996 0.877163
vt 0.413996 0.948674
vt 0.485507 0.948674
vt 0.485507 0.877163
vt 0.413996 0.877163
vt 0.413996 0.948674
vt 0.485507 0.948674
vt 0.485507 0.877163
vt 0.413996 0.877163
vt 0.413996 0.948674
vt 0.485507 0.948674
vt 0.485507 0.877163
vt 0.413996 0.877163
vt 0.413996 0.948674
vt 0.485507 0.948674
vt 0.485507 0.877163
vt 0.413996 0.877163
vt 0.413996 0.948674
vt 0.485507 0.948674
vt 0.485507 0.877163
vt 0.413996 0.877163
vt 0.413996 0.948674
vt 0.485507 0.948674
vt 0.485507 0.877163
vt 0.413996 0.877163
vt 0.413996 0.948674
vt 0.485507 0.948674
vt 0.485507 0.877163
vt 0.413996 0.877163
vt 0.413996 0.948674
vt 0.485507 0.948674
vt 0.485507 0.877163
vt 0.413996 0.877163
vt 0.413996 0.948674
vt 0.485507 0.948674
vt 0.485507 0.877163
vt 0.413996 0.877163
vt 0.413996 0.948674
vt 0.485507 0.948674
vt 0.485507 0.877163
vt 0.413996 0.877163
vt 0.413996 0.948674
vt 0.485507 0.948674
vt 0.485507 0.877163
vt 0.413996 0.877163
vt 0.413996 0.948674
vt 0.485507 0.948674
vt 0.485507 0.877163
vt 0.413996 0.877163
vt 0.413996 0.948674
vt 0.485507 0.948674
vt 0.485507 0.877163
vt 0.413996 0.877163
vt 0.413996 0.948674
vt 0.485507 0.948674
vt 0.485507 0.877163
vt 0.413996 0.877163
vt 0.413996 0.948674
vt 0.485507 0.948674
vt 0.485507 0.877163
vt 0.413996 0.877163
vt 0.413996 0.948674
vt 0.485507 0.948674
vt 0.485507 0.877163
vt 0.413996 0.877163
vt 0.413996 0.948674
vt 0.485507 0.948674
vt 0.485507 0.877163
vt 0.413996 0.877163
vt 0.413996 0.948674
vt 0.485507 0.948674
vt 0.485507 0.877163
vt 0.413996 0.877163
vt 0.413996 0.948674
vt 0.485507 0.948674
vt 0.485507 0.877163
vt 0.413996 0.877163
vt 0.413996 0.948674
vt 0.485507 0.948674
vt 0.485507 0.877163
vt 0.413996 0.877163
vt 0.413996 0.948674
vt 0.485507 0.948674
vt 0.485507 0.877163
vt 0.517532 0.681300
vt 0.489925 0.643404
vt 0.514494 0.652745
vt 0.523161 0.585492
vt 0.491282 0.570154
vt 0.515329 0.544866
vt 0.538151 0.566365
vt 0.518868 0.617172
vt 0.493462 0.614366
vt 0.514494 0.652745
vt 0.470742 0.613541
vt 0.461486 0.566112
vt 0.474376 0.644491
vt 0.499379 0.531347
vt 0.446242 0.614263
vt 0.431434 0.574732
vt 0.457887 0.641665
vt 0.431434 0.574732
vt 0.437707 0.508854
vt 0.416239 0.621507
vt 0.390387 0.591200
vt 0.432227 0.641233
vt 0.390387 0.591200
vt 0.348445 0.534205
vt 0.476237 0.675264
vt 0.473028 0.668471
vt 0.460308 0.659914
vt 0.452599 0.658727
vt 0.442276 0.657138
vt 0.463010 0.670027
vt 0.464072 0.681300
vt 0.456796 0.681300
vt 0.454509 0.668944
vt 0.460308 0.659914
vt 0.463010 0.670027
vt 0.454509 0.668944
vt 0.452599 0.658727
vt 0.473028 0.668471
vt 0.476237 0.675264
vt 0.476797 0.681300
vt 0.464072 0.681300
vt 0.427196 0.669502
vt 0.445370 0.667780
vt 0.404870 0.631650
vt 0.376702 0.612027
vt 0.390387 0.591200
vt 0.376702 0.612027
vt 0.312152 0.596531
vt 0.348445 0.534205
vt 0.425624 0.658429
vt 0.419618 0.648358
vt 0.425624 0.658429
vt 0.442276 0.657138
vt 0.417255 0.671122
vt 0.392977 0.641379
vt 0.372807 0.622223
vt 0.309985 0.636814
vt 0.417609 0.663760
vt 0.417609 0.663760
vt 0.405424 0.658045
vt 0.381791 0.655219
vt 0.365820 0.646444
vt 0.399645 0.667459
vt 0.405424 0.658045
vt 0.417255 0.671122
vt 0.417609 0.663760
vt 0.322938 0.660505
vt 0.413996 0.877163
vt 0.413996 0.948674
vt 0.485507 0.948674
vt 0.485507 0.877163
vt 0.413996 0.877163
vt 0.413996 0.948674
vt 0.485507 0.948674
vt 0.485507 0.877163
vt 0.413996 0.877163
vt 0.413996 0.948674
vt 0.485507 0.948674
vt 0.485507 0.877163
vt 0.413996 0.877163
vt 0.413996 0.948674
vt 0.485507 0.948674
vt 0.485507 0.877163
vt 0.413996 0.877163
vt 0.413996 0.948674
vt 0.485507 0.948674
vt 0.485507 0.877163
vt 0.413996 0.877163
vt 0.413996 0.948674
vt 0.485507 0.948674
vt 0.485507 0.877163
vt 0.413996 0.877163
vt 0.413996 0.948674
vt 0.485507 0.948674
vt 0.485507 0.877163
vt 0.413996 0.877163
vt 0.413996 0.948674
vt 0.485507 0.948674
vt 0.485507 0.877163
vt 0.413996 0.877163
vt 0.413996 0.948674
vt 0.485507 0.948674
vt 0.485507 0.877163
vt 0.413996 0.877163
vt 0.413996 0.948674
vt 0.485507 0.948674
vt 0.485507 0.877163
vt 0.413996 0.877163
vt 0.413996 0.948674
vt 0.485507 0.948674
vt 0.485507 0.877163
vt 0.413996 0.877163
vt 0.413996 0.948674
vt 0.485507 0.948674
vt 0.485507 0.877163
vt 0.413996 0.877163
vt 0.413996 0.948674
vt 0.485507 0.948674
vt 0.485507 0.877163
vt 0.413996 0.877163
vt 0.413996 0.948674
vt 0.485507 0.948674
vt 0.485507 0.877163
vt 0.413996 0.877163
vt 0.413996 0.948674
vt 0.485507 0.948674
vt 0.485507 0.877163
vt 0.413996 0.877163
vt 0.413996 0.948674
vt 0.485507 0.948674
vt 0.485507 0.877163
vt 0.413996 0.877163
vt 0.413996 0.948674
vt 0.485507 0.948674
vt 0.485507 0.877163
vt 0.413996 0.877163
vt 0.413996 0.948674
vt 0.485507 0.948674
vt 0.485507 0.877163
vt 0.413996 0.877163
vt 0.413996 0.948674
vt 0.485507 0.948674
vt 0.485507 0.877163
vt 0.413996 0.877163
vt 0.413996 0.948674
vt 0.485507 0.948674
vt 0.485507 0.877163
vt 0.413996 0.877163
vt 0.413996 0.948674
vt 0.485507 0.948674
vt 0.485507 0.877163
vt 0.413996 0.877163
vt 0.413996 0.948674
vt 0.485507 0.948674
vt 0.485507 0.877163
vt 0.413996 0.877163
vt 0.413996 0.948674
vt 0.485507 0.948674
vt 0.485507 0.877163
vt 0.413996 0.877163
vt 0.413996 0.948674
vt 0.485507 0.948674
vt 0.485507 0.877163
vt 0.413996 0.877163
vt 0.413996 0.948674
vt 0.485507 0.948674
vt 0.485507 0.877163
vt 0.413996 0.877163
vt 0.413996 0.948674
vt 0.485507 0.948674
vt 0.485507 0.877163
vt 0.413996 0.877163
vt 0.413996 0.948674
vt 0.485507 0.948674
vt 0.485507 0.877163
vt 0.413996 0.877163
vt 0.413996 0.948674
vt 0.485507 0.948674
vt 0.485507 0.877163
vt 0.413996 0.877163
vt 0.413996 0.948674
vt 0.485507 0.948674
vt 0.485507 0.877163
vt 0.413996 0.877163
vt 0.413996 0.948674
vt 0.485507 0.948674
vt 0.485507 0.877163
vt 0.413996 0.877163
vt 0.413996 0.948674
vt 0.485507 0.948674
vt 0.485507 0.877163
vt 0.413996 0.877163
vt 0.413996 0.948674
vt 0.485507 0.948674
vt 0.485507 0.877163
vt 0.413996 0.948674
vt 0.485507 0.948674
vt 0.485507 0.877163
vt 0.413996 0.877163
vt 0.413996 0.948674
vt 0.485507 0.948674
vt 0.485507 0.877163
vt 0.413996 0.877163
vt 0.413996 0.948674
vt 0.485507 0.948674
vt 0.485507 0.877163
vt 0.413996 0.877163
vt 0.413996 0.948674
vt 0.485507 0.948674
vt 0.449752 0.948674
vt 0.424469 0.938202
vt 0.413996 0.912919
vt 0.424469 0.887636
vt 0.449752 0.877163
vt 0.475035 0.887636
vt 0.485507 0.912919
vt 0.475035 0.938202
vt 0.413996 0.877163
vt 0.485507 0.948674
vt 0.485507 0.948674
vt 0.485507 0.877163
vt 0.413996 0.877163
vt 0.413996 0.948674
vt 0.485507 0.948674
vt 0.485507 0.877163
vt 0.413996 0.877163
vt 0.485507 0.948674
vt 0.413996 0.877163
vt 0.413996 0.948674
vt 0.485507 0.948674
vt 0.485507 0.877163
vt 0.413996 0.877163
vt 0.413996 0.948674
vt 0.485507 0.948674
vt 0.485507 0.877163
vt 0.413996 0.877163
vt 0.413996 0.948674
vt 0.485507 0.948674
vt 0.485507 0.877163
vt 0.413996 0.877163
vt 0.413996 0.948674
vt 0.485507 0.948674
vt 0.485507 0.877163
vt 0.413996 0.877163
vt 0.413996 0.948674
vt 0.485507 0.948674
vt 0.485507 0.877163
vt 0.413996 0.877163
vt 0.413996 0.948674
vt 0.485507 0.948674
vt 0.485507 0.877163
vt 0.413996 0.877163
vt 0.433267 0.907627
vt 0.458219 0.907627
vt 0.458219 0.932579
vt 0.433267 0.932579
vt 0.433267 0.907627
vt 0.458219 0.907627
vt 0.458219 0.932579
vt 0.433267 0.932579
vt 0.433267 0.907627
vt 0.458219 0.907627
vt 0.458219 0.932579
vt 0.433267 0.932579
vt 0.433267 0.907627
vt 0.458219 0.907627
vt 0.458219 0.932579
vt 0.433267 0.932579
vt 0.433267 0.907627
vt 0.458219 0.907627
vt 0.458219 0.932579
vt 0.433267 0.932579
vt 0.433267 0.907627
vt 0.458219 0.907627
vt 0.458219 0.932579
vt 0.433267 0.932579
vt 0.458219 0.907627
vt 0.458219 0.932579
vt 0.433267 0.932579
vt 0.433267 0.907627
vt 0.458219 0.907627
vt 0.458219 0.932579
vt 0.433267 0.932579
vt 0.433267 0.907627
vt 0.458219 0.907627
vt 0.458219 0.932579
vt 0.433267 0.932579
vt 0.433267 0.907627
vt 0.458219 0.907627
vt 0.458219 0.932579
vt 0.433267 0.932579
vt 0.433267 0.907627
vt 0.458219 0.907627
vt 0.458219 0.932579
vt 0.433267 0.907627
vt 0.458219 0.907627
vt 0.458219 0.932579
vt 0.433267 0.932579
vt 0.433267 0.907627
vt 0.458219 0.907627
vt 0.458219 0.932579
vt 0.433267 0.932579
vt 0.433267 0.907627
vt 0.458219 0.907627
vt 0.458219 0.932579
vt 0.433267 0.932579
vt 0.433267 0.907627
vt 0.458219 0.907627
vt 0.458219 0.932579
vt 0.433267 0.932579
vt 0.433267 0.907627
vt 0.458219 0.907627
vt 0.458219 0.932579
vt 0.433267 0.932579
vt 0.433267 0.907627
vt 0.458219 0.907627
vt 0.458219 0.932579
vt 0.433267 0.907627
vt 0.458219 0.907627
vt 0.458219 0.932579
vt 0.433267 0.932579
vt 0.433267 0.907627
vt 0.458219 0.907627
vt 0.458219 0.932579
vt 0.433267 0.932579
vt 0.458219 0.907627
vt 0.458219 0.932579
vt 0.433267 0.932579
vt 0.458219 0.907627
vt 0.458219 0.932579
vt 0.433267 0.907627
vt 0.458219 0.907627
vt 0.458219 0.932579
vt 0.433267 0.932579
vt 0.433267 0.907627
vt 0.458219 0.907627
vt 0.458219 0.932579
vt 0.433267 0.932579
vt 0.433267 0.907627
vt 0.458219 0.907627
vt 0.458219 0.932579
vt 0.433267 0.932579
vt 0.433267 0.907627
vt 0.458219 0.907627
vt 0.458219 0.932579
vt 0.433267 0.932579
vt 0.433267 0.907627
vt 0.458219 0.907627
vt 0.458219 0.932579
vt 0.433267 0.932579
vt 0.433267 0.907627
vt 0.458219 0.907627
vt 0.458219 0.932579
vt 0.433267 0.932579
vt 0.433267 0.907627
vt 0.458219 0.907627
vt 0.458219 0.932579
vt 0.433267 0.932579
vt 0.433267 0.907627
vt 0.458219 0.907627
vt 0.458219 0.932579
vt 0.433267 0.932579
vt 0.433267 0.907627
vt 0.458219 0.907627
vt 0.458219 0.932579
vt 0.433267 0.932579
vt 0.433267 0.907627
vt 0.458219 0.907627
vt 0.458219 0.932579
vt 0.433267 0.932579
vt 0.433267 0.907627
vt 0.458219 0.907627
vt 0.458219 0.932579
vt 0.433267 0.932579
vt 0.433267 0.907627
vt 0.458219 0.907627
vt 0.458219 0.932579
vt 0.433267 0.932579
vt 0.433267 0.907627
vt 0.458219 0.907627
vt 0.458219 0.932579
vt 0.433267 0.932579
vt 0.433267 0.907627
vt 0.458219 0.907627
vt 0.458219 0.932579
vt 0.433267 0.932579
vt 0.433267 0.907627
vt 0.458219 0.907627
vt 0.458219 0.932579
vt 0.433267 0.932579
vt 0.458219 0.907627
vt 0.458219 0.932579
vt 0.433267 0.932579
vt 0.433267 0.907627
vt 0.458219 0.907627
vt 0.458219 0.932579
vt 0.433267 0.932579
vt 0.433267 0.907627
vt 0.458219 0.907627
vt 0.458219 0.932579
vt 0.433267 0.932579
vt 0.433267 0.907627
vt 0.458219 0.907627
vt 0.458219 0.932579
vt 0.433267 0.932579
vt 0.433267 0.907627
vt 0.458219 0.932579
vt 0.433267 0.932579
vt 0.433267 0.907627
vt 0.458219 0.907627
vt 0.458219 0.932579
vt 0.433267 0.932579
vt 0.433267 0.907627
vt 0.458219 0.907627
vt 0.458219 0.932579
vt 0.433267 0.932579
vt 0.433267 0.907627
vt 0.458219 0.907627
vt 0.458219 0.932579
vt 0.433267 0.932579
vt 0.433267 0.907627
vt 0.458219 0.907627
vt 0.458219 0.932579
vt 0.433267 0.932579
vt 0.433267 0.907627
vt 0.458219 0.907627
vt 0.458219 0.932579
vt 0.433267 0.932579
vt 0.433267 0.907627
vt 0.458219 0.932579
vt 0.433267 0.932579
vt 0.433267 0.907627
vt 0.458219 0.907627
vt 0.458219 0.932579
vt 0.433267 0.932579
vt 0.433267 0.907627
vt 0.458219 0.907627
vt 0.458219 0.932579
vt 0.433267 0.932579
vt 0.458219 0.907627
vt 0.458219 0.932579
vt 0.433267 0.932579
vt 0.458219 0.932579
vt 0.433267 0.932579
vt 0.433267 0.907627
vt 0.458219 0.907627
vt 0.458219 0.932579
vt 0.433267 0.932579
vt 0.433267 0.907627
vt 0.458219 0.907627
vt 0.458219 0.932579
vt 0.433267 0.932579
vt 0.433267 0.907627
vt 0.458219 0.907627
vt 0.458219 0.932579
vt 0.433267 0.932579
vt 0.433267 0.907627
vt 0.458219 0.907627
vt 0.458219 0.932579
vt 0.433267 0.932579
vt 0.433267 0.907627
vt 0.458219 0.907627
vt 0.458219 0.932579
vt 0.433267 0.932579
vt 0.433267 0.907627
vt 0.458219 0.907627
vt 0.458219 0.932579
vt 0.433267 0.932579
vt 0.433267 0.907627
vt 0.458219 0.907627
vt 0.458219 0.932579
vt 0.433267 0.932579
vt 0.433267 0.907627
vt 0.458219 0.907627
vt 0.458219 0.932579
vt 0.433267 0.932579
vt 0.433267 0.907627
vt 0.458219 0.907627
vt 0.458219 0.932579
vt 0.433267 0.932579
vt 0.456796 0.681300
vt 0.447319 0.681300
vt 0.456796 0.681300
vt 0.447319 0.681300
vn 0.4951 0.5794 0.6474
vn 0.2951 0.1494 0.9437
vn 0.2117 -0.0045 0.9773
vn 0.3994 0.1920 0.8964
vn 0.5872 0.6785 0.4413
vn 0.8121 0.5266 0.2512
vn 0.8336 0.5503 0.0482
vn -0.5567 -0.6543 0.5119
vn -0.5375 -0.6644 0.5192
vn -0.5339 -0.6662 0.5206
vn -0.5085 -0.7811 -0.3623
vn -0.5591 -0.7350 -0.3835
vn -0.5651 -0.7291 -0.3860
vn 0.6705 0.7095 -0.2167
vn 0.6593 0.7209 -0.2135
vn 0.8247 0.5493 -0.1346
vn 0.1119 -0.1771 0.9778
vn 0.0429 -0.1693 0.9846
vn 0.3202 0.2813 -0.9046
vn 0.3137 0.2943 -0.9027
vn 0.3083 0.1712 -0.9357
vn 0.1071 -0.0732 -0.9915
vn -0.0591 -0.2857 -0.9565
vn -0.0540 -0.2901 -0.9554
vn -0.0816 -0.2501 -0.9648
vn 0.1903 -0.0258 0.9814
vn 0.3755 0.1332 0.9172
vn -0.5006 -0.6523 0.5690
vn -0.5033 -0.6577 0.5605
vn 0.8298 0.5316 0.1695
vn 0.8388 0.5404 0.0663
vn 0.2143 0.0047 -0.9767
vn 0.0508 -0.1248 -0.9909
vn -0.0925 -0.2377 -0.9669
vn -0.5981 -0.6884 -0.4103
vn -0.5962 -0.6897 -0.4107
vn 0.8419 0.5383 -0.0382
vn 0.0125 -0.1847 0.9827
vn 0.8129 0.5789 0.0626
vn 0.8018 0.5730 0.1696
vn 0.7497 0.6417 0.1617
vn 0.7697 0.6362 0.0523
vn -0.1878 0.2389 0.9527
vn -0.3227 0.1078 0.9403
vn -0.3108 0.0541 0.9489
vn -0.1405 0.1982 0.9700
vn -0.0114 -0.1581 -0.9873
vn 0.1170 -0.0341 -0.9925
vn 0.1943 -0.0847 -0.9773
vn 0.0798 -0.2127 -0.9738
vn 0.7375 0.6739 -0.0432
vn 0.7228 0.6893 0.0486
vn 0.7615 0.6470 0.0378
vn 0.7674 0.6400 -0.0375
vn 0.7030 0.6982 0.1352
vn 0.7494 0.6524 0.1131
vn -0.7587 -0.4568 0.4645
vn -0.7586 -0.4567 0.4646
vn -0.7383 -0.6707 0.0703
vn -0.7309 -0.5633 0.3851
vn -0.1254 -0.2650 -0.9561
vn -0.0499 -0.3398 -0.9391
vn 0.0145 -0.1332 -0.9910
vn 0.1442 -0.0242 -0.9892
vn 0.1285 -0.0317 -0.9912
vn 0.0005 -0.1454 -0.9893
vn -0.1173 -0.2402 -0.9636
vn -0.1215 -0.2520 -0.9601
vn -0.5778 -0.7022 -0.4160
vn -0.6157 -0.6734 -0.4090
vn -0.6261 -0.6652 -0.4068
vn -0.0350 0.3702 0.9283
vn 0.0043 0.3414 0.9399
vn 0.1562 -0.0065 0.9877
vn -0.0371 -0.1821 0.9826
vn -0.1800 -0.0354 0.9830
vn -0.0190 0.1401 0.9899
vn 0.3388 0.1693 0.9255
vn 0.2036 0.2604 0.9438
vn -0.4896 -0.6304 0.6024
vn -0.4896 -0.6304 0.6023
vn -0.6275 -0.5276 0.5725
vn -0.6164 -0.5372 0.5758
vn 0.8146 0.5782 -0.0449
vn 0.7799 0.6242 -0.0462
vn 0.7738 0.6188 0.1356
vn 0.8017 0.5969 0.0318
vn 0.4009 -0.1272 -0.9073
vn 0.2383 -0.2795 -0.9301
vn 0.0364 -0.4316 -0.9013
vn -0.6751 -0.6865 -0.2701
vn -0.6430 -0.7498 -0.1561
vn -0.6991 -0.7059 0.1139
vn 0.8142 0.5784 -0.0499
vn -0.3406 -0.0204 0.9400
vn -0.0812 0.2123 0.9738
vn 0.1554 0.3814 0.9112
vn -0.7097 -0.6053 0.3604
vn -0.4852 -0.1225 0.8658
vn -0.4774 -0.1158 0.8710
vn 0.1970 0.4352 0.8785
vn 0.2079 0.4461 0.8705
vn -0.7748 -0.6302 0.0505
vn -0.7860 -0.5515 0.2793
vn 0.7379 0.6345 0.2298
vn 0.8028 0.5953 0.0344
vn 0.5371 -0.0295 -0.8430
vn 0.5403 -0.0198 -0.8412
vn -0.0203 -0.4364 -0.8995
vn -0.0515 -0.4208 -0.9057
vn -0.6891 -0.6970 -0.1982
vn 0.8292 0.5466 -0.1171
vn 0.6055 0.7485 0.2703
vn 0.6478 0.6544 0.3899
vn 0.7480 0.6566 -0.0960
vn 0.6405 0.7677 0.0212
vn 0.1703 0.5890 0.7900
vn 0.1199 0.4749 0.8718
vn 0.1035 0.4909 0.8650
vn 0.2305 0.5847 0.7778
vn 0.7054 0.6253 -0.3338
vn 0.6372 0.7199 -0.2751
vn 0.7250 0.6870 0.0488
vn 0.6317 0.7163 0.2963
vn 0.2658 0.4388 -0.8584
vn 0.3048 0.4751 -0.8255
vn 0.2997 0.4783 -0.8255
vn 0.2559 0.4525 -0.8542
vn 0.7627 0.6074 -0.2218
vn -0.3638 0.1202 -0.9237
vn -0.3207 0.1913 -0.9276
vn -0.3214 0.1922 -0.9272
vn -0.3666 0.1355 -0.9204
vn 0.4472 0.2070 -0.8701
vn 0.4643 0.1864 -0.8658
vn -0.8680 -0.2696 -0.4170
vn -0.8555 -0.3416 -0.3891
vn -0.8659 -0.4462 -0.2261
vn -0.9387 -0.2881 -0.1894
vn -0.2501 -0.1924 -0.9489
vn -0.2223 -0.2405 -0.9449
vn -0.8908 -0.4384 -0.1194
vn -0.8095 -0.4588 -0.3663
vn -0.9520 -0.3061 -0.0011
vn -0.9060 -0.4001 0.1383
vn -0.9442 -0.3275 -0.0356
vn -0.0139 0.0457 0.9988
vn -0.2576 -0.0080 0.9662
vn -0.2732 -0.0127 0.9619
vn -0.0402 0.0410 0.9983
vn -0.5898 -0.7954 0.1395
vn -0.4218 -0.8450 0.3287
vn -0.4131 -0.9043 0.1079
vn -0.6439 -0.7645 0.0304
vn 0.1013 0.1618 0.9816
vn 0.0985 0.1811 0.9785
vn 0.7536 0.5864 0.2969
vn 0.8470 0.5255 0.0800
vn 0.8087 0.5578 0.1863
vn 0.7033 0.5754 0.4174
vn 0.8828 0.4213 0.2078
vn 0.8562 0.4690 0.2165
vn 0.8675 0.4025 -0.2922
vn 0.7685 0.3112 -0.5590
vn 0.6761 0.3984 -0.6198
vn 0.8511 0.4685 -0.2368
vn 0.0928 -0.2100 -0.9733
vn 0.0808 -0.1588 -0.9840
vn 0.0814 -0.1615 -0.9835
vn 0.8897 0.1219 -0.4400
vn 0.8834 0.1524 -0.4430
vn -0.2338 -0.0419 -0.9714
vn -0.2801 -0.0688 -0.9575
vn -0.2864 -0.0815 -0.9546
vn -0.2346 -0.0414 -0.9712
vn -0.2315 0.0168 -0.9727
vn -0.2320 0.0190 -0.9725
vn -0.7624 -0.6432 0.0701
vn -0.7844 -0.5403 0.3047
vn -0.6836 -0.6892 0.2401
vn -0.6913 -0.7202 -0.0578
vn -0.7969 -0.5613 -0.2233
vn -0.6895 -0.6382 0.3425
vn -0.6282 -0.7635 0.1496
vn 0.5217 -0.1701 0.8360
vn 0.4733 -0.0464 0.8797
vn 0.4902 -0.0873 0.8672
vn -0.4775 -0.8778 -0.0389
vn -0.7651 -0.6437 0.0110
vn 0.3274 -0.1078 0.9387
vn 0.3220 -0.0597 0.9449
vn 0.3193 -0.0382 0.9469
vn 0.1143 -0.0023 0.9934
vn 0.0912 0.0206 0.9956
vn 0.0943 0.0175 0.9954
vn -0.8120 -0.5741 -0.1052
vn -0.8257 -0.5522 -0.1152
vn 0.5232 -0.3650 -0.7700
vn 0.4713 -0.3919 -0.7901
vn 0.4450 -0.4046 -0.7989
vn 0.1787 0.3591 0.9160
vn 0.4243 0.5245 0.7382
vn 0.3175 0.4954 0.8085
vn 0.4978 0.3652 -0.7866
vn 0.6842 0.2809 -0.6730
vn -0.4753 -0.8628 -0.1724
vn -0.2821 -0.9255 -0.2527
vn -0.9510 -0.2260 -0.2109
vn -0.9252 -0.1248 -0.3583
vn -0.9259 -0.1326 -0.3536
vn -0.9514 -0.2373 -0.1963
vn -0.2817 -0.8513 0.4427
vn -0.6345 0.3057 0.7098
vn -0.6587 0.2278 0.7171
vn -0.4278 0.3635 0.8275
vn -0.4366 0.3721 0.8191
vn 0.7575 -0.0070 0.6528
vn 0.8706 -0.0870 0.4842
vn 0.8453 -0.0667 0.5300
vn -0.2615 0.2344 0.9363
vn -0.2644 0.2335 0.9357
vn 0.9688 0.2045 -0.1399
vn 0.9544 0.2629 -0.1414
vn 0.2275 -0.2774 -0.9334
vn 0.1745 -0.1741 -0.9691
vn 0.1727 -0.1707 -0.9700
vn -0.1599 -0.2211 -0.9620
vn -0.1437 -0.1599 -0.9766
vn -0.1496 -0.1822 -0.9718
vn 0.8659 0.0149 -0.5000
vn 0.8657 0.0158 -0.5004
vn 0.9806 -0.1577 -0.1163
vn 0.9866 -0.1092 -0.1210
vn 0.0667 -0.1249 -0.9899
vn 0.0663 -0.1296 -0.9893
vn -0.9985 -0.0518 0.0158
vn -0.9979 0.0626 0.0155
vn -0.9944 0.1044 0.0154
vn -0.0130 0.0250 0.9996
vn 0.0088 0.0297 0.9995
vn -0.9836 -0.0780 0.1626
vn 0.3115 0.0290 0.9498
vn 0.3111 0.0365 0.9496
vn 0.8114 -0.3696 -0.4527
vn 0.8470 -0.2934 -0.4432
vn -0.1308 -0.1749 -0.9758
vn -0.1312 -0.1491 -0.9801
vn 0.9717 0.1732 0.1602
vn 0.9680 0.1904 0.1635
vn 0.1173 -0.1166 -0.9862
vn 0.1165 -0.1092 -0.9872
vn -0.9384 -0.2736 -0.2110
vn -0.9404 -0.2655 -0.2125
vn -0.3207 -0.0138 0.9471
vn -0.3118 -0.0075 0.9501
vn -0.3003 -0.1855 -0.9356
vn -0.2953 -0.2118 -0.9316
vn -0.8551 0.2896 0.4300
vn -0.8010 0.3869 0.4567
vn -0.7915 0.4020 0.4604
vn 0.3764 0.1147 0.9193
vn 0.3921 0.0973 0.9147
vn 0.8325 -0.4225 -0.3584
vn 0.8488 -0.3807 -0.3670
vn -0.3906 -0.9142 -0.1075
vn -0.0777 0.0109 0.9969
vn 0.9483 -0.3010 -0.1006
vn 0.0648 -0.1497 -0.9866
vn -0.9732 0.2294 0.0148
vn -0.7254 -0.6269 0.2842
vn -0.1301 -0.2067 -0.9697
vn -0.8406 0.4679 0.2726
vn 0.3103 0.0512 0.9492
vn 0.6932 -0.5530 -0.4621
vn 0.1609 -0.9869 0.0083
vn -0.2770 0.0168 0.9607
vn 0.9895 0.0515 0.1352
vn 0.1241 -0.1784 -0.9761
vn -0.9576 -0.1747 -0.2289
vn -0.6460 -0.5841 0.4913
vn 0.7538 -0.5746 -0.3187
vn -0.2839 -0.2671 -0.9209
vn -0.7223 0.4971 0.4808
vn 0.3392 0.1552 0.9278
vn -0.6422 -0.0864 0.7616
vn -0.6406 -0.0886 0.7627
vn 0.3761 -0.4352 -0.8180
vn -0.9287 -0.1827 -0.3225
vn -0.2376 0.2423 0.9406
vn 0.9314 -0.1482 0.3326
vn 0.1520 -0.9830 0.1025
vn -0.6811 -0.6388 -0.3577
vn -0.6759 -0.6373 -0.3701
vn -0.1214 0.1494 0.9813
vn -0.1213 0.1477 0.9815
vn -0.1206 0.1281 0.9844
vn -0.8053 0.1990 0.5584
vn -0.7494 0.2275 0.6217
vn -0.7469 0.2293 0.6241
vn -0.7913 0.2055 0.5758
vn 0.8389 0.2192 -0.4982
vn 0.9212 0.2117 -0.3264
vn 0.9248 0.1963 -0.3260
vn 0.8596 0.2105 -0.4654
vn 0.6318 0.2227 -0.7425
vn 0.6517 0.2128 -0.7280
vn 0.6322 0.2204 -0.7427
vn -0.2149 0.1755 0.9607
vn -0.2456 0.1531 0.9572
vn -0.2383 0.1673 0.9567
vn -0.2129 0.1750 0.9613
vn 0.9442 0.2377 -0.2280
vn 0.9244 0.2568 -0.2820
vn 0.8839 0.2133 -0.4161
vn 0.5681 0.2018 0.7978
vn 0.6747 0.2165 0.7056
vn 0.5769 0.2372 0.7816
vn 0.1415 -0.5726 0.8075
vn 0.0667 0.1821 -0.9810
vn 0.0411 0.2140 -0.9760
vn -0.1205 0.1964 -0.9731
vn -0.1505 0.1772 -0.9726
vn 0.0513 0.1863 -0.9811
vn 0.2892 0.1790 -0.9404
vn 0.2828 0.1780 -0.9425
vn -0.6199 0.1756 -0.7647
vn -0.6066 0.2103 -0.7667
vn -0.6473 0.2187 -0.7302
vn -0.6514 0.1804 -0.7370
vn 0.9542 0.2116 -0.2114
vn -0.9365 0.0395 0.3484
vn -0.8963 0.1057 0.4306
vn -0.8692 0.1417 0.4736
vn -0.1208 0.1622 0.9793
vn -0.1209 0.1627 0.9792
vn 0.6752 0.2541 0.6925
vn 0.5501 0.2387 0.8003
vn -0.2514 0.1416 0.9574
vn 0.0936 0.1896 0.9774
vn 0.0864 0.1955 0.9769
vn 0.1213 0.1670 0.9785
vn 0.0129 0.2149 0.9765
vn 0.0162 0.2154 0.9764
vn -0.9615 0.2572 -0.0960
vn -0.9601 0.2789 0.0203
vn -0.9672 0.2273 0.1132
vn -0.9719 0.2230 -0.0746
vn -0.9712 0.2160 0.1002
vn -0.9378 0.2105 -0.2762
vn -0.9413 0.2386 -0.2388
vn -0.9546 0.2048 -0.2161
vn -0.5671 0.1999 -0.7990
vn -0.5640 0.2156 -0.7971
vn -0.5723 0.2454 -0.7824
vn -0.5904 0.1710 -0.7888
vn 0.7856 0.1923 0.5880
vn 0.7701 0.2143 0.6008
vn 0.8831 0.2037 -0.4226
vn 0.7761 0.2598 0.5746
vn 0.8241 -0.5068 0.2528
vn 0.0899 -0.7578 -0.6462
vn -0.1452 0.1841 -0.9721
vn 0.6713 0.2212 -0.7074
vn -0.1668 -0.5857 -0.7932
vn -0.5859 0.2671 -0.7650
vn 0.1987 0.2190 -0.9553
vn -0.5051 0.5878 0.6319
vn -0.4382 0.1976 0.8769
vn -0.2242 -0.0132 0.9745
vn -0.4783 0.2752 0.8339
vn -0.5883 0.6787 0.4396
vn -0.8337 0.5506 0.0426
vn -0.8083 0.5248 0.2669
vn 0.6510 -0.5690 0.5024
vn 0.5848 -0.6258 0.5160
vn 0.5893 -0.6222 0.5152
vn 0.6207 -0.7032 -0.3466
vn 0.6186 -0.6896 -0.3765
vn 0.6189 -0.6911 -0.3732
vn -0.6676 0.7100 -0.2240
vn -0.8214 0.5466 -0.1627
vn -0.6561 0.7216 -0.2209
vn -0.0146 -0.1619 0.9867
vn -0.0355 -0.1857 0.9819
vn -0.2513 0.0798 -0.9646
vn -0.1146 -0.0649 -0.9913
vn -0.3268 0.1796 -0.9279
vn -0.3221 0.3007 -0.8977
vn -0.0721 -0.2279 -0.9710
vn 0.0917 -0.2521 -0.9633
vn -0.3440 0.1835 0.9208
vn -0.1394 0.0229 0.9900
vn 0.5607 -0.6199 0.5488
vn 0.5703 -0.6070 0.5534
vn -0.7938 0.6059 0.0523
vn -0.7819 0.5903 0.2007
vn -0.0073 -0.0620 -0.9980
vn -0.2049 0.0843 -0.9751
vn 0.1678 -0.2025 -0.9648
vn 0.6544 -0.6409 -0.4011
vn 0.6508 -0.6444 -0.4014
vn -0.7913 0.6029 -0.1014
vn 0.0460 -0.1470 0.9880
vn -0.7662 0.6412 0.0414
vn -0.7739 0.6327 0.0272
vn -0.7414 0.6369 0.2112
vn -0.7452 0.6330 0.2098
vn 0.1910 0.2562 0.9475
vn 0.2394 0.3013 0.9229
vn 0.4158 0.1298 0.9001
vn 0.3497 0.0972 0.9318
vn -0.0056 -0.1456 -0.9893
vn 0.0089 -0.1015 -0.9948
vn -0.1598 0.0558 -0.9856
vn -0.1685 0.0143 -0.9856
vn -0.7497 0.6495 -0.1270
vn -0.7177 0.6872 -0.1126
vn -0.6957 0.7180 0.0216
vn -0.7347 0.6775 0.0340
vn -0.6564 0.7389 0.1523
vn -0.7011 0.6877 0.1885
vn 0.7601 -0.4555 0.4635
vn 0.7967 -0.4690 0.3813
vn 0.8198 -0.5691 0.0620
vn 0.1409 -0.2860 -0.9478
vn 0.1883 -0.2517 -0.9493
vn 0.0335 -0.0601 -0.9976
vn -0.0175 -0.1325 -0.9910
vn -0.1803 0.0134 -0.9835
vn -0.1439 0.0723 -0.9869
vn 0.1843 -0.2171 -0.9586
vn 0.1396 -0.2685 -0.9531
vn 0.6372 -0.6567 -0.4035
vn 0.6301 -0.6648 -0.4013
vn 0.6228 -0.6710 -0.4023
vn 0.6413 -0.6529 -0.4031
vn 0.0115 0.4125 0.9109
vn 0.0356 0.4432 0.8957
vn -0.1202 0.0362 0.9921
vn 0.0054 0.1451 0.9894
vn 0.1968 -0.0478 0.9792
vn 0.0878 -0.1495 0.9848
vn -0.3028 0.2272 0.9256
vn -0.2256 0.2851 0.9315
vn 0.5596 -0.5942 0.5777
vn 0.6257 -0.5485 0.5546
vn 0.6361 -0.5392 0.5519
vn 0.5493 -0.6033 0.5782
vn -0.7626 0.6342 -0.1272
vn -0.7790 0.6120 -0.1360
vn -0.6749 0.7378 0.0086
vn -0.6281 0.7583 0.1743
vn -0.0863 -0.1068 -0.9905
vn -0.3024 0.0801 -0.9498
vn 0.1671 -0.3104 -0.9358
vn 0.8346 -0.5430 0.0926
vn 0.7823 -0.5976 -0.1759
vn 0.7388 -0.6171 -0.2709
vn -0.6959 0.7065 -0.1284
vn 0.2440 0.3721 0.8955
vn 0.5008 0.1338 0.8551
vn -0.0048 0.5400 0.8416
vn 0.8339 -0.4332 0.3418
vn 0.4333 -0.0637 0.8990
vn 0.4287 -0.0710 0.9006
vn -0.1851 0.4854 0.8544
vn -0.2152 0.4603 0.8612
vn 0.7792 -0.5226 0.3459
vn 0.7882 -0.6087 0.0903
vn -0.7147 0.6975 0.0512
vn -0.6770 0.6955 0.2406
vn -0.3856 0.1563 -0.9093
vn -0.3914 0.1457 -0.9086
vn 0.2081 -0.3497 -0.9134
vn 0.2003 -0.3529 -0.9139
vn 0.7294 -0.6531 -0.2036
vn -0.7339 0.6571 -0.1720
vn 0.6706 -0.6462 -0.3642
vn 0.6702 -0.6423 -0.3719
vn -0.7358 0.6489 -0.1936
vn -0.7417 0.6699 0.0314
vn 0.3216 -0.2255 0.9196
vn -0.3282 0.3565 0.8747
vn 0.7079 -0.6129 0.3509
vn -0.7061 0.6545 0.2701
vn -0.3373 0.2403 -0.9102
vn 0.2829 -0.3178 -0.9050
vn 0.7132 -0.6588 -0.2396
vn 0.5051 0.5878 0.6319
vn 0.4783 0.2752 0.8339
vn 0.2242 -0.0132 0.9745
vn 0.4382 0.1976 0.8769
vn 0.5883 0.6787 0.4396
vn 0.8083 0.5248 0.2669
vn 0.8337 0.5506 0.0426
vn -0.6510 -0.5690 0.5024
vn -0.5893 -0.6222 0.5152
vn -0.5848 -0.6258 0.5160
vn -0.6207 -0.7032 -0.3466
vn -0.6189 -0.6911 -0.3732
vn -0.6186 -0.6896 -0.3765
vn 0.6676 0.7100 -0.2240
vn 0.6561 0.7216 -0.2209
vn 0.8214 0.5466 -0.1627
vn 0.0146 -0.1619 0.9867
vn 0.0355 -0.1857 0.9819
vn 0.2513 0.0798 -0.9646
vn 0.3221 0.3007 -0.8977
vn 0.3268 0.1796 -0.9279
vn 0.1146 -0.0649 -0.9913
vn 0.0721 -0.2279 -0.9710
vn -0.0917 -0.2521 -0.9633
vn 0.1394 0.0229 0.9900
vn 0.3440 0.1835 0.9208
vn -0.5703 -0.6070 0.5534
vn -0.5607 -0.6199 0.5488
vn 0.7819 0.5903 0.2007
vn 0.7938 0.6059 0.0523
vn 0.2049 0.0843 -0.9751
vn 0.0073 -0.0620 -0.9980
vn -0.1678 -0.2025 -0.9648
vn -0.6508 -0.6444 -0.4014
vn -0.6544 -0.6409 -0.4011
vn 0.7913 0.6029 -0.1014
vn -0.0460 -0.1470 0.9880
vn 0.7662 0.6412 0.0414
vn 0.7452 0.6330 0.2098
vn 0.7414 0.6369 0.2112
vn 0.7739 0.6327 0.0272
vn -0.1910 0.2562 0.9475
vn -0.3497 0.0972 0.9318
vn -0.4158 0.1298 0.9001
vn -0.2394 0.3013 0.9229
vn 0.0056 -0.1456 -0.9893
vn 0.1685 0.0143 -0.9856
vn 0.1598 0.0558 -0.9856
vn -0.0089 -0.1015 -0.9948
vn 0.7497 0.6495 -0.1270
vn 0.7347 0.6775 0.0340
vn 0.6957 0.7180 0.0216
vn 0.7177 0.6872 -0.1126
vn 0.7011 0.6877 0.1885
vn 0.6564 0.7389 0.1523
vn -0.7601 -0.4555 0.4635
vn -0.8198 -0.5691 0.0620
vn -0.7967 -0.4690 0.3813
vn -0.1409 -0.2860 -0.9478
vn -0.1883 -0.2517 -0.9493
vn -0.0335 -0.0601 -0.9976
vn 0.1439 0.0723 -0.9869
vn 0.1803 0.0134 -0.9835
vn 0.0175 -0.1325 -0.9910
vn -0.1843 -0.2171 -0.9586
vn -0.1396 -0.2685 -0.9531
vn -0.6372 -0.6567 -0.4035
vn -0.6413 -0.6529 -0.4031
vn -0.6228 -0.6710 -0.4023
vn -0.6301 -0.6648 -0.4013
vn -0.0115 0.4125 0.9109
vn -0.0356 0.4432 0.8957
vn 0.1202 0.0362 0.9921
vn -0.0878 -0.1495 0.9848
vn -0.1968 -0.0478 0.9792
vn -0.0054 0.1451 0.9894
vn 0.3028 0.2272 0.9256
vn 0.2256 0.2851 0.9315
vn -0.5596 -0.5942 0.5777
vn -0.5493 -0.6033 0.5782
vn -0.6361 -0.5392 0.5519
vn -0.6257 -0.5485 0.5546
vn 0.7626 0.6342 -0.1272
vn 0.7790 0.6120 -0.1360
vn 0.6281 0.7583 0.1743
vn 0.6749 0.7378 0.0086
vn 0.3024 0.0801 -0.9498
vn 0.0863 -0.1068 -0.9905
vn -0.1671 -0.3104 -0.9358
vn -0.7388 -0.6171 -0.2709
vn -0.7823 -0.5976 -0.1759
vn -0.8346 -0.5430 0.0926
vn 0.6959 0.7065 -0.1284
vn -0.5008 0.1338 0.8551
vn -0.2440 0.3721 0.8955
vn 0.0048 0.5400 0.8416
vn -0.8339 -0.4332 0.3418
vn -0.4287 -0.0710 0.9006
vn -0.4333 -0.0637 0.8990
vn 0.2152 0.4603 0.8612
vn 0.1851 0.4854 0.8544
vn -0.7882 -0.6087 0.0903
vn -0.7792 -0.5226 0.3459
vn 0.6770 0.6955 0.2406
vn 0.7147 0.6975 0.0512
vn 0.3914 0.1457 -0.9086
vn 0.3856 0.1563 -0.9093
vn -0.2003 -0.3529 -0.9139
vn -0.2081 -0.3497 -0.9134
vn -0.7294 -0.6531 -0.2036
vn 0.7339 0.6571 -0.1720
vn -0.6706 -0.6462 -0.3642
vn -0.6702 -0.6423 -0.3719
vn 0.7417 0.6700 0.0314
vn 0.7358 0.6489 -0.1936
vn -0.3216 -0.2255 0.9196
vn 0.3282 0.3565 0.8747
vn -0.7079 -0.6129 0.3509
vn 0.7061 0.6545 0.2701
vn 0.3373 0.2403 -0.9102
vn -0.2829 -0.3178 -0.9050
vn -0.7132 -0.6588 -0.2396
vn -0.8857 0.4629 -0.0352
vn -0.9186 0.3935 0.0353
vn -0.8555 0.5065 0.1073
vn -0.8450 0.5332 0.0407
vn -0.1482 0.0772 0.9859
vn -0.0426 0.0489 0.9979
vn 0.0000 0.0428 0.9991
vn -0.2022 0.0419 0.9784
vn -0.9002 0.3360 0.2770
vn -0.8807 0.3761 0.2878
vn -0.8739 0.4850 0.0329
vn -0.8785 0.4769 0.0267
vn -0.9948 0.0991 -0.0250
vn -0.9565 0.0096 0.2916
vn -0.9376 0.0631 0.3420
vn -0.9977 0.0456 0.0491
vn -0.9824 0.1201 -0.1431
vn -0.9651 -0.0019 -0.2617
vn -0.9321 0.3622 0.0065
vn -0.8804 0.4577 0.1238
vn 0.0229 0.3710 -0.9283
vn -0.1802 0.3185 -0.9306
vn -0.1629 0.1831 -0.9695
vn 0.0000 0.2077 -0.9782
vn -0.8794 0.4755 0.0226
vn -0.8484 0.5162 0.1173
vn -0.8422 0.5225 0.1332
vn -0.9422 0.3294 0.0615
vn -0.8814 0.4680 0.0636
vn 0.0110 -0.0436 0.9990
vn -0.2118 -0.0650 0.9751
vn -0.9224 0.3669 0.1205
vn -0.8837 0.4675 0.0224
vn -0.1175 -0.0502 -0.9918
vn 0.0129 -0.0255 -0.9996
vn 0.0497 -0.1124 -0.9924
vn 0.1737 -0.1281 -0.9764
vn 0.1469 -0.0280 -0.9887
vn 0.9991 0.0257 0.0328
vn 0.9735 -0.2287 -0.0011
vn 0.9510 -0.1809 0.2507
vn 0.9445 0.0089 0.3282
vn 0.4009 0.3292 0.8549
vn 0.3653 -0.0008 0.9309
vn 0.6268 0.0306 0.7785
vn 0.4716 0.5578 0.6829
vn 0.6430 0.7298 0.2321
vn 0.6925 0.7053 -0.1514
vn 0.1798 -0.0082 0.9837
vn 0.2022 0.0419 0.9784
vn 0.2350 -0.0492 0.9707
vn 0.0762 -0.0950 0.9926
vn 0.9945 0.0975 -0.0369
vn 0.9972 0.0571 0.0486
vn 0.9416 0.0724 0.3287
vn 0.8193 0.2178 0.5303
vn 0.9720 0.0706 -0.2240
vn 0.9691 0.0087 -0.2464
vn 0.9628 0.0117 -0.2699
vn 0.9177 -0.2880 -0.2737
vn 0.1629 0.1831 -0.9695
vn 0.1862 0.4329 -0.8820
vn 0.8210 -0.5081 -0.2604
vn 0.9142 -0.4042 -0.0303
vn 0.9411 -0.2711 0.2019
vn 0.2292 0.0966 -0.9685
vn 0.2430 0.2383 -0.9403
vn 0.0243 0.2497 -0.9680
vn 0.1086 0.2651 -0.9580
vn 0.9016 0.3651 0.2319
vn 0.6283 0.2391 -0.7403
vn -0.9521 0.2625 -0.1567
vn 0.5255 0.2295 0.8192
vn -0.1943 0.1698 0.9661
vn 0.0391 0.7342 0.6778
vn -0.0303 0.2078 0.9777
vn -0.7312 0.2402 0.6384
vn -0.6206 0.7390 0.2622
vn -0.5359 0.2630 -0.8022
vn -0.0756 0.2290 -0.9705
vn 0.1886 0.6803 -0.7082
vn -0.5265 0.2750 -0.8044
vn -0.1273 0.8997 -0.4175
vn 0.3127 0.2451 0.9177
vn 0.2535 0.1133 0.9607
vn -0.8986 0.4339 -0.0649
vn -0.0050 -0.1115 -0.9937
vn 0.0668 -0.0796 -0.9946
vn -0.0917 -0.1492 -0.9845
vn 0.0022 -0.0691 0.9976
vn -0.1945 -0.2098 0.9582
vn 0.1673 0.0233 -0.9856
vn 0.2129 0.1966 -0.9571
vn 0.1377 -0.0798 -0.9872
vn -0.9148 -0.0670 0.3982
vn -0.9428 0.1365 0.3041
vn -0.9832 0.1742 0.0541
vn -0.9471 -0.0450 -0.3176
vn -0.9695 0.1415 -0.1998
vn -0.9848 0.0587 -0.1633
vn 0.7709 0.5977 0.2199
vn 0.6749 0.4759 0.5639
vn 0.4756 0.4602 0.7496
vn 0.6773 0.5446 -0.4946
vn 0.7530 0.6052 -0.2584
vn -0.9391 0.0754 0.3352
vn -0.7779 0.0395 0.6271
vn -0.7598 -0.0498 0.6483
vn -0.6982 0.7108 0.0856
vn -0.6126 0.7505 0.2480
vn -0.6931 0.7043 0.1532
vn -0.6034 0.7830 0.1507
vn -0.7309 0.3732 -0.5714
vn -0.7054 0.3885 -0.5929
vn -0.7132 0.3839 -0.5864
vn -0.7916 0.5612 0.2416
vn -0.7257 0.3573 -0.5879
vn -0.7275 0.3490 -0.5907
vn -0.7303 0.3350 -0.5953
vn -0.6864 0.3992 -0.6079
vn -0.3871 0.7913 0.4733
vn -0.2511 0.7580 0.6019
vn -0.4730 0.8515 0.2262
vn -0.2606 0.6781 0.6872
vn -0.3625 0.6008 0.7124
vn -0.2844 0.6614 0.6940
vn -0.7318 0.3275 -0.5976
vn 0.1199 0.0172 0.9926
vn 0.0367 0.8871 0.4601
vn -0.0696 0.9634 0.2588
vn -0.0521 0.9693 0.2401
vn 0.0239 0.8962 0.4429
vn -0.2080 0.3048 0.9294
vn -0.2071 0.5358 0.8186
vn -0.3048 0.6198 0.7231
vn -0.3412 0.3389 0.8767
vn -0.9990 0.0353 0.0276
vn -0.9546 -0.0614 0.2915
vn -0.9531 -0.1208 0.2774
vn -0.9517 -0.1798 0.2488
vn -0.9736 -0.2281 -0.0020
vn -0.1723 0.1006 -0.9799
vn -0.1549 0.3306 -0.9310
vn -0.1014 0.3904 -0.9150
vn -0.0669 0.0491 -0.9965
vn -0.6268 0.0306 0.7785
vn -0.3357 0.0182 0.9418
vn -0.3859 0.7244 0.5712
vn -0.5915 0.8010 -0.0923
vn -0.5883 0.8024 -0.0999
vn -0.1352 0.6139 -0.7777
vn -0.1369 0.6145 -0.7769
vn -0.1356 0.6140 -0.7775
vn -0.1521 -0.1149 -0.9817
vn -0.0685 -0.0474 -0.9965
vn -0.1014 -0.0682 -0.9925
vn -0.9142 -0.4042 -0.0303
vn -0.8210 -0.5081 -0.2604
vn -0.9176 -0.2880 -0.2737
vn -0.9411 -0.2711 0.2019
vn -0.6288 0.7775 0.0078
vn -0.6289 0.7774 0.0085
vn -0.6288 0.7775 0.0079
vn -0.3363 0.6535 0.6780
vn -0.4372 0.6109 0.6601
vn -0.4231 0.6445 0.6368
vn 0.1501 0.7844 0.6018
vn 0.0000 0.9744 0.2246
vn -0.9146 -0.0872 0.3948
vn -0.9395 0.0652 -0.3364
vn -0.2401 0.2127 -0.9471
vn 0.0000 0.2191 -0.9757
vn 0.5990 -0.1600 0.7845
vn 0.0000 -0.9832 -0.1827
vn -0.0403 -0.9737 -0.2241
vn -0.0418 -0.9739 -0.2231
vn -0.0457 -0.9067 -0.4192
vn -0.0548 -0.8967 -0.4393
vn -0.1203 -0.8073 -0.5777
vn -0.2071 0.6359 0.7435
vn 0.0000 1.0000 0.0000
vn -0.4761 0.0211 0.8791
vn -0.0367 0.8871 0.4601
vn -0.0239 0.8962 0.4429
vn 0.0521 0.9693 0.2401
vn 0.0696 0.9634 0.2588
vn 0.2388 0.2730 0.9319
vn 0.2388 0.3570 0.9030
vn 0.2184 0.5770 0.7870
vn 0.2277 0.5119 0.8283
vn 0.1353 0.6138 -0.7778
vn 0.1357 0.6139 -0.7776
vn 0.1369 0.6145 -0.7769
vn 0.6290 0.7774 0.0080
vn 0.6290 0.7774 0.0081
vn 0.6289 0.7774 0.0085
vn 0.3167 0.6532 0.6878
vn 0.4002 0.6462 0.6497
vn 0.4372 0.6109 0.6601
vn -0.1501 0.7844 0.6018
vn 0.9146 -0.0872 0.3948
vn 0.9395 0.0652 -0.3364
vn 0.2401 0.2127 -0.9471
vn -0.5990 -0.1600 0.7845
vn 0.0418 -0.9739 -0.2231
vn 0.0403 -0.9737 -0.2241
vn 0.0548 -0.8967 -0.4393
vn 0.0457 -0.9067 -0.4192
vn 0.1203 -0.8073 -0.5777
vn 0.2620 0.6547 0.7090
vn 0.2085 0.6348 0.7440
vn 0.4761 0.0211 0.8791
vn -0.9619 -0.0509 -0.2686
vn -0.9565 0.1615 -0.2428
vn -0.9257 0.1725 0.3365
vn 0.6290 0.7773 0.0077
vn -0.9564 -0.1031 -0.2730
vn -0.2194 0.0414 0.9747
vn -0.2059 0.1815 0.9616
vn 0.0614 0.0801 -0.9949
vn -0.0239 0.0200 -0.9995
vn 0.0351 0.0617 -0.9975
vn 0.2357 0.1567 0.9591
vn -0.1556 -0.1023 -0.9825
vn 0.1279 0.4529 -0.8823
vn 0.1227 0.3657 -0.9226
vn 0.3577 0.6836 0.6361
vn -0.2320 -0.1851 0.9549
vn 0.1346 0.6135 -0.7781
vn 0.8860 -0.4525 -0.1008
vn 0.9230 -0.3840 -0.0255
vn 0.9212 -0.3864 -0.0455
vn 0.8985 -0.4326 -0.0738
vn 0.9225 0.1352 0.3614
vn 0.8798 -0.2059 0.4283
vn 0.9164 -0.0179 0.3997
vn 0.9158 -0.0139 0.4014
vn 0.8846 -0.1877 0.4268
vn 0.9077 -0.4161 -0.0546
vn 0.9121 -0.4056 -0.0599
vn 0.9598 -0.1242 0.2516
vn 0.9669 -0.1571 0.2008
vn 0.9398 -0.0680 0.3348
vn 0.9386 -0.1837 -0.2921
vn 0.9335 -0.1001 -0.3443
vn 0.9335 -0.1008 -0.3441
vn 0.9372 -0.1724 -0.3033
vn 0.9358 -0.3399 0.0941
vn 0.7914 -0.4041 0.4585
vn 0.8041 -0.3912 0.4475
vn 0.8617 -0.3934 0.3204
vn 0.7243 -0.1396 0.6752
vn 0.8819 -0.2728 -0.3844
vn 0.8432 -0.3883 -0.3717
vn 0.8327 -0.4019 -0.3808
vn 0.8991 -0.2192 -0.3789
vn 0.9271 -0.3269 -0.1833
vn 0.9344 -0.3107 -0.1743
vn 0.9403 -0.3090 -0.1424
vn 0.8956 -0.3507 -0.2736
vn 0.9410 -0.2122 -0.2634
vn 0.8922 -0.4514 0.0154
vn 0.9059 -0.4233 0.0001
vn 0.9202 -0.3911 -0.0172
vn 0.9198 -0.3890 -0.0516
vn 0.8351 -0.5278 -0.1547
vn 0.9052 -0.4166 -0.0834
vn 0.9104 -0.4107 -0.0491
vn 0.8902 -0.4422 -0.1092
vn 0.9038 -0.4189 -0.0872
vn 0.9468 -0.3151 -0.0652
vn 0.9473 -0.3151 -0.0574
vn 0.9490 -0.3102 0.0556
vn 0.9514 -0.3079 0.0099
vn 0.2428 0.2714 0.9313
vn 0.5195 0.2731 -0.8096
vn 0.9427 0.0716 -0.3259
vn 0.8096 -0.5598 -0.1761
vn 0.2982 -0.1627 -0.9405
vn 0.2878 -0.0424 -0.9567
vn 0.3515 -0.0471 -0.9350
vn 0.3365 -0.0108 -0.9416
vn 0.0000 -0.2789 -0.9603
vn 0.3010 -0.7502 -0.5887
vn 0.0000 -0.7019 -0.7123
vn -0.8084 -0.0261 0.5880
vn -0.7970 0.0244 0.6035
vn -0.6952 0.0654 0.7158
vn -0.7101 0.1029 0.6965
vn -0.9266 -0.1024 -0.3618
vn -0.7820 -0.0415 -0.6218
vn -0.8257 -0.0708 -0.5596
vn -0.9417 -0.0672 -0.3296
vn 0.3172 -0.8713 -0.3744
vn 0.9805 0.0909 -0.1740
vn 0.9936 0.1106 -0.0233
vn 0.9942 0.1077 0.0008
vn 0.9778 0.1038 -0.1820
vn 0.0233 -0.0523 0.9984
vn 0.0000 -0.1513 0.9885
vn 0.0000 -0.4096 0.9122
vn -0.0010 -0.1536 0.9881
vn 0.0000 -0.0212 -0.9998
vn -0.6965 -0.0137 -0.7174
vn -0.6759 -0.0352 -0.7361
vn -0.6434 -0.0457 -0.7641
vn -0.8318 -0.0404 -0.5535
vn 0.9817 0.1042 0.1593
vn 0.9865 0.0832 0.1407
vn 0.9951 0.0950 -0.0254
vn -0.5272 -0.3095 0.7913
vn -0.5374 -0.2985 0.7887
vn -0.5424 -0.2139 0.8124
vn 0.3054 0.0227 -0.9519
vn 0.2824 0.0360 -0.9586
vn -0.8983 -0.0020 0.4393
vn -0.9093 0.0035 0.4161
vn -0.8029 0.0246 0.5956
vn 0.9880 -0.0259 -0.1519
vn 0.9991 -0.0359 -0.0196
vn 0.9985 -0.0264 -0.0466
vn 0.9687 -0.0353 -0.2454
vn 0.9783 0.1311 0.1606
vn 0.0923 0.0230 0.9955
vn -0.0247 0.0501 0.9984
vn 0.2290 0.0567 0.9717
vn 0.1984 0.0320 0.9796
vn -0.9562 -0.0388 -0.2899
vn 0.9796 0.1007 -0.1740
vn 0.9597 -0.2781 0.0403
vn 0.8419 -0.4912 0.2235
vn 0.9530 -0.2066 0.2216
vn 0.9715 -0.2326 0.0455
vn 0.8963 0.4293 0.1110
vn -0.9163 -0.0335 0.3990
vn -0.7890 -0.0420 0.6129
vn 0.3609 -0.1835 0.9143
vn 0.3585 -0.1908 0.9138
vn 0.3894 -0.3728 0.8422
vn 0.3899 -0.3878 0.8352
vn 0.3147 -0.1252 0.9409
vn 0.3143 -0.1257 0.9409
vn 0.2960 0.0244 0.9548
vn 0.2968 0.0166 0.9548
vn 0.9996 0.0214 -0.0160
vn 0.9876 0.0165 -0.1559
vn 0.2676 -0.1078 -0.9575
vn 0.3373 0.0057 -0.9413
vn 0.3399 0.0101 -0.9404
vn 0.2973 -0.0376 0.9540
vn 0.2866 -0.0019 0.9580
vn -0.6868 0.0851 -0.7218
vn -0.6875 0.0908 -0.7205
vn -0.6977 0.2785 -0.6600
vn -0.8861 0.1886 -0.4234
vn 0.9922 0.0190 0.1226
vn 0.2727 -0.0094 -0.9620
vn 0.2782 -0.0360 -0.9598
vn -0.8583 -0.0647 -0.5090
vn -0.9659 -0.0740 -0.2478
vn -0.6807 -0.0640 -0.7297
vn 0.0000 -0.6471 0.7624
vn -0.0280 -0.6468 0.7621
vn -0.5065 -0.3917 0.7681
vn -0.7595 -0.2136 0.6145
vn -0.5556 -0.2375 0.7968
vn -0.8193 -0.0768 0.5682
vn -0.9346 -0.0604 0.3506
vn -0.9988 -0.0430 0.0235
vn -0.8696 -0.0548 0.4907
vn -0.9064 -0.2011 0.3714
vn -0.9035 -0.2152 0.3707
vn -0.9183 -0.1032 0.3821
vn 0.2597 0.0627 -0.9636
vn 0.2580 0.0795 -0.9628
vn 0.2760 0.2007 -0.9399
vn 0.2770 0.2695 -0.9223
vn 0.3963 -0.4890 0.7770
vn 0.3994 -0.4400 0.8042
vn 0.3577 -0.2042 0.9112
vn 0.3695 -0.2348 0.8991
vn 0.9600 -0.2198 -0.1732
vn 0.9709 -0.1848 -0.1520
vn -0.9758 -0.0547 -0.2116
vn -0.9763 -0.0525 -0.2101
vn -0.9811 0.0735 -0.1789
vn 0.9871 -0.0519 0.1513
vn 0.9864 -0.0130 0.1640
vn -0.9781 0.0714 -0.1957
vn -0.8661 0.1310 -0.4824
vn -0.8638 0.0126 -0.5036
vn 0.9797 0.0035 -0.2002
vn 0.9445 -0.0057 -0.3285
vn -0.6781 0.0383 -0.7340
vn -0.6130 0.0294 -0.7895
vn -0.8259 0.0273 -0.5631
vn -0.9991 0.0312 -0.0268
vn 0.9742 0.0708 0.2143
vn 0.4187 0.0273 -0.9077
vn 0.4190 0.0246 -0.9076
vn 0.2777 0.1802 0.9436
vn -0.9397 0.1126 0.3230
vn -0.7354 -0.0388 0.6765
vn -0.8124 0.3209 0.4869
vn -0.8089 -0.4141 0.4173
vn -0.8656 -0.2293 0.4451
vn -0.6550 0.0316 0.7549
vn -0.6218 -0.0526 0.7814
vn -0.6264 -0.1103 0.7716
vn 0.9595 -0.0253 -0.2805
vn 0.9591 -0.0278 -0.2817
vn 0.9849 0.0240 -0.1716
vn 0.9852 0.0247 -0.1693
vn 0.9485 -0.0417 -0.3140
vn 0.9387 -0.0357 -0.3427
vn -0.5611 -0.1035 -0.8212
vn -0.9906 -0.0012 -0.1364
vn -0.9960 0.0690 0.0565
vn -0.9655 0.1256 0.2279
vn 0.0282 -0.9987 -0.0410
vn 0.0645 -0.9973 -0.0343
vn 0.0563 -0.9984 -0.0017
vn 0.0317 -0.9995 0.0057
vn 0.4274 -0.0786 -0.9006
vn -0.1548 0.9847 0.0800
vn -0.4406 0.8960 -0.0551
vn -0.4675 0.8737 0.1343
vn -0.2417 0.9603 0.1392
vn -0.4764 0.7975 0.3702
vn -0.1959 0.9177 0.3455
vn 0.0777 -0.9936 0.0824
vn 0.0412 -0.9956 0.0843
vn -0.0200 -0.9998 0.0033
vn -0.0091 -0.9966 0.0823
vn -0.9425 0.2490 0.2228
vn -0.9955 0.0608 0.0718
vn -0.9927 0.0888 0.0815
vn -0.9929 0.0880 0.0800
vn -0.0248 -0.9994 -0.0234
vn -0.0540 -0.9985 -0.0113
vn -0.0446 -0.9990 -0.0049
vn 0.6260 0.7797 -0.0073
vn 0.3322 0.9429 0.0243
vn 0.3202 0.9428 0.0927
vn 0.5857 0.8094 0.0431
vn -0.2614 0.4598 0.8486
vn 0.7063 0.5828 0.4018
vn 0.6052 0.4644 0.6466
vn 0.5565 0.3533 0.7520
vn 0.7104 0.3822 0.5909
vn 0.3844 0.3092 0.8698
vn 0.9969 0.0584 -0.0520
vn -0.9498 0.1812 0.2551
vn -0.0358 -0.9962 0.0791
vn 0.0566 0.9525 0.2993
vn 0.0844 0.9080 0.4104
vn 0.6877 0.7233 0.0621
vn -0.0361 -0.9991 0.0226
vn -0.0169 -0.9998 0.0121
vn 0.0268 -0.9996 0.0010
vn -0.7674 0.5129 0.3845
vn 0.0168 -0.9998 -0.0111
vn -0.0103 -0.9998 -0.0149
vn 0.8031 -0.5604 0.2023
vn -0.9134 -0.1462 0.3799
vn -0.7638 -0.1770 0.6207
vn 0.9872 0.0171 -0.1584
vn 0.9964 -0.0641 0.0553
vn 0.3325 -0.1599 0.9294
vn 0.3356 -0.1702 0.9265
vn 0.9759 -0.0963 0.1956
vn 0.9293 -0.1791 0.3230
vn 0.2720 0.0236 -0.9620
vn 0.2739 0.0121 -0.9617
vn -0.9717 -0.0890 -0.2187
vn -0.8755 -0.0688 -0.4783
vn -0.6897 -0.0305 -0.7234
vn -0.5783 -0.1763 0.7965
vn -0.7158 0.1776 -0.6753
vn 0.2708 0.4742 -0.8377
vn -0.2982 -0.1627 -0.9405
vn -0.3365 -0.0108 -0.9416
vn -0.3515 -0.0471 -0.9350
vn -0.2878 -0.0424 -0.9567
vn -0.3010 -0.7502 -0.5887
vn 0.8084 -0.0261 0.5880
vn 0.7101 0.1029 0.6965
vn 0.6952 0.0654 0.7158
vn 0.7970 0.0244 0.6035
vn 0.9266 -0.1024 -0.3618
vn 0.9417 -0.0672 -0.3296
vn 0.8257 -0.0708 -0.5596
vn 0.7820 -0.0415 -0.6218
vn -0.3172 -0.8713 -0.3744
vn -0.9805 0.0909 -0.1740
vn -0.9778 0.1038 -0.1820
vn -0.9942 0.1077 0.0008
vn -0.9936 0.1106 -0.0233
vn -0.0233 -0.0523 0.9984
vn 0.0010 -0.1536 0.9881
vn 0.6759 -0.0352 -0.7361
vn 0.6965 -0.0137 -0.7174
vn 0.8318 -0.0404 -0.5535
vn 0.6434 -0.0457 -0.7641
vn -0.9951 0.0950 -0.0254
vn -0.9865 0.0832 0.1407
vn -0.9817 0.1042 0.1593
vn 0.5272 -0.3095 0.7913
vn 0.5424 -0.2139 0.8124
vn 0.5374 -0.2985 0.7887
vn -0.2824 0.0360 -0.9586
vn -0.3054 0.0227 -0.9519
vn 0.8029 0.0246 0.5956
vn 0.9093 0.0035 0.4161
vn 0.8983 -0.0020 0.4393
vn -0.9880 -0.0259 -0.1519
vn -0.9687 -0.0353 -0.2454
vn -0.9985 -0.0265 -0.0466
vn -0.9991 -0.0359 -0.0196
vn -0.9783 0.1311 0.1606
vn 0.0247 0.0501 0.9984
vn -0.0923 0.0230 0.9955
vn -0.1984 0.0320 0.9796
vn -0.2290 0.0567 0.9717
vn 0.9562 -0.0388 -0.2899
vn -0.9796 0.1007 -0.1740
vn -0.9597 -0.2781 0.0403
vn -0.9715 -0.2326 0.0455
vn -0.9530 -0.2066 0.2216
vn -0.8419 -0.4912 0.2235
vn -0.8963 0.4293 0.1110
vn 0.7890 -0.0420 0.6129
vn 0.9163 -0.0335 0.3990
vn -0.3609 -0.1835 0.9143
vn -0.3899 -0.3878 0.8352
vn -0.3894 -0.3728 0.8422
vn -0.3585 -0.1908 0.9138
vn -0.3147 -0.1252 0.9409
vn -0.2968 0.0166 0.9548
vn -0.2960 0.0244 0.9548
vn -0.3143 -0.1257 0.9409
vn -0.9876 0.0165 -0.1559
vn -0.9996 0.0214 -0.0160
vn -0.2676 -0.1078 -0.9575
vn -0.3399 0.0101 -0.9404
vn -0.3373 0.0057 -0.9413
vn -0.2866 -0.0019 0.9580
vn -0.2973 -0.0376 0.9540
vn 0.6868 0.0851 -0.7218
vn 0.8861 0.1886 -0.4234
vn 0.6977 0.2785 -0.6600
vn 0.6875 0.0908 -0.7205
vn -0.9922 0.0190 0.1226
vn -0.2782 -0.0360 -0.9598
vn -0.2727 -0.0094 -0.9620
vn 0.9659 -0.0740 -0.2478
vn 0.8583 -0.0647 -0.5090
vn 0.6807 -0.0640 -0.7297
vn 0.0280 -0.6468 0.7621
vn 0.5065 -0.3917 0.7681
vn 0.5556 -0.2375 0.7968
vn 0.7595 -0.2136 0.6145
vn 0.8193 -0.0768 0.5682
vn 0.8696 -0.0548 0.4907
vn 0.9988 -0.0430 0.0235
vn 0.9346 -0.0604 0.3506
vn 0.9064 -0.2011 0.3714
vn 0.9183 -0.1032 0.3821
vn 0.9035 -0.2152 0.3707
vn -0.2597 0.0627 -0.9636
vn -0.2770 0.2695 -0.9223
vn -0.2760 0.2007 -0.9399
vn -0.2580 0.0795 -0.9628
vn -0.3963 -0.4890 0.7770
vn -0.3695 -0.2348 0.8991
vn -0.3577 -0.2042 0.9112
vn -0.3994 -0.4400 0.8042
vn -0.9600 -0.2198 -0.1732
vn -0.9709 -0.1848 -0.1520
vn 0.9758 -0.0547 -0.2116
vn 0.9811 0.0735 -0.1789
vn 0.9763 -0.0525 -0.2101
vn -0.9864 -0.0130 0.1640
vn -0.9871 -0.0519 0.1513
vn 0.9781 0.0714 -0.1957
vn 0.8638 0.0126 -0.5036
vn 0.8661 0.1310 -0.4824
vn -0.9445 -0.0057 -0.3285
vn -0.9797 0.0035 -0.2002
vn 0.8259 0.0273 -0.5631
vn 0.6130 0.0294 -0.7895
vn 0.6781 0.0383 -0.7340
vn 0.9991 0.0312 -0.0268
vn -0.9742 0.0708 0.2143
vn -0.4190 0.0246 -0.9076
vn -0.4187 0.0273 -0.9077
vn -0.2777 0.1802 0.9436
vn 0.9397 0.1126 0.3230
vn 0.7354 -0.0388 0.6765
vn 0.8124 0.3209 0.4869
vn 0.8089 -0.4141 0.4173
vn 0.8656 -0.2293 0.4451
vn 0.6550 0.0316 0.7549
vn 0.6218 -0.0526 0.7814
vn 0.6264 -0.1103 0.7716
vn -0.9595 -0.0253 -0.2805
vn -0.9852 0.0247 -0.1693
vn -0.9849 0.0240 -0.1716
vn -0.9591 -0.0278 -0.2817
vn -0.9387 -0.0357 -0.3427
vn -0.9485 -0.0417 -0.3140
vn 0.5611 -0.1035 -0.8212
vn 0.9960 0.0690 0.0565
vn 0.9906 -0.0012 -0.1364
vn 0.9655 0.1256 0.2279
vn -0.0282 -0.9987 -0.0410
vn -0.0317 -0.9995 0.0057
vn -0.0563 -0.9984 -0.0017
vn -0.0645 -0.9973 -0.0343
vn -0.4274 -0.0786 -0.9006
vn 0.1548 0.9847 0.0800
vn 0.2417 0.9603 0.1392
vn 0.4675 0.8737 0.1343
vn 0.4406 0.8960 -0.0551
vn 0.1959 0.9177 0.3455
vn 0.4764 0.7975 0.3702
vn -0.0412 -0.9956 0.0843
vn -0.0777 -0.9936 0.0824
vn 0.0200 -0.9998 0.0033
vn 0.0091 -0.9966 0.0823
vn 0.9425 0.2490 0.2228
vn 0.9929 0.0880 0.0800
vn 0.9927 0.0888 0.0815
vn 0.9955 0.0608 0.0718
vn 0.0248 -0.9994 -0.0234
vn 0.0540 -0.9985 -0.0113
vn 0.0446 -0.9990 -0.0049
vn -0.6260 0.7797 -0.0073
vn -0.5857 0.8094 0.0431
vn -0.3202 0.9428 0.0927
vn -0.3322 0.9429 0.0243
vn 0.2614 0.4598 0.8486
vn -0.7063 0.5828 0.4018
vn -0.7104 0.3822 0.5909
vn -0.5565 0.3533 0.7520
vn -0.6052 0.4644 0.6466
vn -0.3844 0.3092 0.8698
vn -0.9969 0.0584 -0.0520
vn 0.9498 0.1812 0.2551
vn 0.0358 -0.9962 0.0791
vn -0.0566 0.9525 0.2993
vn -0.0844 0.9080 0.4104
vn -0.6877 0.7233 0.0621
vn 0.0361 -0.9991 0.0226
vn 0.0169 -0.9998 0.0121
vn -0.0268 -0.9996 0.0010
vn 0.7674 0.5129 0.3845
vn -0.0168 -0.9998 -0.0111
vn 0.0103 -0.9998 -0.0149
vn -0.8031 -0.5604 0.2023
vn 0.9134 -0.1462 0.3799
vn 0.7638 -0.1770 0.6207
vn -0.9872 0.0171 -0.1584
vn -0.9964 -0.0641 0.0553
vn -0.3325 -0.1599 0.9294
vn -0.3356 -0.1702 0.9265
vn -0.9293 -0.1791 0.3230
vn -0.9759 -0.0963 0.1956
vn -0.2720 0.0236 -0.9620
vn -0.2739 0.0121 -0.9617
vn 0.9717 -0.0890 -0.2187
vn 0.8755 -0.0688 -0.4783
vn 0.6897 -0.0305 -0.7234
vn 0.5783 -0.1763 0.7965
vn 0.7158 0.1776 -0.6753
vn -0.2708 0.4742 -0.8377
vn -0.9571 -0.1765 -0.2297
vn -0.9700 -0.0960 -0.2234
vn -0.9698 -0.0974 -0.2235
vn -0.8216 0.5502 -0.1495
vn -0.7359 0.6655 -0.1249
vn -0.8226 0.5485 -0.1498
vn -0.9549 0.2217 -0.1977
vn -0.9548 0.2218 -0.1977
vn 0.9571 0.1767 0.2296
vn 0.9697 0.0985 0.2233
vn 0.9699 0.0973 0.2232
vn 0.8210 -0.5509 0.1494
vn 0.8216 -0.5501 0.1496
vn 0.7346 -0.6669 0.1248
vn 0.9547 -0.2224 0.1974
vn 0.9550 -0.2213 0.1975
vn -0.2030 -0.5085 0.8367
vn -0.2835 -0.3312 0.8999
vn -0.2639 -0.3783 0.8873
vn 0.3026 0.9435 0.1347
vn 0.3119 0.1935 -0.9302
vn 0.3163 0.0273 -0.9483
vn 0.3143 -0.0837 -0.9456
vn -0.3204 -0.2880 0.9024
vn -0.3267 -0.2513 0.9111
vn 0.4256 -0.1527 -0.8919
vn 0.4206 -0.1461 -0.8954
vn 0.4511 -0.1869 -0.8727
vn 0.3592 -0.1622 -0.9190
vn 0.3439 -0.1840 -0.9208
vn -0.2085 0.2395 0.9482
vn -0.3076 -0.3544 0.8830
vn -0.8965 -0.1153 0.4278
vn -0.9018 -0.0439 0.4299
vn -0.9017 -0.0457 0.4299
vn -0.7323 0.6081 0.3064
vn -0.6876 0.6700 0.2797
vn -0.7327 0.6076 0.3066
vn -0.9008 0.0847 0.4259
vn -0.9006 0.0871 0.4258
vn -0.8445 0.3788 0.3786
vn -0.8447 0.3782 0.3787
vn 0.8964 0.1156 -0.4279
vn 0.9016 0.0457 -0.4300
vn 0.9017 0.0441 -0.4300
vn 0.7313 -0.6097 -0.3056
vn 0.7312 -0.6099 -0.3056
vn 0.6870 -0.6709 -0.2792
vn 0.9007 -0.0825 -0.4266
vn 0.9009 -0.0793 -0.4267
vn 0.8439 -0.3804 -0.3782
vn 0.8450 -0.3772 -0.3790
vn 0.3531 -0.4000 0.8457
vn 0.3345 -0.2589 0.9061
vn 0.3401 -0.2958 0.8927
vn 0.2628 0.9482 -0.1785
vn -0.3161 0.0915 -0.9443
vn -0.3323 -0.0484 -0.9419
vn -0.3400 -0.1481 -0.9287
vn 0.3141 -0.1218 0.9415
vn 0.3145 -0.1300 0.9403
vn -0.1979 -0.3018 -0.9326
vn -0.2008 -0.2995 -0.9327
vn -0.1813 -0.3152 -0.9315
vn -0.2368 -0.3053 -0.9223
vn -0.2423 -0.3109 -0.9190
vn -0.2939 -0.3111 -0.9038
vn -0.3106 -0.3008 -0.9017
vn 0.3570 0.0683 0.9316
vn 0.3820 0.1892 0.9045
vn 0.4061 0.3479 0.8450
vn 0.3140 -0.0990 0.9442
vn 0.3145 -0.0966 0.9443
vn 0.9893 0.0800 0.1216
vn 0.9805 0.1490 0.1280
vn 0.9802 0.1507 0.1281
vn 0.6499 0.7507 0.1187
vn 0.6504 0.7502 0.1187
vn 0.5873 0.8015 0.1123
vn 0.9508 0.2782 0.1357
vn 0.9515 0.2759 0.1357
vn 0.8242 0.5504 0.1332
vn 0.8238 0.5509 0.1331
vn -0.9893 -0.0795 -0.1217
vn -0.9803 -0.1503 -0.1282
vn -0.9805 -0.1489 -0.1281
vn -0.6474 -0.7529 -0.1182
vn -0.5859 -0.8026 -0.1120
vn -0.6469 -0.7534 -0.1181
vn -0.9539 -0.2673 -0.1361
vn -0.9529 -0.2708 -0.1363
vn -0.8254 -0.5485 -0.1334
vn -0.8219 -0.5538 -0.1331
vn 0.0237 -0.4825 0.8755
vn 0.0292 -0.3785 0.9251
vn 0.0310 -0.3415 0.9394
vn -0.4951 0.8688 -0.0077
vn -0.0257 0.1749 -0.9842
vn 0.0523 -0.0587 -0.9969
vn 0.0199 0.0392 -0.9990
vn 0.0338 -0.2116 0.9768
vn 0.0329 -0.2036 0.9785
vn -0.0504 -0.2370 -0.9702
vn -0.0628 -0.2532 -0.9654
vn -0.0483 -0.2342 -0.9710
vn -0.0098 -0.2363 -0.9716
vn -0.0025 -0.2415 -0.9704
vn 0.0513 -0.2330 -0.9711
vn 0.0654 -0.2188 -0.9736
vn -0.0497 -0.0267 0.9984
vn -0.1813 0.2385 0.9540
vn -0.1069 0.0872 0.9904
vn 0.0292 -0.1815 0.9829
vn 0.0282 -0.1793 0.9834
vn -0.9180 0.3445 -0.1963
vn -0.6858 0.7217 -0.0934
vn -0.6331 0.6818 -0.3664
vn -0.7761 0.3388 -0.5318
vn -0.3580 0.4090 0.8394
vn -0.2666 0.7161 0.6450
vn -0.5597 0.6326 0.5353
vn -0.7597 0.3250 0.5632
vn -0.2732 0.8807 0.3869
vn -0.6273 0.7071 0.3262
vn -0.3001 0.8280 -0.4736
vn -0.2942 0.9556 -0.0121
vn -0.3740 0.4716 -0.7985
vn -0.0046 0.6692 -0.7430
vn -0.0031 0.4851 -0.8744
vn -0.9430 0.3320 0.0204
vn -0.8737 0.4785 0.0881
vn -0.3478 -0.3235 -0.8799
vn -0.0167 -0.2568 -0.9663
vn -0.0166 -0.4946 -0.8689
vn -0.2950 -0.5004 -0.8140
vn -0.0157 -0.6028 -0.7977
vn -0.2553 -0.6167 -0.7447
vn -0.5776 -0.4897 -0.6531
vn -0.4613 -0.6333 -0.6214
vn -0.7379 -0.3805 -0.5573
vn -0.9170 -0.0811 -0.3904
vn -0.7034 -0.2944 -0.6470
vn -0.9603 0.1053 -0.2585
vn -0.8374 -0.1337 -0.5300
vn -0.3945 -0.0294 -0.9184
vn -0.0132 0.0422 -0.9990
vn 0.0053 0.9827 -0.1852
vn 0.0035 0.9999 -0.0144
vn -0.0025 0.9136 0.4065
vn -0.0041 0.7462 0.6657
vn -0.0159 0.4095 0.9122
vn -0.2722 0.9353 0.2260
vn -0.0002 0.9644 0.2642
vn -0.9149 0.3269 0.2365
vn -0.4228 0.8855 0.1928
vn -0.9930 0.1174 0.0067
vn -0.9998 0.0145 -0.0155
vn -0.5607 0.2396 -0.7925
vn -0.9873 0.0512 0.1502
vn -0.9928 -0.1180 0.0201
vn -0.9944 -0.1060 0.0035
vn -0.9961 -0.0497 -0.0727
vn -0.6550 0.1632 0.7377
vn -0.9634 0.1401 0.2286
vn -0.2518 0.2458 0.9360
vn 0.9156 0.3362 -0.2204
vn 0.7341 0.3392 -0.5882
vn 0.5961 0.6854 -0.4181
vn 0.6862 0.7195 -0.1069
vn 0.3672 0.4080 0.8358
vn 0.7691 0.3095 0.5591
vn 0.5619 0.6243 0.5426
vn 0.2631 0.7140 0.6488
vn 0.2689 0.8809 0.3894
vn 0.6272 0.7035 0.3342
vn 0.3059 0.8200 -0.4837
vn 0.2993 0.9539 -0.0202
vn 0.3054 0.4557 -0.8361
vn 0.9470 0.3213 0.0052
vn 0.8761 0.4753 0.0805
vn 0.3474 -0.2695 -0.8981
vn 0.3108 -0.4894 -0.8148
vn 0.2362 -0.6097 -0.7566
vn 0.6431 -0.4828 -0.5944
vn 0.8282 -0.3607 -0.4288
vn 0.4617 -0.6041 -0.6495
vn 0.9478 -0.0774 -0.3094
vn 0.7761 -0.2560 -0.5762
vn 0.9638 0.0623 -0.2590
vn 0.9511 0.0136 -0.3084
vn 0.3474 0.0138 -0.9376
vn 0.5413 -0.0154 -0.8407
vn 0.2708 0.9351 0.2285
vn 0.9160 0.2954 0.2715
vn 0.4203 0.8861 0.1954
vn 0.9958 0.0908 -0.0136
vn 0.9984 -0.0486 -0.0274
vn 0.9797 0.0055 0.2002
vn 0.9486 -0.2430 0.2025
vn 0.9467 -0.2460 0.2076
vn 0.9363 -0.2619 0.2336
vn 0.7223 0.1624 0.6721
vn 0.8345 0.1032 0.5412
vn 0.2356 0.2530 0.9383
vn 0.8282 0.0382 0.5591
vn 0.8213 0.0485 0.5683
vn 0.8193 0.0515 0.5710
vn 0.9199 -0.3406 0.1940
vn 0.7775 -0.3319 0.5341
vn 0.6377 -0.6804 0.3610
vn 0.6855 -0.7224 0.0907
vn 0.3580 -0.4005 -0.8435
vn 0.5770 -0.3015 -0.7590
vn 0.3948 -0.6757 -0.6225
vn 0.2615 -0.7230 -0.6394
vn 0.2633 -0.8832 -0.3880
vn 0.3506 -0.8569 -0.3779
vn 0.2969 -0.8304 0.4713
vn 0.2888 -0.9574 0.0060
vn 0.3760 -0.4787 0.7934
vn 0.0013 -0.4819 0.8762
vn 0.0035 -0.6615 0.7499
vn 0.9452 -0.3260 -0.0177
vn 0.8777 -0.4718 -0.0833
vn 0.3460 0.3302 0.8782
vn 0.2937 0.5015 0.8137
vn 0.0190 0.4964 0.8679
vn 0.0186 0.2581 0.9659
vn 0.2520 0.6194 0.7436
vn 0.0174 0.6048 0.7962
vn 0.5782 0.4884 0.6535
vn 0.7338 0.3879 0.5576
vn 0.4609 0.6362 0.6186
vn 0.9218 0.0684 0.3816
vn 0.7065 0.3027 0.6397
vn 0.9602 -0.1058 0.2585
vn 0.8434 0.1454 0.5171
vn 0.3947 0.0426 0.9178
vn 0.0135 -0.0381 0.9992
vn -0.0052 -0.9843 0.1762
vn -0.0034 -0.9999 0.0082
vn 0.0026 -0.9192 -0.3938
vn 0.0045 -0.7530 -0.6579
vn 0.0166 -0.3974 -0.9175
vn 0.0004 -0.9635 -0.2678
vn 0.2630 -0.9366 -0.2315
vn 0.9193 -0.3223 -0.2256
vn 0.8510 -0.4683 -0.2374
vn 0.4032 -0.8911 -0.2080
vn 0.9932 -0.1158 -0.0091
vn 0.9995 -0.0264 0.0127
vn 0.5513 -0.2437 0.7979
vn 0.9887 -0.0408 -0.1441
vn 0.9922 0.1234 -0.0183
vn 0.9935 0.1136 -0.0056
vn 0.9960 0.0527 0.0722
vn 0.6521 -0.1482 -0.7435
vn 0.9183 -0.3026 -0.2550
vn 0.8123 -0.4957 -0.3073
vn 0.9708 -0.1297 -0.2015
vn 0.2558 -0.2337 -0.9380
vn -0.9187 -0.3312 0.2149
vn -0.6857 -0.7205 0.1035
vn -0.5959 -0.6857 0.4179
vn -0.7345 -0.3346 0.5903
vn -0.3724 -0.3971 -0.8388
vn -0.2576 -0.7214 -0.6428
vn -0.5602 -0.6278 -0.5404
vn -0.7748 -0.3002 -0.5563
vn -0.2589 -0.8837 -0.3899
vn -0.3475 -0.8571 -0.3804
vn -0.3039 -0.8217 0.4820
vn -0.2936 -0.9558 0.0143
vn -0.3011 -0.4569 0.8370
vn -0.9491 -0.3150 -0.0020
vn -0.8800 -0.4690 -0.0750
vn -0.3415 0.2716 0.8998
vn -0.3066 0.4926 0.8144
vn -0.2282 0.6136 0.7559
vn -0.6434 0.4794 0.5969
vn -0.4591 0.6062 0.6494
vn -0.8274 0.3657 0.4263
vn -0.9510 0.0731 0.3004
vn -0.7798 0.2611 0.5689
vn -0.9658 -0.0584 0.2525
vn -0.9575 -0.0090 0.2882
vn -0.3421 -0.0074 0.9396
vn -0.5308 0.0187 0.8473
vn -0.2610 -0.9364 -0.2344
vn -0.9195 -0.2907 -0.2644
vn -0.8494 -0.4637 -0.2519
vn -0.4001 -0.8918 -0.2110
vn -0.9963 -0.0853 0.0107
vn -0.9982 0.0532 0.0267
vn -0.9801 0.0036 -0.1984
vn -0.9450 0.2539 -0.2061
vn -0.9434 0.2554 -0.2113
vn -0.9362 0.2623 -0.2337
vn -0.8364 -0.0938 -0.5401
vn -0.7296 -0.1468 -0.6679
vn -0.2396 -0.2403 -0.9406
vn -0.8282 -0.0382 -0.5590
vn -0.8204 -0.0475 -0.5698
vn -0.8221 -0.0454 -0.5674
vn 0.1834 -0.7888 0.5866
vn -0.0045 -0.7916 0.6110
vn -0.0067 -0.7917 0.6109
vn 0.1862 -0.7886 0.5860
vn -0.4322 -0.3229 0.8419
vn -0.4176 -0.4341 0.7982
vn -0.4317 -0.3275 0.8404
vn -0.4404 -0.2123 0.8723
vn 0.0206 -0.9976 0.0665
vn 0.0264 -0.1648 -0.9860
vn 0.0225 -0.3691 -0.9291
vn 0.0267 -0.1421 -0.9895
vn 0.0293 0.0685 -0.9972
vn 0.0172 -0.9191 0.3936
vn 0.0224 0.0836 0.9962
vn -0.0318 0.0639 0.9974
vn 0.0275 0.0854 0.9959
vn 0.0816 0.1048 0.9911
vn -0.1216 -0.9919 -0.0361
vn -0.1949 -0.9382 -0.2860
vn -0.1238 -0.9913 -0.0434
vn -0.0423 -0.9771 0.2085
vn 0.3043 -0.7769 0.5512
vn 0.5713 -0.5823 0.5783
vn -0.9476 -0.0176 -0.3189
vn 0.9398 -0.2557 0.2268
vn 0.0818 -0.9583 0.2737
vn -0.0789 -0.7826 0.6175
vn -0.0784 -0.7834 0.6165
vn 0.3911 -0.4022 0.8278
vn 0.3436 -0.3577 0.8683
vn 0.3462 -0.3601 0.8662
vn 0.2973 -0.3141 0.9016
vn -0.0481 -0.9944 0.0937
vn 0.0352 -0.3419 -0.9391
vn 0.1473 -0.1321 -0.9802
vn 0.1436 -0.1397 -0.9797
vn 0.2469 0.0764 -0.9660
vn -0.3441 -0.8163 0.4639
vn -0.2141 0.0434 0.9758
vn -0.1998 0.0943 0.9753
vn -0.2004 0.0923 0.9753
vn -0.1853 0.1434 0.9721
vn 0.1516 -0.9612 -0.2301
vn -0.0833 -0.7744 0.6272
vn -0.6070 -0.3904 0.6922
vn -0.6764 -0.3784 0.6319
vn -0.6147 -0.3893 0.6860
vn 0.9506 -0.0415 -0.3075
vn -0.8883 -0.3887 0.2446
vn -0.1002 -0.9540 0.2824
vn -0.4890 -0.4478 0.7485
vn -0.5155 -0.4235 0.7449
vn -0.5158 -0.4232 0.7449
vn 0.5594 -0.0362 -0.8281
vn 0.5590 -0.2114 -0.8017
vn 0.5596 -0.0410 -0.8277
vn 0.5429 0.1355 -0.8288
vn 0.0000 0.4368 0.8996
vn 0.2832 0.4557 0.8438
vn 0.3210 0.5838 0.7457
vn 0.0000 0.4984 0.8669
vn 0.4657 0.5051 0.7266
vn 0.0000 0.4761 0.8794
vn 0.1262 0.0128 -0.9919
vn 0.0000 -0.0835 -0.9965
vn 0.0000 0.3902 -0.9207
vn 0.1446 0.3136 -0.9384
vn 0.2445 -0.2366 0.9403
vn 0.2631 -0.2468 0.9326
vn 0.5461 0.7966 0.2590
vn 0.5952 0.8012 -0.0620
vn 0.0000 0.4897 -0.8719
vn 0.1648 0.5208 -0.8376
vn 0.0463 -0.2905 -0.9557
vn 0.0000 -0.2806 -0.9598
vn 0.2507 -0.8730 -0.4182
vn 0.2903 -0.2616 0.9205
vn 0.3937 -0.7602 0.5167
vn 0.7501 0.6596 -0.0471
vn 0.7296 0.6294 0.2675
vn 0.4234 0.0225 0.9056
vn 0.4100 0.0718 0.9092
vn 0.9019 0.3280 -0.2811
vn 0.8830 0.4100 -0.2285
vn 0.9027 0.1905 0.3858
vn 0.8819 0.2289 0.4121
vn 0.0000 0.2383 -0.9712
vn 0.2605 0.2406 -0.9350
vn 0.9132 0.1658 -0.3721
vn 0.9601 0.0397 0.2766
vn 0.4673 -0.1825 0.8650
vn 0.3056 0.1378 -0.9421
vn -0.7823 -0.0959 0.6154
vn -0.5897 -0.1111 0.7999
vn -0.6052 -0.1103 0.7884
vn 0.2883 -0.1664 0.9430
vn 0.2882 -0.1664 0.9430
vn 0.3012 -0.1484 0.9419
vn 0.3010 -0.1495 0.9418
vn -0.9172 -0.0690 0.3923
vn -0.9979 -0.0092 0.0642
vn -0.8170 -0.0846 0.5704
vn 0.9989 -0.0459 -0.0074
vn 0.9918 -0.0641 0.1108
vn 0.9917 -0.0582 0.1147
vn -0.7966 -0.1202 0.5924
vn -0.9114 -0.1369 0.3880
vn -0.9132 -0.1189 0.3896
vn -0.7874 -0.1105 0.6063
vn 0.2972 -0.1118 0.9482
vn 0.2963 -0.1118 0.9485
vn 0.2808 -0.1387 0.9497
vn 0.2807 -0.1392 0.9496
vn 0.9929 -0.0511 0.1070
vn 0.9936 -0.0522 0.1001
vn 0.9991 -0.0334 -0.0270
vn 0.9903 -0.0249 -0.1363
vn 0.9996 -0.0232 -0.0158
vn 0.9990 -0.0425 -0.0141
vn 0.9895 -0.0435 -0.1377
vn -0.8878 0.0410 -0.4584
vn -0.7078 0.0832 -0.7015
vn -0.7124 0.1254 -0.6904
vn -0.8716 0.0849 -0.4827
vn 0.3247 -0.0578 0.9440
vn 0.3164 -0.0892 0.9444
vn 0.3192 -0.0788 0.9444
vn 0.2734 0.1009 -0.9566
vn 0.2740 0.0884 -0.9576
vn 0.2686 0.1469 -0.9520
vn 0.2687 0.1454 -0.9522
vn 0.9942 -0.0211 0.1054
vn 0.9933 -0.0420 0.1073
vn 0.3309 -0.0925 -0.9391
vn 0.3104 -0.0884 -0.9465
vn 0.2994 -0.0862 -0.9502
vn -0.9405 -0.1890 -0.2824
vn -0.8129 -0.1770 -0.5548
vn -0.8511 -0.1315 -0.5083
vn -0.9583 -0.1324 -0.2532
vn -0.6506 -0.1548 -0.7435
vn -0.6781 -0.1100 -0.7266
vn 0.9897 -0.0269 -0.1404
vn 0.9898 -0.0143 -0.1417
vn -0.9777 0.0009 -0.2099
vn -0.9997 -0.0161 0.0202
vn -0.8766 -0.0443 0.4791
vn -0.6926 0.0880 -0.7159
vn -0.8661 0.0553 -0.4967
vn 0.9885 0.0121 0.1504
vn 0.9989 0.0032 -0.0457
vn 0.9736 -0.0026 -0.2281
vn 0.2980 0.0295 0.9541
vn 0.2983 0.0254 0.9541
vn 0.3438 0.0692 -0.9365
vn 0.3482 0.0724 -0.9346
vn 0.9801 0.0128 -0.1981
vn 0.9460 0.0020 -0.3240
vn -0.6252 0.0353 -0.7796
vn -0.8310 0.0345 -0.5551
vn -0.9989 0.0406 -0.0241
vn 0.9772 0.0738 0.1989
vn 0.4321 0.0316 -0.9012
vn 0.4325 0.0284 -0.9012
vn 0.2840 0.1881 0.9402
vn -0.9405 0.1188 0.3183
vn 0.3861 -0.8943 0.2262
vn 0.5653 -0.7549 -0.3324
vn 0.0000 -0.9975 -0.0709
vn 0.4562 -0.5620 -0.6899
vn 0.0000 -0.5397 -0.8419
vn 0.0000 -0.5934 -0.8049
vn 0.3907 -0.6340 -0.6674
vn 0.6173 -0.5795 -0.5321
vn 0.6051 -0.6135 -0.5074
vn 0.6064 -0.5952 -0.5271
vn 0.4602 -0.5281 -0.7136
vn 0.7247 -0.5488 -0.4167
vn 0.7393 -0.6356 -0.2220
vn 0.0000 -0.5656 -0.8247
vn 0.8300 -0.3128 -0.4617
vn 0.9056 -0.3167 -0.2820
vn 0.9330 -0.3543 -0.0628
vn 0.0000 -0.3253 -0.9456
vn 0.2794 -0.2825 -0.9177
vn 0.9308 0.0020 -0.3654
vn 0.9835 -0.0375 -0.1772
vn 0.9918 -0.0785 0.1003
vn 0.2887 -0.2008 -0.9361
vn 0.6242 -0.7654 -0.1564
vn 0.3575 -0.8915 -0.2782
vn 0.8871 -0.4607 -0.0284
vn 0.9836 -0.1291 0.1256
vn 0.9800 -0.1830 0.0782
vn 0.0000 -0.9456 -0.3251
vn 0.4280 -0.8801 0.2054
vn 0.2008 -0.3445 0.9170
vn 0.2316 -0.0963 0.9680
vn 0.3590 -0.1137 0.9264
vn 0.2428 -0.3731 0.8954
vn 0.2515 -0.3995 0.8815
vn 0.1740 -0.4212 0.8901
vn 0.3127 -0.3802 0.8704
vn 0.0000 -0.3093 0.9510
vn 0.3434 -0.1077 0.9330
vn 0.3348 -0.0711 0.9396
vn 0.0000 -0.1092 0.9940
vn 0.9204 0.2723 -0.2804
vn 0.9747 0.2127 -0.0683
vn 0.2487 0.3951 -0.8843
vn 0.0000 0.4079 -0.9130
vn 0.0000 0.5371 -0.8435
vn 0.2651 0.5036 -0.8222
vn 0.9691 0.1352 0.2062
vn 0.9523 0.1192 0.2808
vn 0.3794 -0.1560 0.9119
vn 0.5141 -0.1053 0.8512
vn 0.2938 0.1369 0.9460
vn 0.0000 0.1306 0.9914
vn 0.6130 0.6288 -0.4783
vn 0.8502 0.5257 -0.0261
vn 0.0000 0.7483 -0.6633
vn 0.5574 0.1351 0.8192
vn 0.9382 0.2594 0.2290
vn 0.9119 0.2459 0.3285
vn 0.5034 0.8625 0.0520
vn 0.4326 0.8562 -0.2824
vn 0.0000 0.9896 -0.1440
vn 0.0000 0.9946 0.1038
vn 0.3792 0.7998 0.4652
vn 0.0000 0.8653 0.5011
vn 0.5518 0.7212 0.4187
vn 0.2823 0.6880 0.6685
vn 0.0000 0.7062 0.7080
vn 0.4324 0.6601 0.6142
vn 0.0000 0.9007 -0.4345
vn -0.7486 -0.0348 0.6621
vn -0.8261 0.3132 0.4684
vn -0.6482 -0.1082 0.7537
vn -0.6387 -0.0969 0.7633
vn -0.6239 -0.1032 0.7746
vn -0.6202 -0.1120 0.7764
vn 0.9597 -0.0085 -0.2810
vn 0.9592 -0.0114 -0.2823
vn 0.9846 0.0432 -0.1693
vn 0.9851 0.0443 -0.1661
vn 0.9493 -0.0256 -0.3133
vn 0.9395 -0.0205 -0.3418
vn -0.5698 -0.0910 -0.8167
vn -0.9915 0.0159 -0.1286
vn -0.9940 0.0897 0.0618
vn -0.9616 0.1523 0.2281
vn -0.0060 -0.9994 -0.0327
vn 0.0030 -0.9999 -0.0140
vn -0.0020 -1.0000 -0.0022
vn 0.0018 -1.0000 -0.0022
vn 0.4417 -0.0669 -0.8947
vn -0.1468 0.9859 0.0801
vn -0.4138 0.9089 -0.0513
vn -0.4537 0.8806 0.1362
vn -0.2373 0.9614 0.1389
vn -0.4799 0.7955 0.3700
vn -0.2023 0.9174 0.3427
vn 0.0281 -0.9974 0.0660
vn 0.0194 -0.9980 0.0602
vn 0.0005 -0.9999 -0.0105
vn 0.0045 -0.9984 0.0553
vn -0.9389 0.2618 0.2233
vn -0.9943 0.0811 0.0687
vn -0.9904 0.1102 0.0830
vn -0.9910 0.1080 0.0793
vn 0.0020 -0.9996 -0.0276
vn 0.0056 -0.9997 -0.0216
vn -0.0014 -0.9998 -0.0183
vn 0.6199 0.7847 0.0071
vn 0.3200 0.9470 0.0269
vn 0.3150 0.9444 0.0938
vn 0.5754 0.8165 0.0472
vn -0.2610 0.4964 0.8279
vn 0.7041 0.5937 0.3895
vn 0.6040 0.4791 0.6368
vn 0.5575 0.3800 0.7380
vn 0.7100 0.4129 0.5705
vn 0.3844 0.3300 0.8621
vn 0.9957 0.0810 -0.0448
vn -0.9441 0.2081 0.2556
vn -0.0049 -0.9985 0.0540
vn 0.0529 0.9545 0.2935
vn 0.0920 0.9035 0.4185
vn 0.6809 0.7288 0.0722
vn 0.0053 -0.9998 0.0189
vn 0.0038 -0.9999 0.0150
vn 0.0101 -0.9998 0.0140
vn -0.7818 0.4970 0.3764
vn 0.0061 -1.0000 0.0048
vn 0.0000 -1.0000 -0.0000
vn -0.4951 0.5794 0.6474
vn -0.3994 0.1920 0.8964
vn -0.2117 -0.0045 0.9773
vn -0.2951 0.1494 0.9437
vn -0.5872 0.6785 0.4413
vn -0.8336 0.5503 0.0482
vn -0.8121 0.5266 0.2512
vn 0.5567 -0.6543 0.5119
vn 0.5339 -0.6662 0.5206
vn 0.5375 -0.6644 0.5192
vn 0.5085 -0.7811 -0.3623
vn 0.5651 -0.7291 -0.3860
vn 0.5591 -0.7350 -0.3835
vn -0.6705 0.7095 -0.2167
vn -0.8247 0.5493 -0.1346
vn -0.6593 0.7209 -0.2135
vn -0.0429 -0.1693 0.9846
vn -0.1119 -0.1771 0.9778
vn -0.3202 0.2813 -0.9046
vn -0.1071 -0.0732 -0.9915
vn -0.3083 0.1712 -0.9357
vn -0.3137 0.2943 -0.9027
vn 0.0591 -0.2857 -0.9565
vn 0.0816 -0.2501 -0.9648
vn 0.0540 -0.2901 -0.9554
vn -0.3755 0.1332 0.9172
vn -0.1903 -0.0258 0.9814
vn 0.5033 -0.6577 0.5605
vn 0.5006 -0.6523 0.5690
vn -0.8388 0.5404 0.0663
vn -0.8298 0.5316 0.1695
vn -0.0508 -0.1248 -0.9909
vn -0.2143 0.0047 -0.9767
vn 0.0925 -0.2377 -0.9669
vn 0.5962 -0.6897 -0.4107
vn 0.5981 -0.6884 -0.4103
vn -0.8419 0.5383 -0.0382
vn -0.0125 -0.1847 0.9827
vn -0.8129 0.5789 0.0626
vn -0.7697 0.6362 0.0523
vn -0.7497 0.6417 0.1617
vn -0.8018 0.5730 0.1696
vn 0.1878 0.2389 0.9527
vn 0.1405 0.1982 0.9700
vn 0.3108 0.0541 0.9489
vn 0.3227 0.1078 0.9403
vn 0.0114 -0.1581 -0.9873
vn -0.0798 -0.2127 -0.9738
vn -0.1943 -0.0847 -0.9773
vn -0.1170 -0.0341 -0.9925
vn -0.7375 0.6739 -0.0432
vn -0.7674 0.6400 -0.0375
vn -0.7615 0.6470 0.0378
vn -0.7228 0.6893 0.0486
vn -0.7494 0.6524 0.1131
vn -0.7030 0.6982 0.1352
vn 0.7587 -0.4568 0.4645
vn 0.7309 -0.5633 0.3851
vn 0.7383 -0.6707 0.0703
vn 0.7586 -0.4567 0.4646
vn 0.1254 -0.2650 -0.9561
vn 0.0499 -0.3398 -0.9391
vn -0.0145 -0.1332 -0.9910
vn -0.0005 -0.1454 -0.9893
vn -0.1285 -0.0317 -0.9912
vn -0.1442 -0.0242 -0.9892
vn 0.1173 -0.2402 -0.9636
vn 0.1215 -0.2520 -0.9601
vn 0.5778 -0.7022 -0.4160
vn 0.6261 -0.6652 -0.4068
vn 0.6157 -0.6734 -0.4090
vn 0.0350 0.3702 0.9283
vn -0.0043 0.3414 0.9399
vn -0.1562 -0.0065 0.9877
vn 0.0190 0.1401 0.9899
vn 0.1800 -0.0354 0.9830
vn 0.0371 -0.1821 0.9826
vn -0.3388 0.1693 0.9255
vn -0.2036 0.2604 0.9438
vn 0.4896 -0.6304 0.6024
vn 0.6164 -0.5372 0.5758
vn 0.6275 -0.5276 0.5725
vn 0.4896 -0.6304 0.6023
vn -0.8146 0.5782 -0.0449
vn -0.7799 0.6242 -0.0462
vn -0.8017 0.5969 0.0318
vn -0.7738 0.6188 0.1356
vn -0.2383 -0.2795 -0.9301
vn -0.4009 -0.1272 -0.9073
vn -0.0364 -0.4316 -0.9013
vn 0.6991 -0.7059 0.1139
vn 0.6430 -0.7498 -0.1561
vn 0.6751 -0.6865 -0.2701
vn -0.8142 0.5784 -0.0499
vn 0.0812 0.2123 0.9738
vn 0.3406 -0.0204 0.9400
vn -0.1554 0.3814 0.9112
vn 0.7097 -0.6053 0.3604
vn 0.4774 -0.1158 0.8710
vn 0.4852 -0.1225 0.8658
vn -0.2079 0.4461 0.8705
vn -0.1970 0.4352 0.8785
vn 0.7860 -0.5515 0.2793
vn 0.7748 -0.6302 0.0505
vn -0.8028 0.5953 0.0344
vn -0.7379 0.6345 0.2298
vn -0.5403 -0.0198 -0.8412
vn -0.5371 -0.0295 -0.8430
vn 0.0515 -0.4208 -0.9057
vn 0.0203 -0.4364 -0.8995
vn 0.6891 -0.6970 -0.1982
vn -0.8292 0.5466 -0.1171
vn -0.6055 0.7485 0.2703
vn -0.6405 0.7677 0.0212
vn -0.7480 0.6566 -0.0960
vn -0.6478 0.6544 0.3899
vn -0.1703 0.5890 0.7900
vn -0.2305 0.5847 0.7778
vn -0.1035 0.4909 0.8650
vn -0.1199 0.4749 0.8718
vn -0.6372 0.7199 -0.2751
vn -0.7054 0.6253 -0.3338
vn -0.6317 0.7163 0.2963
vn -0.7250 0.6870 0.0488
vn -0.2658 0.4388 -0.8584
vn -0.2559 0.4525 -0.8542
vn -0.2997 0.4783 -0.8255
vn -0.3048 0.4751 -0.8255
vn -0.7627 0.6074 -0.2218
vn 0.3638 0.1202 -0.9237
vn 0.3666 0.1355 -0.9204
vn 0.3214 0.1922 -0.9272
vn 0.3207 0.1913 -0.9276
vn -0.4643 0.1864 -0.8658
vn -0.4472 0.2070 -0.8701
vn 0.8680 -0.2696 -0.4170
vn 0.9387 -0.2881 -0.1894
vn 0.8659 -0.4462 -0.2261
vn 0.8555 -0.3416 -0.3891
vn 0.2223 -0.2405 -0.9449
vn 0.2501 -0.1924 -0.9489
vn 0.8095 -0.4588 -0.3663
vn 0.8908 -0.4384 -0.1194
vn 0.9060 -0.4001 0.1383
vn 0.9520 -0.3061 -0.0011
vn 0.9442 -0.3275 -0.0356
vn 0.0139 0.0457 0.9988
vn 0.0402 0.0410 0.9983
vn 0.2732 -0.0127 0.9619
vn 0.2576 -0.0080 0.9662
vn 0.5898 -0.7954 0.1395
vn 0.6439 -0.7645 0.0304
vn 0.4131 -0.9043 0.1079
vn 0.4218 -0.8450 0.3287
vn -0.0985 0.1811 0.9785
vn -0.1013 0.1618 0.9816
vn -0.7536 0.5864 0.2969
vn -0.7033 0.5754 0.4174
vn -0.8087 0.5578 0.1863
vn -0.8470 0.5255 0.0800
vn -0.8562 0.4690 0.2165
vn -0.8828 0.4213 0.2078
vn -0.8675 0.4025 -0.2922
vn -0.8511 0.4685 -0.2368
vn -0.6761 0.3984 -0.6198
vn -0.7685 0.3112 -0.5590
vn -0.0928 -0.2100 -0.9733
vn -0.0814 -0.1615 -0.9835
vn -0.0808 -0.1588 -0.9840
vn -0.8834 0.1524 -0.4430
vn -0.8897 0.1219 -0.4400
vn 0.2338 -0.0419 -0.9714
vn 0.2346 -0.0414 -0.9712
vn 0.2864 -0.0815 -0.9546
vn 0.2801 -0.0688 -0.9575
vn 0.2320 0.0190 -0.9725
vn 0.2315 0.0168 -0.9727
vn 0.7624 -0.6432 0.0701
vn 0.6836 -0.6892 0.2401
vn 0.7844 -0.5403 0.3047
vn 0.7969 -0.5613 -0.2233
vn 0.6913 -0.7202 -0.0578
vn 0.6282 -0.7635 0.1496
vn 0.6895 -0.6382 0.3425
vn -0.5217 -0.1701 0.8360
vn -0.4902 -0.0873 0.8672
vn -0.4733 -0.0464 0.8797
vn 0.4775 -0.8778 -0.0389
vn 0.7651 -0.6437 0.0110
vn -0.3274 -0.1078 0.9387
vn -0.3193 -0.0382 0.9469
vn -0.3220 -0.0597 0.9449
vn -0.1143 -0.0023 0.9934
vn -0.0943 0.0175 0.9954
vn -0.0912 0.0206 0.9956
vn 0.8257 -0.5522 -0.1152
vn 0.8120 -0.5741 -0.1052
vn -0.5232 -0.3650 -0.7700
vn -0.4450 -0.4046 -0.7989
vn -0.4713 -0.3919 -0.7901
vn -0.1787 0.3591 0.9160
vn -0.3175 0.4954 0.8085
vn -0.4243 0.5245 0.7382
vn -0.4978 0.3652 -0.7866
vn -0.6842 0.2809 -0.6730
vn 0.4753 -0.8628 -0.1724
vn 0.2821 -0.9255 -0.2527
vn 0.9510 -0.2260 -0.2109
vn 0.9514 -0.2373 -0.1963
vn 0.9259 -0.1326 -0.3536
vn 0.9252 -0.1248 -0.3583
vn 0.2817 -0.8513 0.4427
vn 0.6345 0.3057 0.7098
vn 0.4366 0.3721 0.8191
vn 0.4278 0.3635 0.8275
vn 0.6587 0.2278 0.7171
vn -0.7575 -0.0070 0.6528
vn -0.8453 -0.0667 0.5300
vn -0.8706 -0.0870 0.4842
vn 0.2644 0.2335 0.9357
vn 0.2615 0.2344 0.9363
vn -0.9544 0.2629 -0.1414
vn -0.9688 0.2045 -0.1399
vn -0.2275 -0.2774 -0.9334
vn -0.1727 -0.1707 -0.9700
vn -0.1745 -0.1741 -0.9691
vn 0.1599 -0.2211 -0.9620
vn 0.1496 -0.1822 -0.9718
vn 0.1437 -0.1599 -0.9766
vn -0.8657 0.0158 -0.5004
vn -0.8659 0.0149 -0.5000
vn -0.9866 -0.1092 -0.1210
vn -0.9806 -0.1577 -0.1163
vn -0.0663 -0.1296 -0.9893
vn -0.0667 -0.1249 -0.9899
vn 0.9985 -0.0518 0.0158
vn 0.9944 0.1044 0.0154
vn 0.9979 0.0626 0.0155
vn -0.0088 0.0297 0.9995
vn 0.0130 0.0250 0.9996
vn 0.9836 -0.0780 0.1626
vn -0.3111 0.0365 0.9496
vn -0.3115 0.0290 0.9498
vn -0.8470 -0.2934 -0.4432
vn -0.8114 -0.3696 -0.4527
vn 0.1312 -0.1491 -0.9801
vn 0.1308 -0.1749 -0.9758
vn -0.9680 0.1904 0.1635
vn -0.9717 0.1732 0.1602
vn -0.1165 -0.1092 -0.9872
vn -0.1173 -0.1166 -0.9862
vn 0.9404 -0.2655 -0.2125
vn 0.9384 -0.2736 -0.2110
vn 0.3118 -0.0075 0.9501
vn 0.3207 -0.0138 0.9471
vn 0.2953 -0.2118 -0.9316
vn 0.3003 -0.1855 -0.9356
vn 0.8551 0.2896 0.4300
vn 0.7915 0.4020 0.4604
vn 0.8010 0.3869 0.4567
vn -0.3921 0.0973 0.9147
vn -0.3764 0.1147 0.9193
vn -0.8488 -0.3807 -0.3670
vn -0.8325 -0.4225 -0.3584
vn 0.3906 -0.9142 -0.1075
vn 0.0777 0.0109 0.9969
vn -0.9483 -0.3010 -0.1006
vn -0.0648 -0.1497 -0.9866
vn 0.9732 0.2294 0.0148
vn 0.7254 -0.6269 0.2842
vn 0.1301 -0.2067 -0.9697
vn 0.8406 0.4679 0.2726
vn -0.3103 0.0512 0.9492
vn -0.6932 -0.5530 -0.4621
vn -0.1609 -0.9869 0.0084
vn 0.2770 0.0168 0.9607
vn -0.9895 0.0515 0.1352
vn -0.1241 -0.1784 -0.9761
vn 0.9576 -0.1747 -0.2289
vn 0.6460 -0.5841 0.4913
vn -0.7538 -0.5746 -0.3187
vn 0.2839 -0.2671 -0.9209
vn 0.7223 0.4971 0.4808
vn -0.3392 0.1552 0.9278
vn 0.6422 -0.0864 0.7616
vn 0.6406 -0.0886 0.7627
vn -0.3761 -0.4352 -0.8180
vn 0.9287 -0.1827 -0.3225
vn 0.2376 0.2423 0.9406
vn -0.9314 -0.1482 0.3326
vn -0.1520 -0.9830 0.1025
vn 0.6811 -0.6388 -0.3577
vn 0.6759 -0.6373 -0.3701
vn -0.3210 0.5838 0.7457
vn -0.2832 0.4557 0.8438
vn -0.4657 0.5051 0.7266
vn -0.1262 0.0128 -0.9919
vn -0.1446 0.3136 -0.9384
vn -0.2445 -0.2366 0.9403
vn -0.2631 -0.2468 0.9326
vn -0.5461 0.7966 0.2590
vn -0.5952 0.8012 -0.0620
vn -0.1648 0.5208 -0.8376
vn -0.0463 -0.2905 -0.9557
vn -0.2507 -0.8730 -0.4182
vn -0.2903 -0.2616 0.9205
vn -0.3937 -0.7602 0.5167
vn -0.7296 0.6294 0.2675
vn -0.7501 0.6596 -0.0471
vn -0.4100 0.0718 0.9092
vn -0.4234 0.0225 0.9056
vn -0.8830 0.4100 -0.2285
vn -0.9019 0.3280 -0.2811
vn -0.8819 0.2289 0.4121
vn -0.9027 0.1905 0.3858
vn -0.2605 0.2406 -0.9350
vn -0.9132 0.1658 -0.3721
vn -0.9601 0.0397 0.2766
vn -0.4673 -0.1825 0.8650
vn -0.3056 0.1378 -0.9421
vn 0.7823 -0.0959 0.6154
vn 0.6052 -0.1103 0.7884
vn 0.5897 -0.1111 0.7999
vn -0.2883 -0.1664 0.9430
vn -0.3010 -0.1495 0.9418
vn -0.3012 -0.1484 0.9419
vn -0.2882 -0.1664 0.9430
vn 0.8170 -0.0846 0.5704
vn 0.9979 -0.0092 0.0642
vn 0.9172 -0.0690 0.3923
vn -0.9989 -0.0459 -0.0074
vn -0.9917 -0.0582 0.1147
vn -0.9918 -0.0641 0.1108
vn 0.7966 -0.1202 0.5924
vn 0.7874 -0.1105 0.6063
vn 0.9132 -0.1189 0.3896
vn 0.9114 -0.1369 0.3880
vn -0.2972 -0.1118 0.9482
vn -0.2807 -0.1392 0.9496
vn -0.2808 -0.1387 0.9497
vn -0.2963 -0.1118 0.9485
vn -0.9991 -0.0334 -0.0270
vn -0.9936 -0.0522 0.1001
vn -0.9929 -0.0511 0.1070
vn -0.9903 -0.0249 -0.1363
vn -0.9895 -0.0435 -0.1377
vn -0.9990 -0.0425 -0.0141
vn -0.9996 -0.0232 -0.0158
vn 0.8878 0.0410 -0.4584
vn 0.8716 0.0849 -0.4827
vn 0.7124 0.1254 -0.6904
vn 0.7078 0.0832 -0.7015
vn -0.3247 -0.0578 0.9440
vn -0.3192 -0.0788 0.9444
vn -0.3164 -0.0892 0.9444
vn -0.2734 0.1009 -0.9566
vn -0.2687 0.1454 -0.9522
vn -0.2686 0.1469 -0.9520
vn -0.2740 0.0884 -0.9576
vn -0.9933 -0.0420 0.1073
vn -0.9942 -0.0211 0.1054
vn -0.3309 -0.0925 -0.9391
vn -0.2994 -0.0862 -0.9502
vn -0.3104 -0.0884 -0.9465
vn 0.9405 -0.1890 -0.2824
vn 0.9583 -0.1324 -0.2532
vn 0.8511 -0.1315 -0.5083
vn 0.8129 -0.1770 -0.5548
vn 0.6781 -0.1100 -0.7266
vn 0.6506 -0.1548 -0.7435
vn -0.9897 -0.0269 -0.1404
vn -0.9898 -0.0143 -0.1417
vn 0.9777 0.0009 -0.2099
vn 0.8766 -0.0443 0.4791
vn 0.9997 -0.0161 0.0202
vn 0.8661 0.0553 -0.4967
vn 0.6926 0.0880 -0.7159
vn -0.9989 0.0032 -0.0457
vn -0.9885 0.0121 0.1504
vn -0.9736 -0.0026 -0.2281
vn -0.2983 0.0254 0.9541
vn -0.2980 0.0295 0.9541
vn -0.3482 0.0724 -0.9346
vn -0.3438 0.0692 -0.9365
vn -0.9460 0.0020 -0.3240
vn -0.9801 0.0128 -0.1981
vn 0.8310 0.0345 -0.5551
vn 0.6252 0.0353 -0.7796
vn 0.9989 0.0406 -0.0241
vn -0.9772 0.0738 0.1989
vn -0.4325 0.0284 -0.9012
vn -0.4321 0.0316 -0.9012
vn -0.2840 0.1881 0.9402
vn 0.9405 0.1188 0.3183
vn -0.3861 -0.8943 0.2262
vn -0.5653 -0.7549 -0.3324
vn -0.4562 -0.5620 -0.6899
vn -0.3907 -0.6340 -0.6674
vn -0.6173 -0.5795 -0.5321
vn -0.6051 -0.6135 -0.5074
vn -0.6064 -0.5952 -0.5271
vn -0.7247 -0.5488 -0.4167
vn -0.4602 -0.5281 -0.7136
vn -0.7393 -0.6356 -0.2220
vn -0.9056 -0.3167 -0.2820
vn -0.8300 -0.3128 -0.4617
vn -0.9330 -0.3543 -0.0628
vn -0.2794 -0.2825 -0.9177
vn -0.9835 -0.0375 -0.1772
vn -0.9308 0.0020 -0.3654
vn -0.9918 -0.0785 0.1003
vn -0.2887 -0.2008 -0.9361
vn -0.3575 -0.8915 -0.2782
vn -0.6242 -0.7654 -0.1564
vn -0.8871 -0.4607 -0.0284
vn -0.9800 -0.1830 0.0783
vn -0.9836 -0.1290 0.1257
vn -0.4174 -0.8848 0.2069
vn -0.2005 -0.3456 0.9167
vn -0.2430 -0.3740 0.8950
vn -0.3587 -0.1162 0.9262
vn -0.2321 -0.0999 0.9675
vn -0.1741 -0.4214 0.8900
vn -0.2514 -0.3997 0.8815
vn -0.3124 -0.3803 0.8704
vn -0.3348 -0.0711 0.9396
vn -0.3442 -0.1093 0.9325
vn -0.9747 0.2127 -0.0683
vn -0.9204 0.2723 -0.2804
vn -0.2487 0.3951 -0.8843
vn -0.2651 0.5036 -0.8222
vn -0.9523 0.1192 0.2808
vn -0.9691 0.1352 0.2062
vn -0.5141 -0.1053 0.8512
vn -0.3798 -0.1574 0.9116
vn -0.2938 0.1369 0.9460
vn -0.8502 0.5257 -0.0261
vn -0.6130 0.6288 -0.4783
vn -0.5574 0.1351 0.8192
vn -0.9119 0.2459 0.3285
vn -0.9382 0.2594 0.2290
vn -0.5034 0.8625 0.0520
vn -0.4326 0.8562 -0.2824
vn -0.3792 0.7998 0.4652
vn -0.5518 0.7212 0.4187
vn -0.2823 0.6880 0.6685
vn -0.4324 0.6601 0.6142
vn 0.7486 -0.0348 0.6621
vn 0.8261 0.3132 0.4684
vn 0.6482 -0.1082 0.7537
vn 0.6387 -0.0969 0.7633
vn 0.6239 -0.1032 0.7746
vn 0.6202 -0.1120 0.7764
vn -0.9597 -0.0085 -0.2810
vn -0.9851 0.0443 -0.1661
vn -0.9846 0.0432 -0.1693
vn -0.9592 -0.0114 -0.2823
vn -0.9395 -0.0205 -0.3418
vn -0.9493 -0.0256 -0.3133
vn 0.5698 -0.0910 -0.8167
vn 0.9940 0.0897 0.0618
vn 0.9915 0.0159 -0.1286
vn 0.9616 0.1523 0.2281
vn 0.0060 -0.9994 -0.0327
vn -0.0018 -1.0000 -0.0022
vn 0.0020 -1.0000 -0.0022
vn -0.0030 -0.9999 -0.0140
vn -0.4417 -0.0669 -0.8947
vn 0.1468 0.9859 0.0801
vn 0.2373 0.9614 0.1389
vn 0.4537 0.8806 0.1362
vn 0.4138 0.9089 -0.0513
vn 0.2023 0.9174 0.3427
vn 0.4799 0.7955 0.3700
vn -0.0194 -0.9980 0.0602
vn -0.0281 -0.9974 0.0660
vn -0.0005 -0.9999 -0.0105
vn -0.0045 -0.9984 0.0553
vn 0.9389 0.2618 0.2233
vn 0.9910 0.1080 0.0793
vn 0.9904 0.1102 0.0830
vn 0.9943 0.0811 0.0687
vn -0.0020 -0.9996 -0.0276
vn -0.0056 -0.9997 -0.0216
vn 0.0014 -0.9998 -0.0183
vn -0.6199 0.7847 0.0071
vn -0.5754 0.8165 0.0472
vn -0.3150 0.9444 0.0938
vn -0.3200 0.9470 0.0269
vn 0.2610 0.4964 0.8279
vn -0.7041 0.5937 0.3895
vn -0.7100 0.4129 0.5705
vn -0.5575 0.3800 0.7380
vn -0.6040 0.4791 0.6368
vn -0.3844 0.3300 0.8621
vn -0.9957 0.0810 -0.0448
vn 0.9441 0.2081 0.2556
vn 0.0049 -0.9985 0.0540
vn -0.0529 0.9545 0.2935
vn -0.0920 0.9035 0.4185
vn -0.6809 0.7288 0.0722
vn -0.0053 -0.9998 0.0189
vn -0.0038 -0.9999 0.0150
vn -0.0101 -0.9998 0.0140
vn 0.7818 0.4970 0.3764
vn -0.0061 -1.0000 0.0048
vn 0.8947 -0.3103 0.3210
vn 0.8476 -0.3477 0.4009
vn 0.8234 -0.3855 0.4163
vn 0.8569 -0.3645 0.3645
vn 0.9317 -0.0673 0.3569
vn 0.9232 -0.0694 0.3779
vn 0.8990 -0.2167 0.3805
vn 0.9233 -0.2031 0.3258
vn 0.9211 -0.0400 0.3872
vn 0.8881 -0.2242 0.4013
vn -0.1615 -0.9420 -0.2941
vn -0.9070 0.0461 0.4184
vn -0.9059 0.0400 0.4217
vn -0.8697 -0.0893 0.4855
vn 0.9329 -0.0546 0.3559
vn -0.2614 -0.0421 -0.9643
vn -0.2331 -0.1311 -0.9636
vn -0.1251 0.3880 -0.9131
vn -0.1439 0.3689 -0.9182
vn -0.6930 0.5230 0.4962
vn -0.8284 0.3535 0.4345
vn -0.8373 0.3393 0.4286
vn 0.0902 0.9949 -0.0454
vn 0.8051 -0.4133 0.4253
vn 0.8541 -0.3797 0.3555
vn -0.1515 -0.3535 -0.9231
vn -0.8891 0.2739 -0.3666
vn -0.8718 0.2848 -0.3985
vn -0.8909 0.2727 -0.3632
vn -0.9348 0.1241 -0.3328
vn -0.9221 0.1918 -0.3359
vn -0.9181 0.2091 -0.3365
vn 0.9061 -0.3090 0.2889
vn 0.8253 -0.3697 0.4267
vn 0.9373 -0.1746 0.3015
vn 0.3363 -0.3299 0.8820
vn 0.2992 -0.2444 0.9223
vn 0.3152 -0.2807 0.9065
vn 0.6768 -0.7270 0.1158
vn 0.9414 0.2104 -0.2633
vn 0.7703 -0.4642 -0.4371
vn 0.7859 -0.3792 -0.4885
vn 0.7888 -0.3547 -0.5020
vn 0.7942 -0.2609 -0.5488
vn 0.8279 0.4299 0.3601
vn 0.3918 -0.0121 0.9199
vn 0.5177 0.2203 0.8267
vn 0.4329 0.0577 0.8996
vn 0.0697 0.5635 -0.8232
vn -0.8947 -0.3103 0.3210
vn -0.8569 -0.3645 0.3645
vn -0.8234 -0.3855 0.4163
vn -0.8476 -0.3477 0.4009
vn -0.9317 -0.0673 0.3569
vn -0.9233 -0.2031 0.3258
vn -0.8990 -0.2167 0.3805
vn -0.9232 -0.0694 0.3779
vn -0.8881 -0.2242 0.4013
vn -0.9211 -0.0400 0.3872
vn 0.1615 -0.9420 -0.2941
vn 0.9070 0.0461 0.4184
vn 0.8697 -0.0893 0.4855
vn 0.9059 0.0400 0.4217
vn -0.9329 -0.0546 0.3559
vn 0.2614 -0.0421 -0.9643
vn 0.1439 0.3689 -0.9182
vn 0.1251 0.3880 -0.9131
vn 0.2331 -0.1311 -0.9636
vn 0.6930 0.5230 0.4962
vn 0.8373 0.3393 0.4286
vn 0.8284 0.3535 0.4345
vn -0.0902 0.9949 -0.0454
vn -0.8541 -0.3797 0.3555
vn -0.8051 -0.4133 0.4253
vn 0.1515 -0.3535 -0.9231
vn 0.8891 0.2739 -0.3666
vn 0.8909 0.2727 -0.3632
vn 0.8718 0.2848 -0.3985
vn 0.9348 0.1241 -0.3328
vn 0.9181 0.2091 -0.3365
vn 0.9221 0.1918 -0.3359
vn -0.9061 -0.3090 0.2889
vn -0.8253 -0.3697 0.4267
vn -0.9373 -0.1746 0.3015
vn -0.3363 -0.3299 0.8820
vn -0.3152 -0.2807 0.9065
vn -0.2992 -0.2444 0.9223
vn -0.6768 -0.7270 0.1158
vn -0.9414 0.2104 -0.2633
vn -0.7703 -0.4642 -0.4371
vn -0.7888 -0.3547 -0.5020
vn -0.7859 -0.3792 -0.4885
vn -0.7942 -0.2609 -0.5488
vn -0.8279 0.4299 0.3601
vn -0.3918 -0.0121 0.9199
vn -0.4329 0.0577 0.8996
vn -0.5177 0.2203 0.8267
vn -0.0697 0.5635 -0.8232
vn -0.5773 0.0593 0.8144
vn 0.5758 0.0610 0.8153
usemtl None
s 1
f 170/1/1 176/2/2 5/3/3 1596/4/4
f 1769/5/5 170/6/1 7/7/6 4/8/7
f 1767/9/8 1765/10/8 2/11/9 1600/12/10
f 1764/13/11 1762/14/11 1603/15/12 1597/16/13
f 1593/17/14 171/18/15 4/19/7 8/20/16
f 176/21/2 1768/22/17 6/23/18 5/24/3
f 1594/25/19 173/26/20 1592/27/21 3/28/22
f 1763/29/23 172/30/24 3/31/22 1/32/25
f 1596/33/4 5/34/3 13/35/26 1595/36/27
f 1600/37/10 2/38/9 10/39/28 1599/40/29
f 4/41/7 7/42/6 15/43/30 12/44/31
f 3/45/22 1592/46/21 1601/47/32 11/48/33
f 1/49/25 3/50/22 11/51/33 9/52/34
f 1597/53/13 1603/54/12 1602/55/35 1598/56/36
f 8/57/16 4/58/7 12/59/31 16/60/37
f 5/61/3 6/62/18 14/63/38 13/64/26
f 164/65/39 1760/66/40 151/67/41 148/68/42
f 160/69/43 158/70/44 22/71/45 21/72/46
f 157/73/47 1606/74/48 1607/75/49 19/76/50
f 154/77/51 159/78/52 20/79/53 24/80/54
f 159/81/52 1604/82/55 1605/83/56 20/84/53
f 1756/85/57 155/86/58 18/87/59 1616/88/60
f 1755/89/61 157/90/47 19/91/50 17/92/62
f 166/93/63 1758/94/64 152/95/65 147/96/66
f 1610/97/67 166/98/63 147/99/66 1611/100/68
f 162/101/69 165/102/69 145/103/70 1754/104/71
f 153/105/72 160/106/43 21/107/46 23/108/73
f 161/109/74 163/110/75 150/111/76 149/112/77
f 168/113/78 161/114/74 149/115/77 1761/116/79
f 1609/117/80 1608/118/81 146/119/82 1757/120/83
f 167/121/84 164/122/39 148/123/42 1759/124/85
f 20/125/53 1605/126/56 31/127/86 28/128/87
f 19/129/50 1607/130/49 1613/131/88 27/132/89
f 17/133/62 19/134/50 27/135/89 25/136/90
f 18/137/59 1615/138/91 1614/139/92 26/140/93
f 24/141/54 20/142/53 28/143/87 32/144/94
f 21/145/46 22/146/45 30/147/95 29/148/96
f 23/149/73 21/150/46 29/151/96 1612/152/97
f 1616/153/60 18/154/59 26/155/93 1617/156/98
f 29/157/96 30/158/95 38/159/99 37/160/100
f 1612/161/97 29/162/96 1619/163/101 1620/164/102
f 1617/165/98 26/166/93 34/167/103 1618/168/104
f 28/169/87 31/170/86 39/171/105 36/172/106
f 27/173/89 1613/174/88 1621/175/107 35/176/108
f 25/177/90 27/178/89 1622/179/109 33/180/110
f 26/181/93 1614/182/92 1623/183/111 34/184/103
f 32/185/94 28/186/87 36/187/106 40/188/112
f 41/189/113 42/190/114 43/191/115 44/192/116
f 1730/193/117 1731/194/118 1655/195/119 1656/196/120
f 44/197/116 43/198/115 1634/199/121 48/200/122
f 44/197/116 144/201/123 45/202/124 41/203/113
f 1635/204/125 47/205/126 1666/206/127 1705/207/128
f 48/208/122 140/209/129 144/210/123 44/192/116
f 50/211/130 49/212/131 51/213/132 52/214/133
f 1705/215/128 1738/216/134 1752/217/135 1635/218/125
f 1693/219/136 1703/220/137 53/221/138 54/222/139
f 52/223/133 138/224/140 141/225/141 50/226/130
f 54/227/139 139/228/142 1694/229/143 1693/230/136
f 54/227/139 1717/231/144 1718/232/145 139/233/142
f 54/227/139 53/234/138 56/235/146 1717/236/144
f 1689/237/147 1690/238/148 1698/239/149 60/240/150
f 57/241/151 61/242/152 62/243/153 1668/244/154
f 60/245/150 1631/246/155 1709/247/156 1689/248/147
f 1688/249/157 1670/250/158 66/251/159 64/252/160
f 1688/249/157 59/253/161 67/254/162 1670/255/158
f 1714/256/163 1640/257/164 70/258/165 71/259/166
f 1715/260/167 72/261/168 1687/262/169 1721/263/167
f 1714/256/163 75/264/170 1706/265/171 1640/266/164
f 77/267/172 1726/268/173 1724/269/174 1712/270/175
f 1712/271/175 1713/272/176 1667/273/177 77/274/172
f 80/275/178 1725/276/179 1642/277/179 1644/278/180
f 1644/279/180 85/280/181 81/281/182 80/282/178
f 1644/279/180 1676/283/183 1691/284/183 1720/285/184
f 1645/286/185 1643/287/186 1641/288/187 1639/289/185
f 1720/290/184 89/291/188 85/292/181 1644/278/180
f 1720/290/184 1686/293/189 1664/294/189 1668/244/154
f 74/295/190 1692/296/191 1657/297/192 68/298/190
f 1669/299/193 90/300/194 91/301/195 1671/302/193
f 1668/303/154 92/304/196 58/305/197 57/306/151
f 1668/303/154 62/307/153 89/308/188 1720/285/184
f 1624/309/198 1627/310/199 95/311/200 1637/312/198
f 1625/313/201 97/314/202 1656/315/120 1661/316/203
f 1625/313/201 1709/317/156 1631/318/155 97/319/202
f 71/320/166 70/321/165 1634/199/121 43/322/115
f 71/320/166 66/323/159 1670/324/158 1714/325/163
f 82/326/204 70/321/165 1640/327/164 1746/328/205
f 1713/329/176 51/330/132 49/331/131 1667/332/177
f 85/333/181 53/234/138 1703/334/137 81/335/182
f 89/336/188 1695/337/206 53/221/138 85/338/181
f 89/336/188 62/307/153 1636/339/207 1695/340/206
f 1638/341/208 1678/342/209 1735/343/210 1747/344/211
f 96/345/212 62/307/153 61/346/152 93/347/212
f 46/348/213 55/349/214 100/350/215 98/351/216
f 1656/352/120 97/314/202 42/353/114 1730/354/117
f 1662/355/217 1719/356/218 94/357/219 1626/358/217
f 100/359/215 99/360/220 101/361/221 98/351/216
f 1747/362/211 1717/231/144 56/235/146 1638/363/208
f 43/364/115 42/190/114 66/251/159 71/259/166
f 1666/365/127 47/205/126 70/258/165 82/366/204
f 1670/367/158 1659/368/222 1716/369/223 1714/325/163
f 65/370/224 1683/371/225 1750/372/226 63/373/224
f 69/374/227 76/375/228 1677/376/229 84/377/227
f 1640/378/164 88/379/230 78/380/231 1746/328/205
f 66/381/159 42/190/114 97/382/202 64/252/160
f 1659/383/222 1660/384/232 1673/385/233 1716/386/223
f 72/387/168 103/388/234 1699/389/235 1687/390/169
f 73/391/236 104/392/237 1665/393/238 1663/394/236
f 90/395/194 105/396/239 102/397/240 91/398/195
f 86/399/241 1651/400/241 1654/401/241 87/402/241
f 1692/403/191 1653/404/242 1658/405/243 1657/406/192
f 75/407/170 108/408/244 109/409/245 1706/410/171
f 76/411/228 1751/412/246 1652/413/247 1677/414/229
f 59/415/161 110/416/248 1672/417/249 67/418/162
f 1683/419/225 111/420/250 1646/421/251 1750/422/226
f 92/423/196 112/424/252 1745/425/253 58/426/197
f 1690/427/148 113/428/254 1628/429/255 1698/430/149
f 1726/431/173 114/432/256 115/433/257 1724/434/174
f 79/435/258 1732/436/259 116/437/260 83/438/258
f 1643/439/186 1700/440/261 117/441/262 1641/442/187
f 88/443/230 1704/444/263 1727/445/264 78/446/231
f 1679/447/265 1681/448/265 1696/449/265 1675/450/265
f 1680/451/266 102/452/240 105/453/239 1682/454/266
f 1674/455/267 1673/456/233 1660/457/232 118/458/267
f 1697/459/268 1699/460/235 103/461/234 121/462/268
f 119/463/269 1665/464/238 104/465/237 120/466/269
f 1728/467/270 1722/468/270 1708/469/270 1710/470/270
f 1729/471/271 1652/472/247 1751/473/246 1723/474/271
f 1711/475/272 107/476/272 106/477/272 122/478/272
f 1707/479/273 1658/480/243 1653/481/242 125/482/273
f 123/483/274 109/484/245 108/485/244 124/486/274
f 1630/487/275 1632/488/275 1648/489/275 1649/490/275
f 1629/491/276 1628/492/255 113/493/254 1633/494/276
f 1650/495/277 1672/496/249 110/497/248 126/498/277
f 1647/499/278 1646/500/251 111/501/250 129/502/278
f 127/503/279 1745/504/253 112/505/252 128/506/279
f 1748/507/280 1734/508/280 1740/509/280 1743/510/280
f 1749/511/281 1727/512/264 1704/513/263 1733/514/281
f 1744/515/282 115/516/257 114/517/256 130/518/282
f 1739/519/283 116/520/260 1732/521/259 133/522/283
f 131/523/284 117/524/262 1700/525/261 132/526/284
f 143/527/285 142/528/286 55/529/214 46/530/213
f 1627/531/199 1684/532/287 1701/533/287 95/534/200
f 1678/535/209 1702/536/288 1736/537/288 1735/538/210
f 99/539/220 1737/540/289 1742/541/289 101/542/221
f 1719/543/218 1741/544/290 1685/545/290 94/546/219
f 134/547/291 137/548/291 136/549/291 135/550/291
f 34/551/103 139/228/142 1718/232/145 1618/168/104
f 38/552/99 142/528/286 143/553/285 37/160/100
f 1619/554/101 1655/555/119 1731/556/118 1620/164/102
f 39/557/105 45/558/124 144/210/123 36/172/106
f 36/559/106 144/201/123 140/560/129 40/188/112
f 1621/561/107 1752/562/135 1738/563/134 35/176/108
f 1622/564/109 141/565/141 138/566/140 33/180/110
f 1623/567/111 1694/568/143 139/569/142 34/184/103
f 1753/570/292 156/571/293 1615/572/91 18/573/59
f 1754/574/71 145/575/70 156/576/293 1753/577/292
f 1761/578/79 149/579/77 160/580/43 153/581/72
f 1611/582/68 147/583/66 157/584/47 1755/585/61
f 1757/586/83 146/587/82 155/588/58 1756/589/57
f 148/590/42 151/591/41 1604/592/55 159/593/52
f 1759/594/85 148/595/42 159/596/52 154/597/51
f 147/598/66 152/599/65 1606/600/48 157/601/47
f 149/602/77 150/603/76 158/604/44 160/605/43
f 16/606/37 12/607/31 164/608/39 167/609/84
f 1599/610/29 10/611/28 1608/612/81 1609/613/80
f 1595/614/27 13/615/26 161/616/74 168/617/78
f 13/618/26 14/619/38 163/620/75 161/621/74
f 1598/622/36 1602/623/35 165/624/69 162/625/69
f 9/626/34 11/627/33 166/628/63 1610/629/67
f 11/630/33 1601/631/32 1758/632/64 166/633/63
f 12/634/31 15/635/30 1760/636/40 164/637/39
f 1777/638/294 1770/639/295 1771/640/296 1774/641/296
f 185/642/297 1772/643/298 1794/644/299 1789/645/300
f 188/646/301 187/647/302 1801/648/303 1806/649/304
f 1778/650/305 188/646/301 211/651/306 1805/652/307
f 1788/653/308 1776/654/309 195/655/310 1785/656/311
f 187/657/302 217/658/312 1796/659/313 1797/660/314
f 216/661/315 192/662/316 1784/663/317 1780/664/315
f 1773/665/318 1786/666/318 1779/667/318
f 190/668/319 189/669/320 223/670/321 1804/671/322
f 190/668/319 1808/672/323 1782/673/324 214/674/325
f 1783/675/326 191/676/327 1809/677/328 1781/678/329
f 218/679/330 217/680/312 187/647/302 188/646/301
f 1795/681/331 180/682/332 1790/683/333
f 1787/684/334 184/685/335 1770/639/295 1777/638/294
f 192/662/316 219/686/336 194/687/337 1784/663/317
f 1776/654/309 1775/688/338 193/689/338 195/655/310
f 186/690/339 198/691/340 196/692/341 183/693/341
f 199/694/342 197/695/343 198/691/340 186/690/339
f 221/696/344 1792/697/345 1791/698/346 205/699/347
f 205/699/347 1791/698/346 1793/700/348 215/701/348
f 221/702/344 205/703/347 203/704/349 204/705/350
f 180/682/332 185/642/297 1789/645/300 1790/683/333
f 205/703/347 200/706/351 202/707/351 203/704/349
f 191/676/327 206/708/352 220/709/353 222/710/354
f 1783/675/326 201/711/355 206/708/352 191/676/327
f 192/662/316 179/712/356 1799/713/356 208/714/357
f 1801/715/303 187/657/302 1797/660/314 1800/716/358
f 219/686/336 192/662/316 208/714/357 209/717/359
f 1798/718/360 177/719/360 207/720/360
f 178/721/361 1807/722/361 1803/723/361
f 1808/724/323 190/668/319 1804/671/322 1802/725/362
f 188/646/301 1806/649/304 210/726/363 211/651/306
f 182/727/364 181/728/364 212/729/364
f 191/676/327 222/710/354 1810/730/365 1809/677/328
f 189/669/320 190/668/319 214/674/325 213/731/366
f 301/732/367 1815/733/368 229/734/369 1861/735/370
f 1862/736/371 226/737/372 231/738/373 301/732/367
f 1863/739/374 1819/740/375 1816/741/376 1859/742/374
f 1860/743/377 227/744/378 1813/745/379 1811/746/377
f 1866/747/380 232/748/381 226/737/372 224/749/382
f 300/750/383 229/734/369 230/751/384 1864/752/383
f 297/753/385 228/754/386 1820/755/387 298/756/388
f 1812/757/389 225/758/390 228/754/386 297/753/385
f 1815/733/368 1814/759/391 237/760/392 229/734/369
f 1819/740/375 1818/761/393 234/762/394 1816/741/376
f 226/737/372 236/763/395 239/764/396 231/738/373
f 228/754/386 235/765/397 1821/766/398 1820/755/387
f 225/758/390 233/767/399 235/765/397 228/754/386
f 227/744/378 1817/768/400 1851/769/401 1813/745/379
f 232/748/381 240/770/402 236/763/395 226/737/372
f 229/734/369 237/760/392 238/771/403 230/751/384
f 284/772/404 268/773/405 271/774/406 1849/775/407
f 280/776/408 245/777/409 246/778/410 278/779/411
f 277/780/412 243/781/413 1825/782/414 1824/783/415
f 274/784/416 248/785/417 244/786/418 279/787/419
f 279/787/419 244/786/418 1823/788/420 1822/789/421
f 1845/790/422 1834/791/423 242/792/424 275/793/422
f 1844/794/425 241/795/426 243/781/413 277/780/412
f 286/796/427 267/797/428 272/798/429 1847/799/430
f 1828/800/431 1829/801/432 267/797/428 286/796/427
f 282/802/433 1843/803/434 265/804/435 285/805/436
f 273/806/437 247/807/438 245/777/409 280/776/408
f 281/808/439 269/809/440 270/810/441 283/811/442
f 288/812/443 1850/813/444 269/809/440 281/808/439
f 1827/814/445 1846/815/446 266/816/447 1826/817/448
f 287/818/449 1848/819/450 268/773/405 284/772/404
f 244/786/418 252/820/451 255/821/452 1823/788/420
f 243/781/413 251/822/453 1831/823/454 1825/782/414
f 241/795/426 249/824/455 251/822/453 243/781/413
f 242/825/424 250/826/456 1832/827/457 1833/828/458
f 248/785/417 256/829/459 252/820/451 244/786/418
f 245/777/409 253/830/460 254/831/461 246/778/410
f 247/807/438 1830/832/462 253/830/460 245/777/409
f 1834/791/423 1835/833/463 250/834/456 242/792/424
f 253/830/460 261/835/464 262/836/465 254/831/461
f 1830/832/462 1838/837/466 1837/838/467 253/830/460
f 1835/833/463 1836/839/468 258/840/469 250/834/456
f 252/820/451 260/841/470 263/842/471 255/821/452
f 251/822/453 259/843/472 1839/844/473 1831/823/454
f 249/824/455 257/845/474 1840/846/475 251/822/453
f 250/826/456 258/847/469 1841/848/476 1832/827/457
f 256/829/459 264/849/477 260/841/470 252/820/451
f 1842/850/478 242/825/424 1833/828/458 276/851/479
f 1843/803/434 1842/850/478 276/851/479 265/804/435
f 1850/813/444 273/806/437 280/776/408 269/809/440
f 1829/801/432 1844/794/425 277/780/412 267/797/428
f 1846/815/446 1845/790/422 275/793/422 266/816/447
f 268/773/405 279/787/419 1822/789/421 271/774/406
f 1848/819/450 274/784/416 279/787/419 268/773/405
f 267/797/428 277/780/412 1824/783/415 272/798/429
f 269/809/440 280/776/408 278/779/411 270/810/441
f 240/770/402 287/818/449 284/772/404 236/763/395
f 1818/761/393 1827/814/445 1826/817/448 234/762/394
f 1814/759/391 288/812/443 281/808/439 237/760/392
f 237/760/392 281/808/439 283/811/442 238/771/403
f 1817/768/400 282/802/433 285/805/436 1851/769/401
f 233/767/399 1828/800/431 286/796/427 235/765/397
f 235/765/397 286/796/427 1847/799/430 1821/766/398
f 236/763/395 284/772/404 1849/775/407 239/764/396
f 260/841/470 264/849/477 296/852/480 292/853/481
f 262/836/465 261/835/464 293/854/482 294/855/482
f 1837/838/467 1838/837/466 1855/856/483 1853/857/483
f 258/840/469 1836/839/468 1854/858/484 290/859/484
f 263/842/471 260/841/470 292/853/481 295/860/485
f 1839/844/473 259/843/472 291/861/486 1852/862/486
f 1840/846/475 257/845/474 289/863/487 1857/864/487
f 1841/848/476 258/847/469 1856/865/488 1858/866/488
f 377/867/489 1910/868/490 309/869/491 1873/870/492
f 1922/871/493 377/867/489 311/872/494 306/873/495
f 1869/874/496 1867/875/496 1874/876/497 1877/877/498
f 1868/878/499 1920/879/499 1911/880/500 307/881/501
f 1919/882/502 379/883/503 306/873/495 312/884/504
f 382/885/505 1870/886/505 310/887/506 309/869/491
f 378/888/507 383/889/508 1878/890/509 308/891/510
f 1921/892/511 378/888/507 308/891/510 305/893/512
f 1873/870/492 309/869/491 317/894/513 1872/895/514
f 1877/877/498 1874/876/497 314/896/515 1876/897/516
f 306/873/495 311/872/494 319/898/517 316/899/518
f 308/891/510 1878/890/509 1879/900/519 315/901/520
f 305/893/512 308/891/510 315/901/520 313/902/521
f 307/881/501 1911/880/500 1909/903/522 1875/904/523
f 312/884/504 306/873/495 316/899/518 320/905/524
f 309/869/491 310/887/506 318/906/525 317/894/513
f 364/907/526 1907/908/527 351/909/528 348/910/529
f 360/911/530 358/912/531 326/913/532 325/914/533
f 357/915/534 1882/916/535 1883/917/536 323/918/537
f 354/919/538 359/920/539 324/921/540 328/922/541
f 359/920/539 1880/923/542 1881/924/543 324/921/540
f 1903/925/544 355/926/544 322/927/545 1892/928/546
f 1902/929/547 357/915/534 323/918/537 321/930/548
f 366/931/549 1905/932/550 352/933/551 347/934/552
f 1886/935/553 366/931/549 347/934/552 1887/936/554
f 362/937/555 365/938/556 345/939/557 1901/940/558
f 353/941/559 360/911/530 325/914/533 327/942/560
f 361/943/561 363/944/562 350/945/563 349/946/564
f 368/947/565 361/943/561 349/946/564 1908/948/566
f 1885/949/567 1884/950/568 346/951/569 1904/952/570
f 367/953/571 364/907/526 348/910/529 1906/954/572
f 324/921/540 1881/924/543 335/955/573 332/956/574
f 323/918/537 1883/917/536 1889/957/575 331/958/576
f 321/930/548 323/918/537 331/958/576 329/959/577
f 322/960/545 1891/961/578 1890/962/579 330/963/580
f 328/922/541 324/921/540 332/956/574 336/964/581
f 325/914/533 326/913/532 334/965/582 333/966/583
f 327/942/560 325/914/533 333/966/583 1888/967/584
f 1892/928/546 322/927/545 330/968/580 1893/969/585
f 333/966/583 334/965/582 342/970/586 341/971/587
f 1888/967/584 333/966/583 1895/972/588 1896/973/589
f 1893/969/585 330/968/580 338/974/590 1894/975/591
f 332/956/574 335/955/573 343/976/592 340/977/593
f 331/958/576 1889/957/575 1897/978/594 339/979/595
f 329/959/577 331/958/576 1898/980/596 337/981/597
f 330/963/580 1890/962/579 1899/982/598 338/983/590
f 336/964/581 332/956/574 340/977/593 344/984/599
f 1900/985/600 356/986/601 1891/961/578 322/960/545
f 1901/940/558 345/939/557 356/986/601 1900/985/600
f 1908/948/566 349/946/564 360/911/530 353/941/559
f 1887/936/554 347/934/552 357/915/534 1902/929/547
f 1904/952/570 346/951/569 355/926/544 1903/925/544
f 348/910/529 351/909/528 1880/923/542 359/920/539
f 1906/954/572 348/910/529 359/920/539 354/919/538
f 347/934/552 352/933/551 1882/916/535 357/915/534
f 349/946/564 350/945/563 358/912/531 360/911/530
f 320/905/524 316/899/518 364/907/526 367/953/571
f 1876/897/516 314/896/515 1884/950/568 1885/949/567
f 1872/895/514 317/894/513 361/943/561 368/947/565
f 317/894/513 318/906/525 363/944/562 361/943/561
f 1875/904/523 1909/903/522 365/938/556 362/937/555
f 313/902/521 315/901/520 366/931/549 1886/935/553
f 315/901/520 1879/900/519 1905/932/550 366/931/549
f 316/899/518 319/898/517 1907/908/527 364/907/526
f 340/977/593 372/987/602 376/988/603 344/984/599
f 342/970/586 374/989/604 373/990/604 341/971/587
f 1895/972/588 1913/991/605 1915/992/605 1896/973/589
f 338/974/590 370/993/606 1914/994/606 1894/975/591
f 343/976/592 375/995/607 372/987/602 340/977/593
f 1897/978/594 1912/996/608 371/997/608 339/979/595
f 1898/980/596 1917/998/609 369/999/609 337/981/597
f 1899/982/598 1918/1000/610 1916/1001/610 338/983/590
f 1967/1002/611 1959/1003/612 427/1004/613 431/1005/614
f 1937/1006/615 1980/1007/616 416/1008/617 1926/1009/618
f 454/1010/619 433/1011/620 424/1012/621 430/1013/622
f 1949/1014/623 1936/1015/624 385/1016/625 386/1017/626
f 1946/1018/627 1949/1019/623 386/1020/626 384/1021/628
f 1959/1003/612 436/1022/629 425/1023/630 427/1004/613
f 1941/1024/631 1945/1025/632 1924/1026/633 400/1027/634
f 433/1011/620 1954/1028/635 423/1029/636 426/1030/637 424/1012/621
f 436/1022/629 451/1031/638 428/1032/639 425/1023/630
f 1926/1009/618 416/1008/617 415/1033/640 1925/1034/641
f 451/1035/638 453/1036/642 429/1037/643 428/1038/639
f 400/1027/634 1924/1026/633 1923/1039/644 417/1040/645
f 417/1041/645 418/1042/646 393/1043/647 402/1044/648
f 404/1045/649 397/1046/650 1934/1047/651 403/1048/652
f 391/1049/653 392/1050/654 1871/1051/655 1910/1052/490
f 401/1053/656 391/1049/653 1910/1052/490 377/1054/489
f 394/1055/657 401/1053/656 377/1054/489 1922/1056/493
f 395/1057/658 394/1058/657 379/1059/503 1919/1060/502
f 1928/1061/659 1927/1062/660 416/1063/617 1980/1064/616
f 1932/1065/661 392/1050/654 414/1066/662 415/1067/640
f 406/1068/663 399/1069/664 398/1070/665 1929/1071/666
f 1953/1072/667 1931/1073/668 399/1074/664 406/1075/663
f 1930/1076/669 1933/1077/670 397/1078/650 404/1079/649
f 1941/1080/631 400/1081/634 396/1082/671 407/1083/672
f 397/1078/650 1933/1077/670 304/1084/673 380/1085/674
f 1934/1047/651 397/1046/650 380/1086/674 381/1087/675
f 390/1088/676 1979/1089/677 383/1090/508 378/1091/507
f 393/1043/647 390/1088/676 378/1091/507 1921/1092/511
f 1931/1073/668 1930/1076/669 404/1079/649 399/1074/664
f 1927/1062/660 1932/1065/661 415/1067/640 416/1063/617
f 399/1069/664 404/1045/649 403/1048/652 398/1070/665
f 400/1081/634 417/1041/645 402/1044/648 396/1082/671
f 1940/1093/678 189/669/320 213/731/366 1948/1094/679
f 406/1095/663 1929/1096/666 411/1097/680
f 1929/1096/666 219/686/336 209/717/359 411/1097/680
f 1952/1098/681 1778/650/305 1805/652/307 1943/1099/681
f 1953/1100/667 406/1101/663 217/680/312 218/679/330
f 1949/1102/623 221/702/344 204/705/350 1939/1103/682
f 1980/1104/616 1937/1105/615 184/685/335 1787/684/334
f 219/686/336 1929/1096/666 1950/1106/683 194/687/337
f 1982/1107/684 1788/653/308 1785/656/311 1951/1108/684
f 405/1109/685 419/1110/685 408/1111/685
f 1981/1112/686 409/1113/686 197/695/343 199/694/342
f 1949/1114/623 1946/1115/627 1792/697/345 221/696/344
f 1772/643/298 1935/1116/687 1938/1117/687 1794/644/299
f 422/1118/688 389/1119/688 410/1120/688
f 1944/1121/689 222/710/354 220/709/353
f 217/658/312 406/1095/663 411/1097/680 1796/659/313
f 189/669/320 1940/1093/678 1942/1122/690 223/670/321
f 1941/1123/631 407/1124/672 412/1125/691
f 222/710/354 1944/1121/689 1947/1126/692 1810/730/365
f 420/1127/693 421/1128/693 413/1129/693
f 453/1036/642 454/1010/619 430/1013/622 429/1037/643
f 414/1066/662 392/1050/654 391/1049/653 1965/1130/694 1978/1131/695
f 1976/1132/696 1967/1002/611 431/1005/614 432/1133/696
f 463/1134/697 464/1135/698 418/1136/646
f 417/1040/645 1923/1039/644 1961/1137/699 463/1134/697 418/1136/646
f 1925/1034/641 415/1033/640 414/1138/662 434/1139/700 455/1140/701
f 390/1088/676 445/1141/702 1971/1142/703 1979/1089/677
f 393/1043/647 418/1042/646 443/1143/704 445/1141/702 390/1088/676
f 386/1017/626 385/1016/625 388/1144/705 452/1145/706 450/1146/707
f 387/1147/708 437/1148/709 1960/1149/710
f 401/1053/656 394/1055/657 439/1150/711 461/1151/712
f 461/1151/712 456/1152/713 401/1053/656
f 395/1057/658 1972/1153/714 458/1154/715
f 1974/1155/716 452/1145/706 388/1144/705
f 456/1152/713 1965/1130/694 391/1049/653 401/1053/656
f 394/1058/657 395/1057/658 458/1154/715 439/1156/711
f 384/1021/628 386/1020/626 450/1157/707 437/1148/709 387/1147/708
f 433/1011/620 1956/1158/717 1955/1159/718
f 451/1031/638 436/1022/629 437/1148/709 450/1157/707
f 453/1036/642 451/1035/638 450/1146/707 452/1145/706
f 459/1160/719 438/1161/720 1957/1162/721 1958/1163/722
f 436/1022/629 1959/1003/612 1960/1149/710 437/1148/709
f 442/1164/723 444/1165/724 1962/1166/725 1963/1167/723
f 1966/1168/726 426/1169/637 423/1170/636 1964/1171/726
f 448/1172/727 462/1173/728 1968/1174/729 449/1175/727
f 444/1165/724 1969/1176/730 1970/1177/730 1962/1166/725
f 438/1178/720 460/1179/731 1973/1180/732 1957/1181/721
f 433/1011/620 454/1010/619 1974/1155/716 1956/1182/717
f 446/1183/733 459/1160/719 1958/1163/722 447/1184/733
f 454/1010/619 453/1036/642 452/1145/706 1974/1155/716
f 457/1185/734 441/1186/735 440/1187/735 1975/1188/736
f 460/1179/731 457/1185/734 1975/1188/736 1973/1180/732
f 462/1173/728 465/1189/737 1977/1190/737 1968/1174/729
f 414/1138/662 1978/1191/695 435/1192/738 434/1139/700
f 477/1193/739 478/1194/740 2010/1195/741 2008/1196/742
f 1986/1197/743 1984/1198/744 473/1199/745 467/1200/746
f 476/1201/747 2067/1202/748 2054/1203/749 2053/1204/750 472/1205/751
f 466/1206/752 1991/1207/753 2034/1208/754 2032/1209/755
f 467/1200/746 1861/1210/370 1865/1211/756 468/1212/757
f 473/1199/745 301/1213/367 1861/1210/370 467/1200/746
f 2000/1214/758 1862/1215/371 301/1213/367 473/1199/745
f 471/1216/759 1866/1217/380 224/1218/382 470/1219/760
f 486/1220/761 2042/1221/762 2040/1222/762 2036/1223/763
f 2064/1224/764 466/1206/752 2032/1209/755 2072/1225/765 2071/1226/766
f 472/1227/751 303/1228/767 302/1229/768 469/1230/769
f 2053/1204/750 299/1231/770 303/1232/767 472/1205/751
f 466/1206/752 297/1233/385 298/1234/388 1991/1207/753
f 2064/1224/764 1812/1235/389 297/1233/385 466/1206/752
f 487/1236/771 2046/1237/772 2044/1238/772 1990/1239/773
f 1992/1240/774 1995/1241/775 474/1242/775 1999/1243/776
f 1989/1244/777 477/1245/739 2008/1246/742 1987/1247/777
f 478/1194/740 514/1248/778 2021/1249/778 2010/1195/741
f 2006/1250/779 1988/1251/779 2009/1252/779 2004/1253/779
f 2005/1254/780 484/1255/780 2011/1256/780 2003/1257/780
f 2002/1258/781 483/1259/781 498/1260/782 2001/1261/782
f 1998/1262/783 479/1263/783 485/1264/783 2007/1265/783
f 2038/1266/784 2041/1267/785 480/1268/786 515/1269/784
f 2041/1267/785 2045/1270/787 481/1271/788 480/1268/786
f 2045/1272/787 1997/1273/789 482/1274/789 481/1275/788
f 473/1199/745 1992/1240/774 1999/1243/776 2000/1214/758
f 470/1219/760 487/1236/771 1990/1239/773 471/1216/759
f 1991/1207/753 486/1220/761 2036/1223/763 2034/1208/754
f 1984/1198/744 2087/1276/790 1992/1240/774 473/1199/745
f 2028/1277/791 516/1278/791 488/1279/791 2089/1280/791
f 1994/1281/792 2085/1282/792 2029/1283/792 489/1284/792
f 495/1285/793 2024/1286/794 2022/1287/795 496/1288/796
f 1985/1289/797 2069/1290/798 2068/1291/799 1983/1292/800
f 506/1293/801 2035/1294/802 2037/1295/803 493/1296/803
f 2061/1297/804 2056/1298/805 2050/1299/806 2052/1300/806
f 507/1301/807 508/1302/808 492/1303/809 2027/1304/809
f 2014/1305/810 2012/1306/810 2024/1307/794 495/1308/793
f 496/1288/796 2022/1287/795 2021/1249/778 514/1248/778
f 2017/1309/811 2015/1310/811 2025/1311/811 2013/1312/811
f 2016/1313/812 2019/1314/812 2023/1315/812 503/1316/812
f 499/1317/813 2001/1261/782 498/1260/782 502/1318/813
f 2026/1319/814 2018/1320/814 504/1321/814 497/1322/814
f 2038/1266/784 515/1269/784 2020/1323/815 2049/1324/816
f 2049/1324/816 2020/1323/815 500/1325/817 2051/1326/818
f 2051/1327/818 500/1328/817 501/1329/819 494/1330/819
f 1983/1292/800 2068/1291/799 2070/1331/820 507/1301/807 2084/1332/821
f 2028/1277/791 2030/1333/791 509/1334/791 516/1278/791
f 2090/1335/822 510/1336/822 511/1337/822 518/1338/822
f 2075/1339/823 2059/1340/824 476/1341/747
f 2060/1342/825 2067/1202/748 476/1201/747
f 2062/1343/826 2057/1344/826 2056/1298/805 2061/1297/804
f 2065/1345/827 2075/1339/823 476/1341/747 472/1227/751 469/1230/769
f 2076/1346/828 2079/1347/829 1986/1197/743 467/1200/746 468/1212/757
f 2081/1348/830 2074/1349/831 2031/1350/832
f 2077/1351/833 2069/1290/798 1985/1289/797
f 2071/1226/766 2066/1352/834 2064/1224/764
f 2080/1353/835 2081/1348/830 2031/1350/832 2033/1354/836
f 2070/1331/820 2063/1355/837 508/1302/808 507/1301/807
f 2055/1356/838 2076/1346/828 468/1212/757
f 2058/1357/839 2080/1353/835 2033/1354/836 2035/1294/802 506/1293/801
f 522/1358/840 532/1359/841 559/1360/842 549/1361/843
f 2043/1362/844 2047/1363/844 546/1364/844 545/1365/844
f 2073/1366/845 491/1367/846 538/1368/847 552/1369/848
f 532/1370/841 526/1371/849 553/1372/850 559/1373/842
f 490/1374/851 505/1375/852 541/1376/852 539/1377/853
f 513/1378/854 512/1379/855 537/1380/856 540/1381/857
f 533/1382/858 524/1383/859 551/1384/860 560/1385/861
f 1996/1386/862 1993/1387/862 2083/1388/862 547/1389/862
f 505/1375/852 2039/1390/852 2093/1391/852 541/1376/852
f 528/1392/863 534/1393/864 562/1394/865 561/1395/866
f 521/1396/867 527/1397/868 554/1398/869 548/1399/870
f 2086/1400/871 513/1378/854 540/1381/857 2094/1401/871
f 525/1402/872 535/1403/873 564/1404/874 563/1405/872
f 529/1406/875 531/1407/876 558/1408/877 556/1409/878
f 535/1403/873 536/1410/879 565/1411/880 564/1404/874
f 526/1371/849 529/1406/875 556/1409/878 553/1372/850
f 524/1383/859 2073/1366/845 552/1369/848 551/1384/860
f 527/1397/868 523/1412/881 550/1413/882 554/1398/869
f 523/1414/881 530/1415/883 557/1416/884 550/1417/882
f 520/1418/885 475/1419/885 2091/1420/885 544/1421/885
f 517/1422/886 2088/1423/886 542/1424/886 543/1425/886
f 530/1415/883 533/1382/858 560/1385/861 557/1416/884
f 2048/1426/887 519/1427/887 2082/1428/887 2092/1429/887
f 534/1393/864 521/1396/867 548/1399/870 562/1394/865
f 491/1367/846 490/1374/851 539/1377/853 538/1368/847
f 531/1407/876 2078/1430/888 555/1431/888 558/1408/877
f 536/1410/879 522/1358/840 549/1361/843 565/1411/880
f 512/1379/855 528/1392/863 561/1395/866 537/1380/856
f 2105/1432/889 567/1433/890 2098/1434/891 2108/1435/892
f 692/1436/893 2105/1432/889 569/1437/894 688/1438/895
f 2106/1439/896 611/1440/897 581/1441/898 573/1442/899
f 2095/1443/900 2097/1444/901 578/1445/902 2109/1446/903
f 569/1437/894 2096/1447/904 2103/1448/904 688/1438/895
f 2099/1449/905 568/1450/906 574/1451/907 575/1452/908
f 2111/1453/909 686/1454/910 693/1455/911 2107/1456/912
f 684/1457/913 567/1433/890 2105/1432/889 692/1436/893
f 2097/1444/901 572/1458/914 580/1459/915 578/1445/902
f 578/1445/902 580/1459/915 585/1460/916 584/1461/917
f 574/1451/907 2112/1462/918 2116/1463/919 579/1464/920
f 2184/1465/921 590/1466/922 2176/1467/923
f 2108/1435/892 2098/1434/891 571/1468/924 2114/1469/925
f 611/1440/897 577/1470/926 583/1471/927 612/1472/928
f 672/1473/929 670/1474/930 601/1475/931 2138/1476/932
f 568/1450/906 566/1477/933 2112/1462/918 574/1451/907
f 2111/1453/909 2107/1456/912 2110/1478/934 576/1479/935
f 576/1479/935 2110/1478/934 2117/1480/936 582/1481/937
f 2109/1446/903 578/1445/902 584/1461/917 2115/1482/938
f 575/1452/908 574/1451/907 579/1464/920 2113/1483/939
f 654/1484/940 2174/1485/941 2195/1486/942 676/1487/943
f 2177/1488/944 2119/1489/944 2122/1490/944
f 612/1472/928 583/1471/927 2118/1491/945 614/1492/946
f 2120/1493/947 655/1494/948 2130/1495/949 2121/1496/950
f 669/1497/951 673/1498/952 603/1499/953 600/1500/954
f 2113/1483/939 579/1464/920 596/1501/955 2126/1502/956
f 2188/1503/957 2187/1504/957 602/1505/958 680/1506/959
f 582/1481/937 2117/1480/936 2123/1507/960 2127/1508/961
f 650/1509/962 589/1510/963 2194/1511/964 666/1512/965
f 579/1464/920 2116/1463/919 595/1513/966 596/1501/955
f 2114/1469/925 571/1468/924 594/1514/967 2124/1515/968
f 2115/1482/938 584/1461/917 592/1516/969 593/1517/970
f 584/1461/917 585/1460/916 591/1518/971 592/1516/969
f 2101/1519/972 610/1520/973 2107/1456/912 693/1455/911
f 2129/1521/974 2184/1465/921 678/1522/975 2191/1523/976
f 674/1524/977 667/1525/978 599/1526/979 615/1527/980
f 613/1528/981 653/1529/982 679/1530/983 678/1522/975
f 2179/1531/984 2181/1532/985 2185/1533/986 675/1534/987
f 649/1535/988 651/1536/989 677/1537/990 668/1538/991
f 587/1539/992 654/1484/940 676/1487/943 671/1540/993
f 2182/1541/994 2183/1542/995 666/1512/965 2193/1543/996
f 670/1474/930 2196/1544/997 2141/1545/998 601/1475/931
f 2192/1546/999 665/1547/1000 598/1548/1001 599/1526/979
f 2138/1476/932 601/1475/931 2134/1549/1002 2137/1550/1003
f 598/1548/1001 2139/1551/1004 2140/1552/1005 604/1553/1006
f 599/1526/979 598/1548/1001 604/1553/1006 605/1554/1007
f 601/1475/931 2141/1545/998 2131/1555/1008 2134/1549/1002
f 680/1506/959 602/1505/958 608/1556/1009 681/1557/1010
f 600/1500/954 603/1499/953 2136/1558/1011 2132/1559/1011
f 615/1527/980 599/1526/979 605/1554/1007 616/1560/1012
f 2142/1561/1013 615/1527/980 616/1560/1012 2135/1562/1014
f 2102/1563/1015 570/1564/1016 2106/1439/896 2100/1565/1015
f 586/1566/1017 612/1472/928 614/1492/946 597/1567/1018
f 2190/1568/1019 674/1524/977 615/1527/980 2142/1561/1013
f 581/1441/898 611/1440/897 612/1472/928 586/1566/1017
f 570/1564/1016 577/1470/926 611/1440/897 2106/1439/896
f 2155/1569/1020 2157/1570/1021 626/1571/1022 630/1572/1023
f 2137/1550/1003 2134/1549/1002 2149/1573/1024 2148/1574/1025
f 604/1553/1006 2140/1552/1005 2145/1575/1026 2143/1576/1026
f 605/1554/1007 604/1553/1006 2144/1577/1027 2150/1578/1028
f 616/1560/1012 605/1554/1007 2150/1578/1028 624/1579/1029
f 644/1580/1030 643/1581/1031 2156/1582/1032 629/1583/1033
f 681/1557/1010 608/1556/1009 2147/1584/1034 2146/1585/1034
f 2152/1586/1035 2153/1587/1036 2154/1588/1037 628/1589/1038
f 628/1589/1038 2154/1588/1037 2161/1590/1039 2163/1591/1040
f 629/1583/1033 2156/1582/1032 2167/1592/1041 2166/1593/1042
f 632/1594/1043 629/1583/1033 2166/1593/1042 2171/1595/1044
f 642/1596/1045 2159/1597/1046 631/1598/1047 627/1599/1048
f 647/1600/1049 644/1580/1030 629/1583/1033 632/1594/1043
f 646/1601/1050 647/1600/1049 632/1594/1043 2160/1602/1051
f 645/1603/1052 648/1604/1053 625/1605/1054 2158/1606/1055
f 648/1604/1053 2152/1586/1035 628/1589/1038 625/1605/1054
f 636/1607/1056 2162/1608/1056 2169/1609/1056 2172/1610/1056
f 2173/1611/1057 2165/1612/1058 637/1613/1059 2168/1614/1060
f 2165/1612/1058 2164/1615/1061 640/1616/1061 637/1613/1059
f 630/1572/1023 626/1571/1022 634/1617/1062 638/1618/1062
f 627/1599/1048 631/1598/1047 2170/1619/1063 635/1620/1063
f 2160/1602/1051 632/1594/1043 2171/1595/1044 639/1621/1064
f 625/1605/1054 628/1589/1038 2163/1591/1040 633/1622/1065
f 2158/1606/1055 625/1605/1054 2165/1612/1058 2173/1611/1057
f 2133/1623/1066 609/1624/1066 2152/1586/1035 648/1604/1053
f 607/1625/1067 606/1626/1067 648/1604/1053 645/1603/1052
f 2151/1627/1068 623/1628/1069 647/1600/1049 646/1601/1050
f 623/1628/1069 620/1629/1070 644/1580/1030 647/1600/1049
f 616/1560/1012 624/1579/1029 2159/1597/1046 642/1596/1045
f 2135/1562/1014 616/1560/1012 642/1596/1045 641/1630/1071
f 620/1629/1070 621/1631/1072 643/1581/1031 644/1580/1030
f 2149/1573/1024 2134/1549/1002 2157/1570/1021 2155/1569/1020
f 617/1632/1073 622/1633/1073 621/1631/1072 620/1629/1070 623/1628/1069 2151/1627/1068 619/1634/1073 618/1635/1073
f 590/1466/922 2184/1465/921 2129/1521/974
f 654/1484/940 588/1636/1074 2174/1485/941
f 2121/1496/950 2130/1495/949 651/1536/989 649/1535/988
f 656/1637/1075 653/1529/982 613/1528/981 661/1638/1076
f 2180/1639/1077 657/1640/1078 654/1484/940 587/1539/992
f 2175/1641/1079 658/1642/1080 655/1494/948 2120/1493/947
f 657/1640/1078 659/1643/1081 652/1644/1082 654/1484/940
f 2178/1645/1083 663/1646/1084 2181/1532/985 2179/1531/984
f 2125/1647/1085 660/1648/1086 2183/1542/995 2182/1541/994
f 660/1648/1086 662/1649/1087 589/1510/963 650/1509/962
f 661/1638/1076 2184/1465/921 2176/1467/923 2128/1650/1088
f 614/1492/946 661/1638/1076 2128/1650/1088 597/1567/1018
f 592/1516/969 591/1518/971 662/1649/1087 660/1648/1086
f 593/1517/970 592/1516/969 660/1648/1086 2125/1647/1085
f 2124/1515/968 594/1514/967 663/1646/1084 2178/1645/1083
f 596/1501/955 595/1513/966 659/1643/1081 657/1640/1078
f 2127/1508/961 2123/1507/960 658/1642/1080 2175/1641/1079
f 2126/1502/956 596/1501/955 657/1640/1078 2180/1639/1077
f 2118/1491/945 656/1637/1075 661/1638/1076 614/1492/946
f 666/1651/965 2194/1652/964 2189/1653/1089 665/1547/1000
f 675/1654/987 2185/1655/986 2186/1656/1090 664/1657/1090
f 670/1474/930 672/1473/929 671/1658/993 676/1659/943
f 2196/1544/997 670/1474/930 676/1659/943 2195/1660/942
f 674/1524/977 2190/1568/1019 2191/1661/976 678/1662/975
f 2193/1663/996 666/1651/965 665/1547/1000 2192/1546/999
f 673/1498/952 669/1497/951 668/1664/991 677/1665/990
f 667/1525/978 674/1524/977 678/1662/975 679/1666/983
f 665/1547/1000 2189/1653/1089 2139/1551/1004 598/1548/1001
f 2202/1667/1091 2205/1668/1092 2200/1669/1093 683/1670/1094
f 692/1436/893 688/1438/895 687/1671/1095 2202/1667/1091
f 2203/1672/1096 694/1673/1097 702/1674/1098 734/1675/1099
f 2197/1676/1100 2206/1677/1101 699/1678/1102 2199/1679/1103
f 687/1671/1095 688/1438/895 2104/1680/1104 2198/1681/1104
f 2201/1682/1105 696/1683/1106 695/1684/1107 685/1685/1108
f 2208/1686/1109 2204/1687/1110 693/1455/911 686/1454/910
f 684/1457/913 692/1436/893 2202/1667/1091 683/1670/1094
f 2199/1679/1103 699/1678/1102 701/1688/1111 691/1689/1112
f 699/1678/1102 705/1690/1113 706/1691/1114 701/1688/1111
f 695/1684/1107 700/1692/1115 2213/1693/1116 2209/1694/1117
f 2281/1695/1118 2273/1696/1119 711/1697/1120
f 2205/1668/1092 2211/1698/1121 690/1699/1122 2200/1669/1093
f 734/1675/1099 735/1700/1123 704/1701/1124 698/1702/1125
f 2284/1703/1126 2235/1704/1127 723/1705/1128 791/1706/1129
f 685/1685/1108 695/1684/1107 2209/1694/1117 682/1707/1130
f 2208/1686/1109 697/1708/1131 2207/1709/1132 2204/1687/1110
f 697/1708/1131 703/1710/1133 2214/1711/1134 2207/1709/1132
f 2206/1677/1101 2212/1712/1135 705/1690/1113 699/1678/1102
f 696/1683/1106 2210/1713/1136 700/1692/1115 695/1684/1107
f 777/1714/1137 790/1715/1138 2285/1716/1139 2271/1717/1140
f 2274/1718/1141 2219/1719/1141 2216/1720/1141
f 735/1700/1123 737/1721/1142 2215/1722/1143 704/1701/1124
f 2217/1723/1144 2218/1724/1145 2227/1725/1146 778/1726/1147
f 789/1727/1148 722/1728/1149 725/1729/1150 794/1730/1151
f 2210/1713/1136 2223/1731/1152 717/1732/1153 700/1692/1115
f 2293/1733/1154 802/1734/1155 724/1735/1156 793/1736/1154
f 703/1710/1133 2224/1737/1157 2220/1738/1158 2214/1711/1134
f 773/1739/1159 797/1740/1160 2289/1741/1161 710/1742/1162
f 700/1692/1115 717/1732/1153 716/1743/1163 2213/1693/1116
f 2211/1698/1121 2221/1744/1164 715/1745/1165 690/1699/1122
f 2212/1712/1135 714/1746/1166 713/1747/1167 705/1690/1113
f 705/1690/1113 713/1747/1167 712/1748/1168 706/1691/1114
f 2101/1519/972 693/1455/911 2204/1687/1110 733/1749/1169
f 2226/1750/1170 2291/1751/1171 800/1752/1172 2281/1695/1118
f 796/1753/1173 738/1754/1174 721/1755/1175 788/1756/1176
f 736/1757/1177 800/1752/1172 801/1758/1178 776/1759/1179
f 2276/1760/1180 798/1761/1181 2282/1762/1182 2278/1763/1183
f 772/1764/1184 799/1765/1185 795/1766/1186 774/1767/1187
f 708/1768/1188 792/1769/1189 790/1715/1138 777/1714/1137
f 2279/1770/1190 2288/1771/1191 797/1740/1160 2280/1772/1192
f 791/1706/1129 723/1705/1128 2238/1773/1193 2286/1774/1194
f 2287/1775/1195 721/1755/1175 720/1776/1196 787/1777/1197
f 2235/1704/1127 2234/1778/1198 2231/1779/1199 723/1705/1128
f 720/1776/1196 726/1780/1200 2237/1781/1201 2236/1782/1202
f 721/1755/1175 727/1783/1203 726/1780/1200 720/1776/1196
f 723/1705/1128 2231/1779/1199 2228/1784/1204 2238/1773/1193
f 802/1734/1155 803/1785/1205 730/1786/1206 724/1735/1156
f 722/1728/1149 2229/1787/1207 2233/1788/1207 725/1729/1150
f 738/1754/1174 739/1789/1208 727/1783/1203 721/1755/1175
f 2239/1790/1209 2232/1791/1210 739/1789/1208 738/1754/1174
f 719/1792/1211 732/1793/1211 2203/1672/1096 689/1794/1212
f 707/1795/1213 718/1796/1214 737/1721/1142 735/1700/1123
f 2290/1797/1215 2239/1790/1209 738/1754/1174 796/1753/1173
f 702/1674/1098 707/1795/1213 735/1700/1123 734/1675/1099
f 689/1794/1212 2203/1672/1096 734/1675/1099 698/1702/1125
f 2252/1798/1216 753/1799/1217 749/1800/1218 2254/1801/1219
f 2234/1778/1198 2245/1802/1220 2246/1803/1221 2231/1779/1199
f 726/1780/1200 2240/1804/1222 2242/1805/1222 2237/1781/1201
f 727/1783/1203 2247/1806/1223 2241/1807/1224 726/1780/1200
f 739/1789/1208 747/1808/1225 2247/1806/1223 727/1783/1203
f 767/1809/1226 752/1810/1227 2253/1811/1228 766/1812/1229
f 803/1785/1205 2243/1813/1230 2244/1814/1230 730/1786/1206
f 2249/1815/1231 751/1816/1232 2251/1817/1233 2250/1818/1234
f 751/1816/1232 2260/1819/1235 2258/1820/1236 2251/1817/1233
f 752/1810/1227 2263/1821/1237 2264/1822/1238 2253/1811/1228
f 755/1823/1239 2268/1824/1240 2263/1821/1237 752/1810/1227
f 765/1825/1241 750/1826/1242 754/1827/1243 2256/1828/1244
f 770/1829/1245 755/1823/1239 752/1810/1227 767/1809/1226
f 769/1830/1246 2257/1831/1247 755/1823/1239 770/1829/1245
f 768/1832/1248 2255/1833/1249 748/1834/1250 771/1835/1251
f 771/1835/1251 748/1834/1250 751/1816/1232 2249/1815/1231
f 759/1836/1252 2269/1837/1252 2266/1838/1252 2259/1839/1252
f 2270/1840/1253 2265/1841/1254 760/1842/1255 2262/1843/1256
f 2262/1843/1256 760/1842/1255 763/1844/1257 2261/1845/1257
f 753/1799/1217 761/1846/1258 757/1847/1258 749/1800/1218
f 750/1826/1242 758/1848/1259 2267/1849/1259 754/1827/1243
f 2257/1831/1247 762/1850/1260 2268/1824/1240 755/1823/1239
f 748/1834/1250 756/1851/1261 2260/1819/1235 751/1816/1232
f 2255/1833/1249 2270/1840/1253 2262/1843/1256 748/1834/1250
f 2230/1852/1262 771/1835/1251 2249/1815/1231 731/1853/1262
f 729/1854/1263 768/1832/1248 771/1835/1251 728/1855/1263
f 2248/1856/1264 769/1830/1246 770/1829/1245 746/1857/1265
f 746/1857/1265 770/1829/1245 767/1809/1226 743/1858/1266
f 739/1789/1208 765/1825/1241 2256/1828/1244 747/1808/1225
f 2232/1791/1210 764/1859/1267 765/1825/1241 739/1789/1208
f 743/1858/1266 767/1809/1226 766/1812/1229 744/1860/1268
f 2246/1803/1221 2252/1798/1216 2254/1801/1219 2231/1779/1199
f 740/1861/1269 741/1862/1269 742/1863/1269 2248/1856/1264 746/1857/1265 743/1858/1266 744/1860/1268 745/1864/1269
f 711/1697/1120 2226/1750/1170 2281/1695/1118
f 777/1714/1137 2271/1717/1140 709/1865/1270
f 2218/1724/1145 772/1764/1184 774/1767/1187 2227/1725/1146
f 779/1866/1271 784/1867/1272 736/1757/1177 776/1759/1179
f 2277/1868/1273 708/1768/1188 777/1714/1137 780/1869/1274
f 2272/1870/1275 2217/1723/1144 778/1726/1147 781/1871/1276
f 780/1869/1274 777/1714/1137 775/1872/1277 782/1873/1278
f 2275/1874/1279 2276/1760/1180 2278/1763/1183 786/1875/1280
f 2222/1876/1281 2279/1770/1190 2280/1772/1192 783/1877/1282
f 783/1877/1282 773/1739/1159 710/1742/1162 785/1878/1283
f 784/1867/1272 2225/1879/1284 2273/1696/1119 2281/1695/1118
f 737/1721/1142 718/1796/1214 2225/1879/1284 784/1867/1272
f 713/1747/1167 783/1877/1282 785/1878/1283 712/1748/1168
f 714/1746/1166 2222/1876/1281 783/1877/1282 713/1747/1167
f 2221/1744/1164 2275/1874/1279 786/1875/1280 715/1745/1165
f 717/1732/1153 780/1869/1274 782/1873/1278 716/1743/1163
f 2224/1737/1157 2272/1870/1275 781/1871/1276 2220/1738/1158
f 2223/1731/1152 2277/1868/1273 780/1869/1274 717/1732/1153
f 2215/1722/1143 737/1721/1142 784/1867/1272 779/1866/1271
f 797/1880/1160 787/1777/1197 2292/1881/1285 2289/1882/1161
f 798/1883/1181 804/1884/1286 2283/1885/1286 2282/1886/1182
f 791/1706/1129 790/1887/1138 792/1888/1189 2284/1703/1126
f 2286/1774/1194 2285/1889/1139 790/1887/1138 791/1706/1129
f 796/1753/1173 800/1890/1172 2291/1891/1171 2290/1797/1215
f 2288/1892/1191 2287/1775/1195 787/1777/1197 797/1880/1160
f 794/1730/1151 795/1893/1186 799/1894/1185 789/1727/1148
f 788/1756/1176 801/1895/1178 800/1890/1172 796/1753/1173
f 787/1777/1197 720/1776/1196 2236/1782/1202 2292/1881/1285
f 2295/1896/1287 2294/1897/1288 2303/1898/1289
f 2305/1899/1290 2299/1900/1291 2297/1901/1291 2301/1902/1292
f 2294/1903/1288 2302/1904/1293 2304/1905/1294 2303/1906/1289
f 2304/1907/1294 2302/1904/1293 2305/1908/1290 2301/1902/1292
f 2308/1909/1295 2316/1910/1296 2307/1911/1297
f 2318/1912/1298 2314/1913/1299 2310/1914/1300 2312/1915/1300
f 2307/1916/1297 2316/1910/1296 2317/1917/1301 2315/1918/1302
f 2317/1919/1301 2314/1913/1299 2318/1920/1298 2315/1918/1302
f 2296/1921/1303 2309/1922/1303 817/1923/1304 808/1924/1305
f 2300/1925/1306 2313/1926/1306 2311/1927/1306 2298/1928/1306
f 807/1929/1307 816/1930/1307 820/1931/1308 811/1932/1309
f 808/1933/1305 817/1934/1304 822/1935/1310 813/1936/1311
f 809/1937/1312 818/1938/1313 814/1939/1314 805/1940/1314
f 810/1941/1315 819/1942/1316 818/1943/1313 809/1944/1312
f 811/1945/1309 820/1946/1308 819/1947/1316 810/1948/1315
f 2306/1949/1317 2319/1950/1317 815/1951/1317 806/1952/1317
f 813/1953/1311 822/1954/1310 821/1955/1318 812/1956/1318
f 2321/1957/1319 2320/1958/1320 2329/1959/1321
f 2332/1960/1322 2325/1961/1323 2323/1962/1323 2327/1963/1324
f 2320/1964/1320 2328/1965/1325 2330/1966/1326 2329/1967/1321
f 2328/1968/1325 2333/1969/1327 2331/1970/1328 2330/1971/1326
f 2333/1972/1327 2332/1973/1322 2327/1974/1324 2331/1975/1328
f 2335/1976/1329 2343/1977/1330 2334/1978/1331
f 2346/1979/1332 2341/1980/1333 2337/1981/1334 2339/1982/1334
f 2334/1983/1331 2343/1977/1330 2344/1984/1335 2342/1985/1336
f 2342/1986/1336 2344/1987/1335 2345/1988/1337 2347/1989/1338
f 2347/1990/1338 2345/1991/1337 2341/1992/1333 2346/1993/1332
f 2322/1994/1339 2336/1995/1339 837/1996/1340 826/1997/1341
f 2326/1998/1342 2340/1999/1342 2338/2000/1342 2324/2001/1342
f 825/2002/1343 836/2003/1343 841/2004/1344 830/2005/1345
f 826/2006/1341 837/2007/1340 844/2008/1346 833/2009/1347
f 827/2010/1348 838/2011/1349 834/2012/1350 823/2013/1350
f 828/2014/1351 839/2015/1352 838/2016/1349 827/2017/1348
f 829/2018/1353 840/2019/1354 839/2020/1352 828/2021/1351
f 830/2022/1345 841/2023/1344 840/2024/1354 829/2025/1353
f 831/2026/1355 842/2027/1356 835/2028/1357 824/2029/1357
f 832/2030/1358 843/2031/1359 842/2032/1356 831/2033/1355
f 833/2034/1347 844/2035/1346 843/2036/1359 832/2037/1358
f 2349/2038/1360 2357/2039/1361 2348/2040/1362
f 2360/2041/1363 2355/2042/1364 2351/2043/1365 2353/2044/1365
f 2348/2045/1362 2357/2039/1361 2358/2046/1366 2356/2047/1367
f 2356/2048/1367 2358/2049/1366 2359/2050/1368 2361/2051/1369
f 2361/2052/1369 2359/2053/1368 2355/2054/1364 2360/2055/1363
f 2363/2056/1370 2362/2057/1371 2371/2058/1372
f 2374/2059/1373 2367/2060/1374 2365/2061/1374 2369/2062/1375
f 2362/2063/1371 2370/2064/1376 2372/2065/1377 2371/2066/1372
f 2370/2067/1376 2375/2068/1378 2373/2069/1379 2372/2070/1377
f 2375/2071/1378 2374/2072/1373 2369/2073/1375 2373/2074/1379
f 2350/2075/1380 848/2076/1381 859/2077/1382 2364/2078/1380
f 2354/2079/1383 2352/2080/1383 2366/2081/1383 2368/2082/1383
f 847/2083/1384 852/2084/1385 863/2085/1386 858/2086/1384
f 848/2087/1381 855/2088/1387 866/2089/1388 859/2090/1382
f 849/2091/1389 845/2092/1390 856/2093/1390 860/2094/1391
f 850/2095/1392 849/2096/1389 860/2097/1391 861/2098/1393
f 851/2099/1394 850/2100/1392 861/2101/1393 862/2102/1395
f 852/2103/1385 851/2104/1394 862/2105/1395 863/2106/1386
f 853/2107/1396 846/2108/1397 857/2109/1397 864/2110/1398
f 854/2111/1399 853/2112/1396 864/2113/1398 865/2114/1400
f 855/2115/1387 854/2116/1399 865/2117/1400 866/2118/1388
f 872/2119/1401 870/2120/1402 868/2121/1403 871/2122/1404
f 2400/2123/1405 886/2124/1406 867/2125/1407 869/2126/1408
f 901/2127/1409 902/2128/1410 867/2125/1407 886/2129/1406
f 887/2130/1411 868/2131/1403 870/2132/1402 888/2133/1412
f 890/2134/1413 887/2135/1411 2377/2136/1414 915/2137/1415
f 895/2138/1416 2376/2139/1417 870/2132/1402 872/2140/1401
f 893/2141/1418 922/2142/1419 918/2143/1420 891/2144/1421
f 891/2145/1421 918/2146/1420 2380/2147/1422 2379/2148/1423
f 873/2149/1424 2381/2150/1425 2383/2151/1426
f 2384/2152/1427 876/2153/1428 873/2154/1424 2383/2155/1426
f 898/2156/1429 897/2157/1430 876/2158/1428 2384/2159/1427
f 899/2160/1431 946/2161/1432 922/2162/1419 893/2163/1418
f 897/2164/1430 899/2165/1431 893/2166/1418 876/2167/1428
f 873/2149/1424 891/2168/1421 2379/2169/1423 2381/2170/1425
f 876/2171/1428 893/2172/1418 891/2173/1421 873/2174/1424
f 871/2175/1404 868/2131/1403 887/2176/1411 890/2177/1413
f 911/2178/1433 887/2135/1411 888/2179/1412 913/2180/1434
f 950/2181/1435 901/2182/1409 886/2183/1406 912/2184/1436
f 2404/2185/1437 912/2186/1436 886/2183/1406 2400/2187/1405
f 913/2188/1434 888/2189/1412 896/2190/1438 942/2191/1439
f 903/2192/1440 902/2128/1410 2376/2193/1417 895/2194/1416
f 888/2195/1412 870/2120/1402 894/2196/1441 896/2197/1438
f 900/2198/1442 898/2199/1429 2384/2200/1427 2386/2201/1443
f 895/2138/1416 872/2202/1401 898/2203/1429 900/2204/1442
f 871/2175/1404 890/2205/1413 899/2206/1431 2378/2207/1444
f 890/2134/1413 915/2208/1415 946/2209/1432 899/2210/1431
f 872/2119/1401 871/2211/1404 897/2212/1430 898/2213/1429
f 2394/2214/1445 900/2215/1442 2386/2216/1443
f 2393/2217/1446 2394/2218/1445 2386/2216/1443 2388/2219/1447
f 2391/2220/1448 2393/2221/1446 2388/2222/1447 2389/2223/1448
f 2400/2123/1405 869/2224/1408 2397/2225/1449 2398/2226/1449
f 869/2227/1408 867/2228/1407 902/2229/1410 903/2230/1440
f 942/2231/1439 896/2232/1438 901/2233/1409 950/2234/1435
f 896/2235/1438 894/2236/1441 902/2229/1410 901/2237/1409
f 903/2192/1440 895/2238/1416 900/2239/1442 2394/2240/1445
f 869/2227/1408 903/2241/1440 2394/2242/1445 2396/2243/1450
f 2406/2244/1451 2404/2245/1437 2400/2246/1405 2402/2247/1451
f 916/2248/1452 910/2249/1453 907/2250/1454 909/2251/1455
f 2429/2252/1456 908/2253/1457 906/2254/1458 933/2255/1459
f 951/2256/1460 933/2257/1459 906/2254/1458 952/2258/1461
f 934/2259/1462 935/2260/1463 909/2261/1455 907/2262/1454
f 937/2263/1464 915/2208/1415 2377/2136/1414 934/2264/1462
f 943/2265/1465 916/2266/1452 909/2261/1455 2408/2267/1466
f 940/2268/1467 938/2269/1468 918/2143/1420 922/2270/1419
f 938/2271/1468 2410/2272/1469 2380/2147/1422 918/2273/1420
f 917/2274/1470 2413/2275/1471 2411/2276/1472
f 2414/2277/1473 2413/2275/1471 917/2278/1470 923/2279/1474
f 947/2280/1475 2414/2281/1473 923/2282/1474 945/2283/1476
f 948/2284/1477 940/2285/1467 922/2162/1419 946/2286/1432
f 2409/2287/1478 923/2288/1474 940/2289/1467 948/2290/1477
f 917/2274/1470 2411/2291/1472 2410/2292/1469 938/2293/1468
f 923/2294/1474 917/2295/1470 938/2296/1468 940/2297/1467
f 910/2298/1453 937/2299/1464 934/2300/1462 907/2262/1454
f 911/2178/1433 913/2301/1434 935/2302/1463 934/2264/1462
f 950/2181/1435 912/2186/1436 933/2303/1459 951/2304/1460
f 2404/2185/1437 2429/2305/1456 933/2303/1459 912/2184/1436
f 913/2188/1434 942/2306/1439 944/2307/1479 935/2308/1463
f 953/2309/1480 943/2310/1465 2408/2311/1466 952/2258/1461
f 935/2312/1463 944/2313/1479 941/2314/1481 909/2251/1455
f 949/2315/1482 2416/2316/1483 2414/2317/1473 947/2318/1475
f 943/2265/1465 949/2319/1482 947/2320/1475 916/2321/1452
f 910/2298/1453 2409/2322/1478 948/2323/1477 937/2324/1464
f 937/2263/1464 948/2325/1477 946/2209/1432 915/2137/1415
f 916/2248/1452 947/2326/1475 945/2327/1476 910/2328/1453
f 2424/2329/1484 2416/2316/1483 949/2330/1482
f 2423/2331/1485 2418/2332/1486 2416/2333/1483 2424/2334/1484
f 2421/2335/1487 2419/2336/1487 2418/2337/1486 2423/2338/1485
f 2429/2252/1456 2428/2339/1488 2426/2340/1489 908/2341/1457
f 908/2342/1457 953/2343/1480 952/2344/1461 906/2345/1458
f 942/2231/1439 950/2346/1435 951/2347/1460 944/2348/1479
f 944/2349/1479 951/2350/1460 952/2344/1461 941/2351/1481
f 953/2309/1480 2424/2352/1484 949/2330/1482 943/2353/1465
f 908/2342/1457 2426/2354/1489 2424/2355/1484 953/2356/1480
f 2433/2357/1490 2431/2358/1490 2429/2359/1456 2404/2360/1437
f 2436/2361/1491 2438/2362/1492 2435/2363/1493
f 2438/2364/1492 2426/2354/1489 2428/2365/1488 2435/2366/1493
f 966/2367/1494 965/2368/1495 962/2369/1496 964/2370/1497
f 2466/2371/1498 2439/2372/1499 2440/2373/1500 980/2374/1501
f 995/2375/1502 980/2376/1501 2440/2373/1500 996/2377/1503
f 981/2378/1504 982/2379/1505 964/2380/1497 962/2381/1496
f 984/2382/1506 1009/2383/1507 2442/2384/1508 981/2385/1504
f 989/2386/1509 966/2387/1494 964/2380/1497 2441/2388/1510
f 987/2389/1511 985/2390/1512 1012/2391/1513 1016/2392/1514
f 985/2393/1512 2444/2394/1515 2445/2395/1516 1012/2396/1513
f 967/2397/1517 2448/2398/1518 2446/2399/1519
f 2449/2400/1520 2448/2398/1518 967/2401/1517 970/2402/1521
f 992/2403/1522 2449/2404/1520 970/2405/1521 991/2406/1523
f 993/2407/1524 987/2408/1511 1016/2409/1514 1040/2410/1525
f 991/2411/1523 970/2412/1521 987/2413/1511 993/2414/1524
f 967/2397/1517 2446/2415/1519 2444/2416/1515 985/2417/1512
f 970/2418/1521 967/2419/1517 985/2420/1512 987/2421/1511
f 965/2422/1495 984/2423/1506 981/2424/1504 962/2381/1496
f 1005/2425/1526 1007/2426/1527 982/2427/1505 981/2385/1504
f 1044/2428/1528 1006/2429/1529 980/2430/1501 995/2431/1502
f 2470/2432/1530 2466/2433/1498 980/2430/1501 1006/2434/1529
f 1007/2435/1527 1036/2436/1531 990/2437/1532 982/2438/1505
f 997/2439/1533 989/2440/1509 2441/2441/1510 2465/2442/1534
f 982/2443/1505 990/2444/1532 988/2445/1535 964/2370/1497
f 994/2446/1536 2451/2447/1537 2449/2448/1520 992/2449/1522
f 989/2386/1509 994/2450/1536 992/2451/1522 966/2452/1494
f 965/2422/1495 2443/2453/1538 993/2454/1524 984/2455/1506
f 984/2382/1506 993/2456/1524 1040/2457/1525 1009/2458/1507
f 966/2367/1494 992/2459/1522 991/2460/1523 965/2461/1495
f 2459/2462/1539 2451/2447/1537 994/2463/1536
f 2458/2464/1540 2453/2465/1541 2451/2466/1537 2459/2467/1539
f 2456/2468/1542 2454/2469/1542 2453/2470/1541 2458/2471/1540
f 2466/2371/1498 2463/2472/1543 2462/2473/1543 2439/2474/1499
f 963/2475/1544 997/2476/1533 2465/2477/1534 961/2478/1545
f 1036/2479/1531 1044/2480/1528 995/2481/1502 990/2482/1532
f 990/2483/1532 995/2484/1502 996/2485/1503 988/2486/1535
f 997/2439/1533 2459/2487/1539 994/2463/1536 989/2488/1509
f 963/2475/1544 2461/2489/1546 2459/2490/1539 997/2491/1533
f 2472/2492/1547 2468/2493/1547 2466/2494/1498 2470/2495/1530
f 1010/2496/1548 1003/2497/1549 1001/2498/1550 1004/2499/1551
f 2496/2500/1552 1027/2501/1553 1000/2502/1554 1002/2503/1555
f 1045/2504/1556 1046/2505/1557 1000/2502/1554 1027/2506/1553
f 1028/2507/1558 1001/2508/1550 1003/2509/1549 1029/2510/1559
f 1031/2511/1560 1028/2512/1558 2442/2384/1508 1009/2458/1507
f 1037/2513/1561 2474/2514/1562 1003/2509/1549 1010/2515/1548
f 1034/2516/1563 1016/2517/1514 1012/2391/1513 1032/2518/1564
f 1032/2519/1564 1012/2520/1513 2445/2395/1516 2476/2521/1565
f 1011/2522/1566 2477/2523/1567 2479/2524/1568
f 2480/2525/1569 1017/2526/1570 1011/2527/1566 2479/2528/1568
f 1041/2529/1571 1039/2530/1572 1017/2531/1570 2480/2532/1569
f 1042/2533/1573 1040/2534/1525 1016/2409/1514 1034/2535/1563
f 2475/2536/1574 1042/2537/1573 1034/2538/1563 1017/2539/1570
f 1011/2522/1566 1032/2540/1564 2476/2541/1565 2477/2542/1567
f 1017/2543/1570 1034/2544/1563 1032/2545/1564 1011/2546/1566
f 1004/2547/1551 1001/2508/1550 1028/2548/1558 1031/2549/1560
f 1005/2425/1526 1028/2512/1558 1029/2550/1559 1007/2551/1527
f 1044/2428/1528 1045/2552/1556 1027/2553/1553 1006/2434/1529
f 2470/2432/1530 1006/2429/1529 1027/2553/1553 2496/2554/1552
f 1007/2435/1527 1029/2555/1559 1038/2556/1575 1036/2557/1531
f 1047/2558/1576 2494/2559/1577 2474/2560/1562 1037/2561/1561
f 1029/2562/1559 1003/2497/1549 1035/2563/1578 1038/2564/1575
f 1043/2565/1579 1041/2566/1571 2480/2567/1569 2482/2568/1580
f 1037/2513/1561 1010/2569/1548 1041/2570/1571 1043/2571/1579
f 1004/2547/1551 1031/2572/1560 1042/2573/1573 2475/2574/1574
f 1031/2511/1560 1009/2383/1507 1040/2457/1525 1042/2575/1573
f 1010/2496/1548 1004/2576/1551 1039/2577/1572 1041/2578/1571
f 2490/2579/1581 1043/2580/1579 2482/2581/1580
f 2489/2582/1582 2490/2583/1581 2482/2581/1580 2484/2584/1583
f 2487/2585/1584 2489/2586/1582 2484/2587/1583 2485/2588/1584
f 2496/2500/1552 1002/2589/1555 2492/2590/1585 2495/2591/1586
f 1002/2592/1555 1000/2593/1554 2494/2594/1577 1047/2595/1576
f 1036/2479/1531 1038/2596/1575 1045/2597/1556 1044/2598/1528
f 1038/2599/1575 1035/2600/1578 1046/2601/1557 1045/2602/1556
f 1047/2558/1576 1037/2603/1561 1043/2604/1579 2490/2605/1581
f 1002/2592/1555 1047/2606/1576 2490/2607/1581 2492/2608/1585
f 2500/2609/1587 2470/2610/1530 2496/2611/1552 2498/2612/1587
f 2503/2613/1588 2502/2614/1589 2505/2615/1590
f 2505/2616/1590 2502/2614/1589 2495/2617/1586 2492/2608/1585
f 892/2618/1591 920/2619/1592 1014/2620/1593 986/2621/1594
f 875/2622/1595 2382/2623/1596 2447/2624/1596 969/2625/1597
f 2385/2626/1598 875/2627/1595 969/2628/1597 2450/2629/1598
f 2387/2630/1599 877/2631/1599 971/2632/1599 2452/2633/1599
f 879/2634/1600 878/2635/1601 972/2636/1601 973/2637/1602
f 2390/2638/1603 879/2639/1600 973/2640/1602 2455/2641/1603
f 2392/2642/1604 880/2643/1604 974/2644/1604 2457/2645/1604
f 882/2646/1605 881/2647/1606 975/2648/1606 976/2649/1607
f 2395/2650/1608 882/2651/1605 976/2652/1607 2460/2653/1608
f 884/2654/1609 883/2655/1610 977/2656/1610 978/2657/1611
f 2399/2658/1612 884/2659/1609 978/2660/1611 2464/2661/1612
f 874/2662/1613 892/2663/1591 986/2664/1594 968/2665/1613
f 2401/2666/1614 885/2667/1614 979/2668/1614 2467/2669/1614
f 2403/2670/1615 889/2671/1615 983/2672/1615 2469/2673/1615
f 2405/2674/1616 2407/2675/1616 2473/2676/1616 2471/2677/1616
f 905/2678/1617 904/2679/1617 998/2680/1617 999/2681/1617
f 920/2682/1592 939/2683/1618 1033/2684/1619 1014/2685/1593
f 2412/2686/1620 921/2687/1621 1015/2688/1622 2478/2689/1620
f 921/2690/1621 2415/2691/1623 2481/2692/1623 1015/2693/1622
f 924/2694/1624 2417/2695/1624 2483/2696/1624 1018/2697/1624
f 925/2698/1625 926/2699/1626 1020/2700/1627 1019/2701/1625
f 926/2702/1626 2420/2703/1628 2486/2704/1628 1020/2705/1627
f 927/2706/1629 2422/2707/1629 2488/2708/1629 1021/2709/1629
f 928/2710/1630 929/2711/1631 1023/2712/1632 1022/2713/1630
f 929/2714/1631 2425/2715/1633 2491/2716/1633 1023/2717/1632
f 930/2718/1634 2427/2719/1634 2493/2720/1634 1024/2721/1634
f 939/2722/1618 919/2723/1635 1013/2724/1635 1033/2725/1619
f 932/2726/1636 2430/2727/1637 2497/2728/1637 1026/2729/1638
f 936/2730/1639 2432/2731/1639 2499/2732/1639 1030/2733/1639
f 2434/2734/1640 914/2735/1640 1008/2736/1640 2501/2737/1640
f 954/2738/1641 955/2739/1641 1049/2740/1641 1048/2741/1641
f 2437/2742/1642 959/2743/1643 1053/2744/1644 2504/2745/1642
f 960/2746/1645 956/2747/1646 1050/2748/1646 1054/2749/1647
f 931/2750/1648 960/2751/1645 1054/2752/1647 1025/2753/1648
f 959/2754/1643 932/2755/1636 1026/2756/1638 1053/2757/1644
f 2507/2758/1649 2506/2759/1650 1062/2760/1651 1363/2761/1652
f 1363/2762/1652 1062/2763/1651 1065/2764/1653 1371/2765/1654
f 1055/2766/1655 1370/2767/1656 1365/2768/1657 2511/2769/1658
f 1056/2770/1659 1057/2771/1660 1768/2772/17 176/2773/2
f 1062/2774/1651 2506/2759/1650 176/2775/2 170/2776/1
f 1059/2777/1661 1062/2763/1651 170/2778/1 1769/2779/5
f 1060/2780/1662 1059/2781/1661 171/2782/15 1593/2783/14
f 2511/2784/1658 1365/2785/1657 1376/2786/1663 2510/2787/1664
f 2984/2788/1665 1367/2789/1666 1370/2790/1656 1055/2791/1655
f 1061/2792/1667 1058/2793/1667 174/2794/1667 1766/2795/1667
f 2509/2796/1668 1057/2771/1660 1056/2797/1659 2508/2798/1668
f 2985/2799/1669 2983/2800/1669 175/2801/1669 169/2802/1669
f 1055/2766/1655 2511/2803/1658 173/2804/20 1594/2805/19
f 2984/2788/1665 1055/2806/1655 172/2807/24 1763/2808/23
f 1059/2777/1661 1060/2809/1662 1064/2810/1670 1063/2811/1671
f 1062/2774/1651 1059/2781/1661 1063/2812/1671 1065/2813/1653
f 1371/2814/1654 1065/2815/1653 1068/2816/1672 2513/2817/1673
f 1063/2818/1671 1064/2819/1670 1067/2820/1674 1066/2821/1675
f 1065/2822/1653 1063/2823/1671 2515/2824/1676 2512/2825/1677
f 2510/2826/1664 1376/2827/1663 1381/2828/1678 2514/2829/1679
f 1066/2830/1675 1067/2831/1674 1070/2832/1680 2980/2833/1680
f 2512/2834/1677 2515/2835/1676 1069/2836/1681 2550/2837/1681
f 2513/2838/1673 1068/2839/1672 2551/2840/1682 2553/2841/1682
f 2514/2842/1679 1381/2843/1678 2974/2844/1683 2976/2845/1683
f 1143/2846/1684 1087/2847/1685 1186/2848/1686
f 2516/2849/1687 1182/2850/1688 1096/2851/1689 2517/2852/1690
f 1143/2846/1684 2526/2853/1691 1075/2854/1692 1144/2855/1693
f 1185/2856/1694 2520/2857/1695 1084/2858/1696
f 1142/2859/1697 1078/2860/1698 2518/2861/1699 1145/2862/1700
f 1183/2863/1701 2531/2864/1702 2533/2865/1703 2521/2866/1704
f 1185/2856/1694 1180/2867/1705 1080/2868/1706 1085/2869/1707
f 2527/2870/1708 1076/2871/1709 1093/2872/1710 2528/2873/1711
f 1181/2874/1712 1086/2875/1713 2536/2876/1714 1073/2877/1715
f 1077/2878/1716 2523/2879/1716 2522/2880/1717 2530/2881/1718
f 2613/2882/1719 2612/2883/1720 2540/2884/1721 1072/2885/1722
f 1076/2886/1709 2529/2887/1723 1092/2888/1724 1093/2889/1710
f 2524/2890/1725 1074/2891/1725 1091/2892/1726 2525/2893/1727
f 2519/2894/1728 1079/2895/1729 1089/2896/1730 1090/2897/1731
f 1079/2898/1729 1081/2899/1732 1088/2900/1733 1089/2901/1730
f 1083/2902/1734 1185/2903/1694 1085/2904/1707 1094/2905/1735
f 1184/2906/1736 1181/2907/1712 1073/2908/1715 1075/2909/1692
f 1144/2910/1693 1075/2911/1692 1099/2912/1737 1146/2913/1738
f 1073/2914/1715 2536/2915/1714 2537/2916/1739 1098/2917/1740
f 1085/2918/1707 1080/2919/1706 2538/2920/1741 1101/2921/1742
f 1094/2922/1735 1085/2923/1707 1101/2924/1742 1102/2925/1743
f 1075/2926/1692 1073/2927/1715 1098/2928/1740 1099/2929/1737
f 2517/2930/1690 1096/2931/1689 1103/2932/1744 1100/2933/1745
f 1072/2934/1722 2540/2935/1721 2539/2936/1746 1097/2937/1747
f 1102/2938/1743 1101/2939/1742 2544/2940/1748 1109/2941/1749
f 1098/2942/1740 2537/2943/1739 2548/2944/1750 1105/2945/1751
f 1099/2946/1737 1098/2947/1740 1105/2948/1751 1106/2949/1752
f 1101/2950/1742 2538/2951/1741 2541/2952/1753 2544/2953/1748
f 1097/2954/1747 2539/2955/1746 2547/2956/1754 1104/2957/1755
f 1100/2958/1745 1103/2959/1744 2546/2960/1756 2542/2961/1756
f 1146/2962/1738 1099/2963/1737 1106/2964/1752 1147/2965/1757
f 2552/2966/1758 2549/2967/1758 1113/2968/1759 1428/2969/1760
f 2975/2970/1761 2973/2971/1762 1430/2972/1763 1112/2973/1764
f 2979/2974/1765 2975/2970/1761 1112/2973/1764 1111/2975/1766
f 1071/2976/1767 2979/2974/1765 1111/2975/1766 1113/2968/1759
f 1111/2975/1766 1112/2973/1764 1115/2977/1768 1114/2978/1769
f 1113/2968/1759 1111/2975/1766 1114/2978/1769 1116/2979/1770
f 1112/2973/1764 1430/2972/1763 1434/2980/1771 1115/2977/1768
f 1114/2978/1769 1115/2977/1768 1118/2981/1772 1117/2982/1773
f 1116/2979/1770 1114/2978/1769 1117/2982/1773 1119/2983/1774
f 1115/2977/1768 1434/2980/1771 1438/2984/1775 2555/2985/1776
f 1117/2982/1773 1118/2981/1772 2559/2986/1777 1120/2987/1778
f 1119/2983/1774 1117/2982/1773 1120/2987/1778 1122/2988/1779
f 2555/2985/1776 1438/2984/1775 2556/2989/1780 2558/2990/1780
f 1113/2968/1759 1116/2979/1770 2563/2991/1781 2560/2992/1782
f 1116/2979/1770 1119/2983/1774 1125/2993/1783 2563/2991/1781
f 1119/2983/1774 1122/2988/1779 1126/2994/1784 2885/2995/1785 1125/2993/1783
f 1428/2969/1760 1113/2968/1759 2560/2992/1782 2561/2996/1786
f 1128/2997/1787 2573/2998/1787 2564/2999/1787 2567/3000/1787
f 2884/3001/1788 1588/3002/1789 1587/3003/1790 2572/3004/1791
f 2884/3001/1788 2572/3004/1791 1124/3005/1792 1123/3006/1793
f 2562/3007/1794 1124/3005/1792 2572/3004/1791 2568/3008/1794
f 2570/3009/1795 1127/3010/1796 1133/3011/1797 1458/3012/1798
f 1120/2987/1778 2559/2986/1777 1130/3013/1799 1129/3014/1800
f 1121/3015/1801 2557/3016/1802 1454/3017/1803 2574/3018/1804
f 1126/2994/1784 1122/2988/1779 1131/3019/1805 2580/3020/1806
f 1122/2988/1779 1120/2987/1778 1129/3014/1800 1131/3019/1805
f 1127/3010/1796 2886/3021/1807 1132/3022/1808 1133/3011/1797
f 1458/3012/1798 1133/3011/1797 2578/3023/1809 2579/3024/1810
f 1129/3014/1800 1130/3013/1799 1135/3025/1811 1134/3026/1812
f 2574/3018/1804 1454/3017/1803 1461/3027/1813 1135/3025/1811
f 1133/3011/1797 1132/3022/1808 2577/3028/1814 2578/3023/1809
f 2580/3020/1806 1131/3019/1805 2575/3029/1815 2576/3030/1816
f 1131/3019/1805 1129/3014/1800 1134/3026/1812 2575/3029/1815
f 1140/3031/1817 1139/3032/1818 1468/3033/1819 1467/3034/1820
f 1141/3035/1821 1140/3031/1817 1467/3034/1820 1469/3036/1822
f 1136/3037/1823 1134/3026/1812 1140/3031/1817 1141/3035/1821
f 1134/3026/1812 1135/3025/1811 1139/3032/1818 1140/3031/1817
f 1138/3038/1824 1141/3035/1821 1469/3036/1822 1465/3039/1825
f 1136/3037/1823 1141/3035/1821 1138/3038/1824 1137/3040/1826
f 1473/3041/1827 1139/3032/1818 1135/3025/1811 1461/3027/1813
f 1139/3032/1818 1473/3041/1827 1468/3033/1819
f 2534/3042/1828 1146/3043/1738 1147/3044/1757 2545/3045/1829
f 2535/3046/1830 1144/3047/1693 1146/3048/1738 2534/3049/1828
f 1082/3050/1831 1142/3051/1697 1145/3052/1700 1095/3053/1832
f 2532/3054/1833 1143/3055/1684 1144/3056/1693 2535/3057/1830
f 2593/3058/1834 2595/3059/1835 1157/3060/1836 1161/3061/1837
f 1109/3062/1749 2544/3063/1748 2587/3064/1838 2586/3065/1839
f 1105/3066/1751 2548/3067/1750 2583/3068/1840 2581/3069/1840
f 1106/3070/1752 1105/3071/1751 2582/3072/1841 2588/3073/1842
f 1147/3074/1757 1106/3075/1752 2588/3076/1842 1155/3077/1843
f 1175/3078/1844 1174/3079/1845 2594/3080/1846 1160/3081/1847
f 1104/3082/1755 2547/3083/1754 2585/3084/1848 2584/3085/1848
f 2590/3086/1849 2591/3087/1850 2592/3088/1851 1159/3089/1852
f 1159/3090/1852 2592/3091/1851 2599/3092/1853 2601/3093/1854
f 1160/3094/1847 2594/3095/1846 2605/3096/1855 2604/3097/1856
f 1163/3098/1857 1160/3099/1847 2604/3100/1856 2609/3101/1858
f 1173/3102/1859 2597/3103/1860 1162/3104/1861 1158/3105/1862
f 1178/3106/1863 1175/3107/1844 1160/3108/1847 1163/3109/1857
f 1177/3110/1864 1178/3111/1863 1163/3112/1857 2598/3113/1865
f 1176/3114/1866 1179/3115/1867 1156/3116/1868 2596/3117/1869
f 1179/3118/1867 2590/3119/1849 1159/3120/1852 1156/3121/1868
f 1167/3122/1870 2600/3123/1870 2607/3124/1870 2610/3125/1870
f 2611/3126/1871 2603/3127/1872 1168/3128/1873 2606/3129/1874
f 2603/3130/1872 2602/3131/1875 1171/3132/1875 1168/3133/1873
f 1161/3134/1837 1157/3135/1836 1165/3136/1876 1169/3137/1876
f 1158/3138/1862 1162/3139/1861 2608/3140/1877 1166/3141/1877
f 2598/3142/1865 1163/3143/1857 2609/3144/1858 1170/3145/1878
f 1156/3146/1868 1159/3147/1852 2601/3148/1854 1164/3149/1879
f 2596/3150/1869 1156/3151/1868 2603/3152/1872 2611/3153/1871
f 2543/3154/1880 1110/3155/1880 2590/3156/1849 1179/3157/1867
f 1108/3158/1881 1107/3159/1881 1179/3160/1867 1176/3161/1866
f 2589/3162/1882 1154/3163/1883 1178/3164/1863 1177/3165/1864
f 1154/3166/1883 1151/3167/1884 1175/3168/1844 1178/3169/1863
f 1147/3074/1757 1155/3170/1843 2597/3171/1860 1173/3172/1859
f 2545/3173/1829 1147/3174/1757 1173/3175/1859 1172/3176/1885
f 1151/3177/1884 1152/3178/1886 1174/3179/1845 1175/3180/1844
f 2587/3181/1838 2544/3063/1748 2595/3182/1835 2593/3183/1834
f 1148/3184/1887 1153/3185/1887 1152/3186/1886 1151/3187/1884 1154/3188/1883 2589/3189/1882 1150/3190/1887 1149/3191/1887
f 1087/3192/1685 1143/3055/1684 2532/3193/1833
f 1185/2856/1694 1084/3194/1696 1180/3195/1705
f 2521/3196/1704 2533/3197/1703 1182/3198/1688 2516/3199/1687
f 2518/3200/1699 2526/2853/1691 1143/3201/1684 1145/2862/1700
f 2528/3202/1711 1093/3203/1710 1185/3204/1694 1083/3205/1734
f 2530/3206/1718 2522/3207/1717 2531/3208/1702 1183/3209/1701
f 1093/3210/1710 1092/3211/1724 2520/3212/1695 1185/3213/1694
f 2525/3214/1727 1091/3215/1726 2612/3216/1720 2613/3217/1719
f 1090/3218/1731 1089/3219/1730 1181/3220/1712 1184/3221/1736
f 1089/3222/1730 1088/3223/1733 1086/3224/1713 1181/3225/1712
f 1145/3226/1700 1143/3055/1684 1186/2848/1686 1095/3053/1832
f 1374/3227/1888 2618/3228/1889 1193/3229/1890 1357/3230/1891
f 2789/3231/1892 1192/3232/1893 1195/3233/1894 1374/3234/1888
f 2795/3235/1895 2622/3236/1896 1190/3237/1897 2788/3238/1895
f 2786/3239/1898 2619/3240/1899 2625/3241/1900 2784/3242/1898
f 2615/3243/1901 1196/3244/1902 1192/3245/1893 1521/3246/1903
f 1357/3247/1891 1193/3248/1890 1194/3249/1904 2794/3250/1905
f 2616/3251/1906 1191/3252/1907 2614/3253/1908 1189/3254/1909
f 1519/3255/1910 1187/3256/1911 1191/3257/1907 1188/3258/1912
f 2618/3259/1889 2617/3260/1913 1201/3261/1914 1193/3262/1890
f 2622/3263/1896 2621/3264/1915 1198/3265/1916 1190/3266/1897
f 1192/3267/1893 1200/3268/1917 1203/3269/1918 1195/3270/1894
f 1191/3271/1907 1199/3272/1919 2623/3273/1920 2614/3274/1908
f 1187/3275/1911 1197/3276/1921 1199/3277/1919 1191/3278/1907
f 2619/3279/1899 2620/3280/1922 2624/3281/1923 2625/3282/1900
f 1196/3283/1902 1204/3284/1924 1200/3285/1917 1192/3286/1893
f 1193/3287/1890 1201/3288/1914 1202/3289/1925 1194/3290/1904
f 1352/3291/1926 1336/3292/1927 1339/3293/1928 2782/3294/1929
f 1348/3295/1930 1209/3296/1931 1210/3297/1932 1346/3298/1933
f 1345/3299/1934 1207/3300/1935 2629/3301/1936 2628/3302/1937
f 1342/3303/1938 1212/3304/1939 1208/3305/1940 1347/3306/1941
f 1347/3307/1941 1208/3308/1940 2627/3309/1942 2626/3310/1943
f 2778/3311/1944 2638/3312/1945 1206/3313/1946 1343/3314/1947
f 2777/3315/1948 1205/3316/1949 1207/3317/1935 1345/3318/1934
f 1354/3319/1950 1335/3320/1951 1340/3321/1952 2780/3322/1953
f 2632/3323/1954 2633/3324/1955 1335/3325/1951 1354/3326/1950
f 1350/3327/1956 2776/3328/1957 1333/3329/1958 1353/3330/1956
f 1341/3331/1959 1211/3332/1960 1209/3333/1931 1348/3334/1930
f 1349/3335/1961 1337/3336/1962 1338/3337/1963 1351/3338/1964
f 1356/3339/1965 2783/3340/1966 1337/3341/1962 1349/3342/1961
f 2631/3343/1967 2779/3344/1968 1334/3345/1969 2630/3346/1970
f 1355/3347/1971 2781/3348/1972 1336/3349/1927 1352/3350/1926
f 1208/3351/1940 1216/3352/1973 1219/3353/1974 2627/3354/1942
f 1207/3355/1935 1215/3356/1975 2635/3357/1976 2629/3358/1936
f 1205/3359/1949 1213/3360/1977 1215/3361/1975 1207/3362/1935
f 1206/3363/1946 1214/3364/1978 2636/3365/1979 2637/3366/1980
f 1212/3367/1939 1220/3368/1981 1216/3369/1973 1208/3370/1940
f 1209/3371/1931 1217/3372/1982 1218/3373/1983 1210/3374/1932
f 1211/3375/1960 2634/3376/1984 1217/3377/1982 1209/3378/1931
f 2638/3379/1945 2639/3380/1985 1214/3381/1978 1206/3382/1946
f 1217/3383/1982 1225/3384/1986 1226/3385/1987 1218/3386/1983
f 2634/3387/1984 2642/3388/1988 2641/3389/1989 1217/3390/1982
f 2639/3391/1985 2640/3392/1990 1222/3393/1991 1214/3394/1978
f 1216/3395/1973 1224/3396/1992 1227/3397/1993 1219/3398/1974
f 1215/3399/1975 1223/3400/1994 2643/3401/1995 2635/3402/1976
f 1213/3403/1977 1221/3404/1996 2644/3405/1997 1215/3406/1975
f 1214/3407/1978 1222/3408/1991 2645/3409/1998 2636/3410/1979
f 1220/3411/1981 1228/3412/1999 1224/3413/1992 1216/3414/1973
f 1229/3415/2000 1232/3416/2001 1231/3417/2002 1230/3418/2003
f 2752/3419/2004 2678/3420/2005 2677/3421/2006 2753/3422/2007
f 1232/3423/2001 1236/3424/2008 2656/3425/2009 1231/3426/2002
f 1232/3423/2001 1229/3427/2000 1233/3428/2010 1332/3429/2011
f 2657/3430/2012 2727/3431/2013 2688/3432/2014 1235/3433/2015
f 1236/3434/2008 1232/3416/2001 1332/3435/2011 1328/3436/2016
f 1238/3437/2017 1240/3438/2018 1239/3439/2019 1237/3440/2020
f 2727/3441/2013 2657/3442/2012 2774/3443/2021 2760/3444/2022
f 2715/3445/2023 1242/3446/2024 1241/3447/2025 2725/3448/2026
f 1240/3449/2018 1238/3450/2017 1329/3451/2027 1326/3452/2028
f 1242/3453/2024 2715/3454/2023 2716/3455/2029 1327/3456/2030
f 1242/3453/2024 1327/3457/2030 2740/3458/2031 2739/3459/2032
f 1242/3453/2024 2739/3460/2032 1244/3461/2033 1241/3462/2025
f 2711/3463/2034 1248/3464/2035 2720/3465/2036 2712/3466/2037
f 1245/3467/2038 2690/3468/2039 1250/3469/2040 1249/3470/2041
f 1248/3471/2035 2711/3472/2034 2731/3473/2042 2653/3474/2043
f 2710/3475/2044 1252/3476/2045 1254/3477/2046 2692/3478/2047
f 2710/3475/2044 2692/3479/2047 1255/3480/2048 1247/3481/2049
f 2736/3482/2050 1259/3483/2051 1258/3484/2052 2662/3485/2053
f 2737/3486/2054 2743/3487/2054 2709/3488/2055 1260/3489/2056
f 2736/3482/2050 2662/3490/2053 2728/3491/2057 1263/3492/2058
f 1265/3493/2059 2734/3494/2060 2746/3495/2061 2748/3496/2062
f 2734/3497/2060 1265/3498/2059 2689/3499/2063 2735/3500/2064
f 1268/3501/2065 2666/3502/2066 2664/3503/2067 2747/3504/2067
f 2666/3505/2066 1268/3506/2065 1269/3507/2068 1273/3508/2069
f 2666/3505/2066 2742/3509/2070 2713/3510/2071 2698/3511/2071
f 2667/3512/2072 2661/3513/2072 2663/3514/2073 2665/3515/2074
f 2742/3516/2070 2666/3502/2066 1273/3517/2069 1277/3518/2075
f 2742/3516/2070 2690/3468/2039 2686/3519/2076 2708/3520/2076
f 1262/3521/2077 1256/3522/2077 2679/3523/2078 2714/3524/2079
f 2691/3525/2080 2693/3526/2080 1279/3527/2081 1278/3528/2082
f 2690/3529/2039 1245/3530/2038 1246/3531/2083 1280/3532/2084
f 2690/3529/2039 2742/3509/2070 1277/3533/2075 1250/3534/2040
f 2646/3535/2085 2659/3536/2085 1283/3537/2086 2649/3538/2087
f 2647/3539/2088 2683/3540/2089 2678/3541/2005 1285/3542/2090
f 2647/3539/2088 1285/3543/2090 2653/3544/2043 2731/3545/2042
f 1259/3546/2051 1231/3547/2002 2656/3425/2009 1258/3548/2052
f 1259/3546/2051 2736/3549/2050 2692/3550/2047 1254/3551/2046
f 1270/3552/2091 2768/3553/2092 2662/3554/2053 1258/3548/2052
f 2735/3555/2064 2689/3556/2063 1237/3557/2020 1239/3558/2019
f 1273/3559/2069 1269/3560/2068 2725/3561/2026 1241/3462/2025
f 1277/3562/2075 1273/3563/2069 1241/3447/2025 2717/3564/2093
f 1277/3562/2075 2717/3565/2093 2658/3566/2094 1250/3534/2040
f 2660/3567/2095 2769/3568/2096 2757/3569/2097 2700/3570/2098
f 1284/3571/2099 1281/3572/2099 1249/3573/2041 1250/3534/2040
f 1234/3574/2100 1286/3575/2101 1288/3576/2102 1243/3577/2103
f 2678/3578/2005 2752/3579/2004 1230/3580/2003 1285/3542/2090
f 2684/3581/2104 2648/3582/2104 1282/3583/2105 2741/3584/2106
f 1288/3585/2102 1286/3575/2101 1289/3586/2107 1287/3587/2108
f 2769/3588/2096 2660/3589/2095 1244/3461/2033 2739/3459/2032
f 1231/3590/2002 1259/3483/2051 1254/3477/2046 1230/3418/2003
f 2688/3591/2014 1270/3592/2091 1258/3484/2052 1235/3433/2015
f 2692/3593/2047 2736/3549/2050 2738/3594/2109 2681/3595/2110
f 1253/3596/2111 1251/3597/2111 2772/3598/2112 2705/3599/2113
f 1257/3600/2114 1272/3601/2114 2699/3602/2115 1264/3603/2116
f 2662/3604/2053 2768/3553/2092 1266/3605/2117 1276/3606/2118
f 1254/3607/2046 1252/3476/2045 1285/3608/2090 1230/3418/2003
f 2681/3609/2110 2738/3610/2109 2695/3611/2119 2682/3612/2120
f 1260/3613/2056 2709/3614/2055 2721/3615/2121 1291/3616/2122
f 1261/3617/2123 2685/3618/2123 2687/3619/2124 1292/3620/2125
f 1278/3621/2082 1279/3622/2081 1290/3623/2126 1293/3624/2127
f 1274/3625/2128 1275/3626/2128 2676/3627/2128 2673/3628/2128
f 2714/3629/2079 2679/3630/2078 2680/3631/2129 2675/3632/2130
f 1263/3633/2058 2728/3634/2057 1297/3635/2131 1296/3636/2132
f 1264/3637/2116 2699/3638/2115 2674/3639/2133 2773/3640/2134
f 1247/3641/2049 1255/3642/2048 2694/3643/2135 1298/3644/2136
f 2705/3645/2113 2772/3646/2112 2668/3647/2137 1299/3648/2138
f 1280/3649/2084 1246/3650/2083 2767/3651/2139 1300/3652/2140
f 2712/3653/2037 2720/3654/2036 2650/3655/2141 1301/3656/2142
f 2748/3657/2062 2746/3658/2061 1303/3659/2143 1302/3660/2144
f 1267/3661/2145 1271/3662/2145 1304/3663/2146 2754/3664/2147
f 2665/3665/2074 2663/3666/2073 1305/3667/2148 2722/3668/2149
f 1276/3669/2118 1266/3670/2117 2749/3671/2150 2726/3672/2151
f 2701/3673/2152 2697/3674/2152 2718/3675/2152 2703/3676/2152
f 2702/3677/2153 2704/3678/2153 1293/3679/2127 1290/3680/2126
f 2696/3681/2154 1306/3682/2154 2682/3683/2120 2695/3684/2119
f 2719/3685/2155 1309/3686/2155 1291/3687/2122 2721/3688/2121
f 1307/3689/2156 1308/3690/2156 1292/3691/2125 2687/3692/2124
f 2750/3693/2157 2732/3694/2157 2730/3695/2157 2744/3696/2157
f 2751/3697/2158 2745/3698/2158 2773/3699/2134 2674/3700/2133
f 2733/3701/2159 1310/3702/2159 1294/3703/2159 1295/3704/2159
f 2729/3705/2160 1313/3706/2160 2675/3707/2130 2680/3708/2129
f 1311/3709/2161 1312/3710/2161 1296/3711/2132 1297/3712/2131
f 2652/3713/2162 2671/3714/2162 2670/3715/2162 2654/3716/2162
f 2651/3717/2163 2655/3718/2163 1301/3719/2142 2650/3720/2141
f 2672/3721/2164 1314/3722/2164 1298/3723/2136 2694/3724/2135
f 2669/3725/2165 1317/3726/2165 1299/3727/2138 2668/3728/2137
f 1315/3729/2166 1316/3730/2166 1300/3731/2140 2767/3732/2139
f 2770/3733/2167 2765/3734/2167 2762/3735/2167 2756/3736/2167
f 2771/3737/2168 2755/3738/2168 2726/3739/2151 2749/3740/2150
f 2766/3741/2169 1318/3742/2169 1302/3743/2144 1303/3744/2143
f 2761/3745/2170 1321/3746/2170 2754/3747/2147 1304/3748/2146
f 1319/3749/2171 1320/3750/2171 2722/3751/2149 1305/3752/2148
f 1331/3753/2172 1234/3754/2100 1243/3755/2103 1330/3756/2173
f 2649/3757/2087 1283/3758/2086 2723/3759/2174 2706/3760/2174
f 2700/3761/2098 2757/3762/2097 2758/3763/2175 2724/3764/2175
f 1287/3765/2108 1289/3766/2107 2764/3767/2176 2759/3768/2176
f 2741/3769/2106 1282/3770/2105 2707/3771/2177 2763/3772/2177
f 1322/3773/2178 1323/3774/2178 1324/3775/2178 1325/3776/2178
f 1222/3777/1991 2640/3392/1990 2740/3458/2031 1327/3456/2030
f 1226/3778/1987 1225/3384/1986 1331/3779/2172 1330/3756/2173
f 2641/3780/1989 2642/3388/1988 2753/3781/2007 2677/3782/2006
f 1227/3783/1993 1224/3396/1992 1332/3435/2011 1233/3784/2010
f 1224/3785/1992 1228/3412/1999 1328/3786/2016 1332/3429/2011
f 2643/3787/1995 1223/3400/1994 2760/3788/2022 2774/3789/2021
f 2644/3790/1997 1221/3404/1996 1326/3791/2028 1329/3792/2027
f 2645/3793/1998 1222/3408/1991 1327/3794/2030 2716/3795/2029
f 2775/3796/2179 1206/3797/1946 2637/3798/1980 1344/3799/2180
f 2776/3800/1957 2775/3801/2179 1344/3802/2180 1333/3803/1958
f 2783/3804/1966 1341/3805/1959 1348/3806/1930 1337/3807/1962
f 2633/3808/1955 2777/3809/1948 1345/3810/1934 1335/3811/1951
f 2779/3812/1968 2778/3813/1944 1343/3814/1947 1334/3815/1969
f 1336/3816/1927 1347/3817/1941 2626/3818/1943 1339/3819/1928
f 2781/3820/1972 1342/3821/1938 1347/3822/1941 1336/3823/1927
f 1335/3824/1951 1345/3825/1934 2628/3826/1937 1340/3827/1952
f 1337/3828/1962 1348/3829/1930 1346/3830/1933 1338/3831/1963
f 1204/3832/1924 1355/3833/1971 1352/3834/1926 1200/3835/1917
f 2621/3836/1915 2631/3837/1967 2630/3838/1970 1198/3839/1916
f 2617/3840/1913 1356/3841/1965 1349/3842/1961 1201/3843/1914
f 1201/3844/1914 1349/3845/1961 1351/3846/1964 1202/3847/1925
f 2620/3848/1922 1350/3849/1956 1353/3850/1956 2624/3851/1923
f 1197/3852/1921 2632/3853/1954 1354/3854/1950 1199/3855/1919
f 1199/3856/1919 1354/3857/1950 2780/3858/1953 2623/3859/1920
f 1200/3860/1917 1352/3861/1926 2782/3862/1929 1203/3863/1918
f 2507/2758/1649 1363/2761/1652 1372/3864/2181 2791/3865/2182
f 1363/2762/1652 1371/2765/1654 1378/3866/2183 1372/3867/2181
f 1358/3868/2184 2797/3869/2185 1365/2768/1657 1370/2767/1656
f 1359/3870/2186 1357/3871/1891 2794/3872/1905 1361/3873/2187
f 1372/3874/2181 1374/3875/1888 1357/3876/1891 2791/3865/2182
f 1364/3877/2188 2789/3878/1892 1374/3879/1888 1372/3867/2181
f 1366/3880/2189 2615/3881/1901 1521/3882/1903 1364/3883/2188
f 2797/3884/2185 2796/3885/2190 1376/2786/1663 1365/2785/1657
f 2792/3886/2191 1358/3887/2184 1370/2790/1656 1367/2789/1666
f 1368/3888/2192 2787/3889/2192 2785/3890/2192 1362/3891/2192
f 1369/3892/2193 1360/3893/2193 1359/3894/2186 1361/3873/2187
f 2793/3895/2194 1373/3896/2194 1520/3897/2194 2790/3898/2194
f 1358/3868/2184 2616/3899/1906 1189/3900/1909 2797/3901/2185
f 2792/3886/2191 1519/3902/1910 1188/3903/1912 1358/3904/2184
f 1364/3877/2188 1375/3905/2195 1377/3906/2196 1366/3907/2189
f 1372/3874/2181 1378/3908/2183 1375/3909/2195 1364/3883/2188
f 1371/2814/1654 1379/3910/2197 1383/3911/2198 1378/3912/2183
f 1375/3913/2195 1380/3914/2199 1382/3915/2200 1377/3916/2196
f 1378/3917/2183 2798/3918/2201 2800/3919/2202 1375/3920/2195
f 2796/3921/2190 2799/3922/2203 1381/2828/1678 1376/2827/1663
f 1380/3923/2199 2982/3924/2204 1387/3925/2204 1382/3926/2200
f 2798/3927/2201 2836/3928/2205 1385/3929/2205 2800/3930/2202
f 1379/3931/2197 2554/3932/2206 2835/3933/2206 1383/3934/2198
f 2799/3935/2203 2978/3936/2207 1386/3937/2207 1381/2843/1678
f 1475/3938/2208 1518/3939/2209 1404/3940/2210
f 2801/3941/2211 2802/3942/2212 1413/3943/2213 1514/3944/2214
f 1475/3938/2208 1476/3945/2215 1392/3946/2216 2811/3947/2217
f 1517/3948/2218 1401/3949/2219 2805/3950/2220
f 1474/3951/2221 1477/3952/2222 2803/3953/2223 1395/3954/2224
f 1515/3955/2225 2806/3956/2226 2818/3957/2227 2816/3958/2228
f 1517/3948/2218 1402/3959/2229 1397/3960/2230 1512/3961/2231
f 2812/3962/2232 2813/3963/2233 1410/3964/2234 1393/3965/2235
f 1513/3966/2236 1390/3967/2237 2821/3968/2238 1403/3969/2239
f 1394/3970/2240 2815/3971/2241 2807/3972/2242 2808/3973/2240
f 2883/3974/2243 1389/3975/2244 2825/3976/2245 2882/3977/2246
f 1393/3978/2235 1410/3979/2234 1409/3980/2247 2814/3981/2248
f 2809/3982/2249 2810/3983/2250 1408/3984/2251 1391/3985/2249
f 2804/3986/2252 1407/3987/2253 1406/3988/2254 1396/3989/2255
f 1396/3990/2255 1406/3991/2254 1405/3992/2256 1398/3993/2257
f 1400/3994/2258 1411/3995/2259 1402/3996/2229 1517/3997/2218
f 1516/3998/2260 1392/3999/2216 1390/4000/2237 1513/4001/2236
f 1476/4002/2215 1478/4003/2261 1416/4004/2262 1392/4005/2216
f 1390/4006/2237 1415/4007/2263 2822/4008/2264 2821/4009/2238
f 1402/4010/2229 1418/4011/2265 2823/4012/2266 1397/4013/2230
f 1411/4014/2259 1419/4015/2267 1418/4016/2265 1402/4017/2229
f 1392/4018/2216 1416/4019/2262 1415/4020/2263 1390/4021/2237
f 2802/4022/2212 1417/4023/2268 1420/4024/2269 1413/4025/2213
f 1389/4026/2244 1414/4027/2270 2824/4028/2271 2825/4029/2245
f 1419/4030/2267 1426/4031/2272 2829/4032/2273 1418/4033/2265
f 1415/4034/2263 1422/4035/2274 2833/4036/2275 2822/4037/2264
f 1416/4038/2262 1423/4039/2276 1422/4040/2274 1415/4041/2263
f 1418/4042/2265 2829/4043/2273 2826/4044/2277 2823/4045/2266
f 1414/4046/2270 1421/4047/2278 2832/4048/2279 2824/4049/2271
f 1417/4050/2268 2827/4051/2280 2831/4052/2280 1420/4053/2269
f 1478/4054/2261 1479/4055/2281 1423/4056/2276 1416/4057/2262
f 1384/4058/2282 1428/2969/1760 1432/4059/2283 2834/4060/2282
f 2977/4061/2284 1431/4062/2285 1430/4063/1763 2973/4064/1762
f 2981/4065/2286 1429/4066/2287 1431/4062/2285 2977/4061/2284
f 1388/4067/2288 1432/4059/2283 1429/4066/2287 2981/4065/2286
f 1429/4066/2287 1433/4068/2289 1435/4069/2290 1431/4062/2285
f 1432/4059/2283 1436/4070/2291 1433/4068/2289 1429/4066/2287
f 1431/4062/2285 1435/4069/2290 1434/4071/1771 1430/4063/1763
f 1433/4068/2289 1437/4072/2292 1439/4073/2293 1435/4069/2290
f 1436/4070/2291 1440/4074/2294 1437/4072/2292 1433/4068/2289
f 1435/4069/2290 2837/4075/2295 1438/4076/1775 1434/4071/1771
f 1437/4072/2292 1441/4077/2296 2839/4078/2297 1439/4073/2293
f 1440/4074/2294 1444/4079/2298 1441/4077/2296 1437/4072/2292
f 2837/4075/2295 2838/4080/2299 1442/4081/2299 1438/4076/1775
f 1432/4059/2283 2842/4082/2300 2841/4083/2301 1436/4070/2291
f 1436/4070/2291 2841/4083/2301 2840/4084/2302 1440/4074/2294
f 1440/4074/2294 2840/4084/2302 2972/4085/2303 1448/4086/2304 1444/4079/2298
f 1428/2969/1760 2561/2996/1786 2842/4082/2300 1432/4059/2283
f 2843/4087/2305 2569/4088/2305 2566/4089/2305 2844/4090/2305
f 1522/4091/2306 1452/4092/2307 1591/4093/2308 1589/4094/2309
f 1522/4091/2306 1445/4095/2310 1446/4096/2311 1452/4092/2307
f 1447/4097/2312 1449/4098/2312 1452/4092/2307 1446/4096/2311
f 2570/3009/1795 1458/3012/1798 1459/4099/2313 1451/4100/2314
f 1441/4077/2296 1453/4101/2315 1455/4102/2316 2839/4078/2297
f 1443/4103/2317 2845/4104/2318 1454/4105/1803 2557/4106/1802
f 1448/4086/2304 2850/4107/2319 1456/4108/2320 1444/4079/2298
f 1444/4079/2298 1456/4108/2320 1453/4101/2315 1441/4077/2296
f 1451/4100/2314 1459/4099/2313 1457/4109/2321 2887/4110/2322
f 1458/3012/1798 2579/3024/1810 2849/4111/2323 1459/4099/2313
f 1453/4101/2315 1460/4112/2324 1462/4113/2325 1455/4102/2316
f 2845/4104/2318 1462/4113/2325 1461/4114/1813 1454/4105/1803
f 1459/4099/2313 2849/4111/2323 2848/4115/2326 1457/4109/2321
f 2850/4107/2319 2847/4116/2327 2846/4117/2328 1456/4108/2320
f 1456/4108/2320 2846/4117/2328 1460/4112/2324 1453/4101/2315
f 1471/4118/2329 1467/3034/1820 1468/3033/1819 1470/4119/2330
f 1472/4120/2331 1469/3036/1822 1467/3034/1820 1471/4118/2329
f 1463/4121/2332 1472/4120/2331 1471/4118/2329 1460/4112/2324
f 1460/4112/2324 1471/4118/2329 1470/4119/2330 1462/4113/2325
f 1466/4122/2333 1465/3039/1825 1469/3036/1822 1472/4120/2331
f 1463/4121/2332 1464/4123/2334 1466/4122/2333 1472/4120/2331
f 1473/4124/1827 1461/4114/1813 1462/4113/2325 1470/4119/2330
f 1470/4119/2330 1468/3033/1819 1473/4124/1827
f 2819/4125/2335 2830/4126/2336 1479/4127/2281 1478/4128/2261
f 2820/4129/2337 2819/4130/2335 1478/4131/2261 1476/4132/2215
f 1399/4133/2338 1412/4134/2339 1477/4135/2222 1474/4136/2221
f 2817/4137/2340 2820/4138/2337 1476/4139/2215 1475/4140/2208
f 2863/4141/2341 1493/4142/2342 1489/4143/2343 2865/4144/2344
f 1426/4145/2272 2856/4146/2345 2857/4147/2346 2829/4148/2273
f 1422/4149/2274 2851/4150/2347 2853/4151/2347 2833/4152/2275
f 1423/4153/2276 2858/4154/2348 2852/4155/2349 1422/4156/2274
f 1479/4157/2281 1487/4158/2350 2858/4159/2348 1423/4160/2276
f 1507/4161/2351 1492/4162/2352 2864/4163/2353 1506/4164/2354
f 1421/4165/2278 2854/4166/2355 2855/4167/2355 2832/4168/2279
f 2860/4169/2356 1491/4170/2357 2862/4171/2358 2861/4172/2359
f 1491/4173/2357 2871/4174/2360 2869/4175/2361 2862/4176/2358
f 1492/4177/2352 2874/4178/2362 2875/4179/2363 2864/4180/2353
f 1495/4181/2364 2879/4182/2365 2874/4183/2362 1492/4184/2352
f 1505/4185/2366 1490/4186/2367 1494/4187/2368 2867/4188/2369
f 1510/4189/2370 1495/4190/2364 1492/4191/2352 1507/4192/2351
f 1509/4193/2371 2868/4194/2372 1495/4195/2364 1510/4196/2370
f 1508/4197/2373 2866/4198/2374 1488/4199/2375 1511/4200/2376
f 1511/4201/2376 1488/4202/2375 1491/4203/2357 2860/4204/2356
f 1499/4205/2377 2880/4206/2377 2877/4207/2377 2870/4208/2377
f 2881/4209/2378 2876/4210/2379 1500/4211/2380 2873/4212/2381
f 2873/4213/2381 1500/4214/2380 1503/4215/2382 2872/4216/2382
f 1493/4217/2342 1501/4218/2383 1497/4219/2383 1489/4220/2343
f 1490/4221/2367 1498/4222/2384 2878/4223/2384 1494/4224/2368
f 2868/4225/2372 1502/4226/2385 2879/4227/2365 1495/4228/2364
f 1488/4229/2375 1496/4230/2386 2871/4231/2360 1491/4232/2357
f 2866/4233/2374 2881/4234/2378 2873/4235/2381 1488/4236/2375
f 2828/4237/2387 1511/4238/2376 2860/4239/2356 1427/4240/2387
f 1425/4241/2388 1508/4242/2373 1511/4243/2376 1424/4244/2388
f 2859/4245/2389 1509/4246/2371 1510/4247/2370 1486/4248/2390
f 1486/4249/2390 1510/4250/2370 1507/4251/2351 1483/4252/2391
f 1479/4157/2281 1505/4253/2366 2867/4254/2369 1487/4255/2350
f 2830/4256/2336 1504/4257/2392 1505/4258/2366 1479/4259/2281
f 1483/4260/2391 1507/4261/2351 1506/4262/2354 1484/4263/2393
f 2857/4264/2346 2863/4265/2341 2865/4266/2344 2829/4148/2273
f 1480/4267/1887 1481/4268/1887 1482/4269/1887 2859/4270/2389 1486/4271/2390 1483/4272/2391 1484/4273/2393 1485/4274/1887
f 1404/4275/2210 2817/4276/2340 1475/4140/2208
f 1517/3948/2218 1512/4277/2231 1401/4278/2219
f 2806/4279/2226 2801/4280/2211 1514/4281/2214 2818/4282/2227
f 2803/4283/2223 1477/3952/2222 1475/4284/2208 2811/3947/2217
f 2813/4285/2233 1400/4286/2258 1517/4287/2218 1410/4288/2234
f 2815/4289/2241 1515/4290/2225 2816/4291/2228 2807/4292/2242
f 1410/4293/2234 1517/4294/2218 2805/4295/2220 1409/4296/2247
f 2810/4297/2250 2883/4298/2243 2882/4299/2246 1408/4300/2251
f 1407/4301/2253 1516/4302/2260 1513/4303/2236 1406/4304/2254
f 1406/4305/2254 1513/4306/2236 1403/4307/2239 1405/4308/2256
f 1477/4309/2222 1412/4134/2339 1518/3939/2209 1475/4140/2208
f 1530/4310/2394 1523/4311/2395 1526/4312/2396 1528/4313/2397
f 1527/4314/2398 1524/4315/2399 1525/4316/2400 1529/4317/2401
f 1529/4318/2401 1525/4319/2400 1523/4320/2395 1530/4321/2394
f 1524/4322/2399 2911/4323/2402 1544/4324/2403 1525/4325/2400
f 2902/4326/2404 2889/4327/2404 2891/4328/2404 2907/4329/2404
f 1552/4330/2405 2890/4331/2406 2888/4332/2407 2901/4333/2407
f 1527/4314/2398 2904/4334/2408 2911/4335/2402 1524/4336/2399
f 2921/4337/2409 2896/4338/2410 1531/4339/2411 2915/4340/2412
f 2925/4341/2413 2898/4342/2413 2899/4343/2414 1553/4344/2415
f 2917/4345/2416 2895/4346/2416 2897/4347/2416 2923/4348/2416
f 1526/4349/2396 2920/4350/2417 2927/4351/2418 1528/4313/2397
f 2909/4352/2419 2892/4353/2419 2896/4354/2410 2921/4355/2409
f 1553/4356/2415 2899/4357/2414 2890/4358/2406 1552/4359/2405
f 1538/4360/2420 1536/4361/2421 2894/4362/2421 2893/4363/2422
f 1535/4364/2423 1537/4365/2424 1533/4366/2425 1532/4367/2423
f 1537/4368/2424 1538/4369/2420 2893/4370/2422 1533/4371/2425
f 1528/4372/2397 2927/4373/2418 1554/4374/2426 1530/4321/2394
f 1525/4375/2400 1544/4376/2403 2913/4377/2427 1523/4378/2395
f 1523/4379/2395 2913/4380/2427 2920/4381/2417 1526/4382/2396
f 1529/4318/2401 2905/4383/2428 2904/4384/2408 1527/4385/2398
f 1530/4310/2394 1554/4386/2426 2905/4387/2428 1529/4317/2401
f 2903/4388/2429 1551/4389/2430 2906/4390/2431 2900/4391/2429
f 1547/4392/2432 2908/4393/2432 2910/4394/2432 1548/4395/2432
f 2914/4396/2433 2916/4397/2433 2919/4398/2433 2912/4399/2433
f 1541/4400/2434 1543/4401/2435 2922/4402/2436 1542/4403/2434
f 1543/4404/2435 1540/4405/2437 1539/4406/2437 2922/4407/2436
f 1545/4408/2438 2924/4409/2438 2926/4410/2438 1546/4411/2438
f 2928/4412/2439 1550/4413/2440 1549/4414/2440 2929/4415/2441
f 1551/4416/2430 2928/4417/2439 2929/4418/2441 2906/4419/2431
f 2915/4420/2412 1531/4421/2411 1534/4422/2442 2918/4423/2442
f 1562/4424/2443 1560/4425/2444 1558/4426/2445 1555/4427/2446
f 1559/4428/2447 1561/4429/2448 1557/4430/2449 1556/4431/2450
f 1561/4432/2448 1562/4433/2443 1555/4434/2446 1557/4435/2449
f 1556/4436/2450 1557/4437/2449 1576/4438/2451 2953/4439/2452
f 2944/4440/2453 2949/4441/2453 2933/4442/2453 2931/4443/2453
f 1584/4444/2454 2943/4445/2455 2930/4446/2455 2932/4447/2456
f 1559/4428/2447 1556/4448/2450 2953/4449/2452 2946/4450/2457
f 2963/4451/2458 2957/4452/2459 1563/4453/2460 2938/4454/2461
f 2967/4455/2462 1585/4456/2463 2941/4457/2464 2940/4458/2462
f 2959/4459/2465 2965/4460/2465 2939/4461/2465 2937/4462/2465
f 1558/4463/2445 1560/4425/2444 2969/4464/2466 2962/4465/2467
f 2951/4466/2468 2963/4467/2458 2938/4468/2461 2934/4469/2468
f 1585/4470/2463 1584/4471/2454 2932/4472/2456 2941/4473/2464
f 1570/4474/2469 2935/4475/2470 2936/4476/2471 1568/4477/2471
f 1567/4478/2472 1564/4479/2472 1565/4480/2473 1569/4481/2474
f 1569/4482/2474 1565/4483/2473 2935/4484/2470 1570/4485/2469
f 1560/4486/2444 1562/4433/2443 1586/4487/2475 2969/4488/2466
f 1557/4489/2449 1555/4490/2446 2955/4491/2476 1576/4492/2451
f 1555/4493/2446 1558/4494/2445 2962/4495/2467 2955/4496/2476
f 1561/4432/2448 1559/4497/2447 2946/4498/2457 2947/4499/2477
f 1562/4424/2443 1561/4429/2448 2947/4500/2477 1586/4501/2475
f 2945/4502/2478 2942/4503/2478 2948/4504/2479 1583/4505/2480
f 1579/4506/2481 1580/4507/2481 2952/4508/2481 2950/4509/2481
f 2956/4510/2482 2954/4511/2482 2961/4512/2482 2958/4513/2482
f 1573/4514/2483 1574/4515/2483 2964/4516/2484 1575/4517/2485
f 1575/4518/2485 2964/4519/2484 1571/4520/2486 1572/4521/2486
f 1577/4522/2487 1578/4523/2487 2968/4524/2487 2966/4525/2487
f 2970/4526/2488 2971/4527/2489 1581/4528/2490 1582/4529/2490
f 1583/4530/2480 2948/4531/2479 2971/4532/2489 2970/4533/2488
f 2957/4534/2459 2960/4535/2491 1566/4536/2491 1563/4537/2460
f 1587/3003/1790 1588/3002/1789 2886/3021/1807 1127/3010/1796
f 1591/4093/2308 2565/4538/2492 2571/4539/2492 1451/4100/2314
f 1589/4094/2309 1591/4093/2308 1451/4100/2314 2887/4110/2322
f 1590/4540/2493 1587/3003/1790 1127/3010/1796 1450/4541/2493
l 958 957
l 1052 1051
o Cube.002_Cube.008
v 0.584108 6.856904 -0.777919
v 0.560580 6.805964 0.027788
v 0.737337 6.877578 -0.353394
v -0.613711 6.860868 -0.741967
v -0.577846 6.805158 0.013990
v -0.006703 6.767614 0.162682
v -0.736955 6.876533 -0.376783
v 0.005058 6.791778 -0.908932
v 0.665228 6.298537 -0.796969
v 0.643149 6.253594 0.099721
v 0.796925 6.303583 -0.365960
v -0.692582 6.305836 -0.834711
v -0.609574 6.241827 0.114631
v -0.005786 6.192405 0.217685
v -0.805358 6.304771 -0.356534
v -0.016439 6.252969 -1.053627
v 0.712512 6.433417 -0.798622
v 0.676101 6.682885 -0.790415
v 0.680587 6.382379 0.122302
v 0.677797 6.625844 0.034038
v 0.806011 6.443015 -0.355583
v 0.767405 6.705703 -0.383606
v -0.676227 6.682885 -0.790415
v -0.722859 6.441491 -0.847954
v -0.602077 6.617083 0.119687
v -0.643799 6.376897 0.134028
v -0.012299 6.571122 0.185161
v -0.006724 6.319056 0.220998
v -0.763286 6.706388 -0.335857
v -0.810251 6.443760 -0.369625
v 0.000536 6.367988 -1.064790
v 0.000412 6.616909 -1.023320
v 0.351296 6.826484 -0.857440
v 0.329107 6.306006 -1.022699
v 0.397464 6.660765 -0.922363
v 0.335922 6.455389 -1.048343
v -0.299602 6.818469 -0.861765
v -0.423092 6.307770 -0.998646
v -0.433388 6.453907 -1.008116
v -0.312283 6.651416 -0.944868
v 0.339443 6.785829 0.108839
v 0.346316 6.234222 0.245199
v 0.375687 6.592936 0.137812
v 0.472650 6.390191 0.244336
v -0.681894 6.841922 -0.162378
v -0.784641 6.291611 -0.070881
v -0.835224 6.444562 -0.136935
v -0.718794 6.665530 -0.139060
v -0.312771 6.782762 0.111544
v -0.317565 6.213476 0.176571
v -0.324117 6.365022 0.211755
v -0.319254 6.598380 0.147742
v 0.679075 6.842850 -0.164571
v 0.789595 6.299617 -0.189212
v 0.718320 6.658590 -0.163454
v 0.797101 6.436213 -0.193711
v 0.695645 6.873421 -0.570569
v 0.755467 6.298986 -0.579170
v 0.728621 6.693308 -0.577058
v 0.759793 6.438167 -0.583640
v -0.704602 6.875725 -0.569743
v -0.801425 6.310719 -0.580368
v -0.805188 6.463317 -0.595750
v -0.728748 6.693308 -0.577058
v 0.432860 6.865442 -0.668142
v 0.409485 6.822971 -0.085516
v 0.538323 6.903254 -0.350599
v -0.474809 6.873662 -0.628900
v -0.442064 6.820603 -0.111841
v -0.014816 6.802951 0.005264
v -0.539285 6.903051 -0.386537
v -0.007154 6.774866 -0.742069
v 0.517832 6.243351 -0.672753
v 0.492479 6.208637 -0.019782
v 0.580909 6.247080 -0.350642
v -0.527837 6.244649 -0.719363
v -0.480110 6.200717 -0.029542
v -0.001617 6.153622 0.032537
v -0.583344 6.255394 -0.379321
v 0.003074 6.187428 -0.861279
v 0.283061 6.827868 -0.687340
v 0.239602 6.264942 -0.865021
v -0.213047 6.811120 -0.701926
v -0.346360 6.263052 -0.830883
v 0.279056 6.822865 -0.060434
v 0.266208 6.191294 0.086185
v -0.480497 6.860101 -0.219411
v -0.599279 6.239472 -0.135427
v -0.238294 6.806304 -0.050215
v -0.250434 6.194005 -0.004011
v 0.487912 6.860419 -0.235927
v 0.591145 6.251793 -0.262191
v 0.500884 6.887296 -0.511117
v 0.543458 6.247979 -0.529022
v -0.499365 6.898141 -0.515719
v -0.599939 6.254676 -0.519488
vt 0.374821 0.799611
vt 0.378843 0.808377
vt 0.366466 0.812163
vt 0.364913 0.802933
vt 0.334895 0.788203
vt 0.327099 0.795018
vt 0.316952 0.772448
vt 0.327602 0.770420
vt 0.376333 0.749452
vt 0.379163 0.761059
vt 0.374099 0.761983
vt 0.371647 0.752146
vt 0.345262 0.740276
vt 0.352643 0.735648
vt 0.353604 0.739669
vt 0.347678 0.744182
vt 0.380633 0.776381
vt 0.375431 0.775281
vt 0.355827 0.792781
vt 0.356664 0.788304
vt 0.362983 0.790044
vt 0.363565 0.794219
vt 0.336588 0.756159
vt 0.340496 0.745351
vt 0.343564 0.747908
vt 0.341452 0.757126
vt 0.342281 0.782320
vt 0.346356 0.779491
vt 0.350873 0.785972
vt 0.348884 0.789454
vt 0.360300 0.735723
vt 0.367486 0.737459
vt 0.365531 0.741074
vt 0.359824 0.740280
vt 0.361221 0.726817
vt 0.350852 0.727103
vt 0.349091 0.717942
vt 0.362000 0.717259
vt 0.327383 0.753928
vt 0.317509 0.750963
vt 0.390142 0.779136
vt 0.400325 0.782814
vt 0.390366 0.800898
vt 0.383383 0.793532
vt 0.354386 0.801569
vt 0.353294 0.811111
vt 0.340470 0.805956
vt 0.344754 0.797079
vt 0.384842 0.744199
vt 0.371263 0.729555
vt 0.375273 0.720399
vt 0.393474 0.737915
vt 0.340608 0.732710
vt 0.334055 0.739664
vt 0.326914 0.732949
vt 0.335979 0.724278
vt 0.337184 0.768566
vt 0.370906 0.791530
vt 0.377024 0.787422
vt 0.368997 0.787384
vt 0.374010 0.784735
vt 0.389225 0.759121
vt 0.400325 0.756995
vt 0.341909 0.767596
vt 0.327099 0.795018
vt 0.316952 0.772448
vt 0.353294 0.811111
vt 0.340470 0.805956
vt 0.378843 0.808377
vt 0.366466 0.812163
vt 0.400325 0.782814
vt 0.390366 0.800898
vt 0.317509 0.750963
vt 0.326914 0.732949
vt 0.335979 0.724278
vt 0.349091 0.717942
vt 0.362000 0.717259
vt 0.375273 0.720399
vt 0.393474 0.737915
vt 0.341909 0.767596
vt 0.346356 0.779491
vt 0.350873 0.785972
vt 0.356664 0.788304
vt 0.362983 0.790044
vt 0.368997 0.787384
vt 0.374010 0.784735
vt 0.375431 0.775281
vt 0.341452 0.757126
vt 0.347678 0.744182
vt 0.343564 0.747908
vt 0.359824 0.740280
vt 0.353604 0.739669
vt 0.371647 0.752146
vt 0.365531 0.741074
vt 0.400325 0.756995
vt 0.374099 0.761983
vn 0.9482 0.1964 -0.2495
vn 0.6224 0.7475 -0.2321
vn 0.6956 0.7121 0.0943
vn 0.9839 0.1788 -0.0008
vn 0.1856 0.2769 0.9428
vn 0.1301 0.6786 0.7229
vn -0.0051 0.6500 0.7599
vn -0.0161 0.2019 0.9792
vn -0.3229 0.1276 -0.9377
vn -0.0158 0.0634 -0.9978
vn -0.0175 -0.6643 -0.7472
vn -0.2869 -0.5906 -0.7542
vn -0.9627 0.0797 0.2583
vn -0.9963 0.0851 -0.0125
vn -0.7593 -0.6501 -0.0278
vn -0.7472 -0.6081 0.2682
vn 0.2943 0.0855 -0.9518
vn 0.2952 -0.6088 -0.7363
vn 0.9731 0.0566 0.2232
vn 0.7779 -0.6135 0.1360
vn 0.7897 -0.6101 -0.0637
vn 0.9972 0.0677 -0.0327
vn -0.1360 0.0117 0.9906
vn -0.5661 0.0267 0.8239
vn -0.4396 -0.6747 0.5929
vn -0.1630 -0.7107 0.6844
vn 0.2766 0.0870 0.9570
vn 0.1311 -0.6045 0.7857
vn 0.5645 -0.6870 0.4575
vn 0.7246 0.0393 0.6880
vn -0.9763 0.0980 -0.1928
vn -0.7579 0.0948 -0.6454
vn -0.5945 -0.6203 -0.5117
vn -0.7844 -0.6045 -0.1386
vn -0.9468 0.2360 -0.2187
vn -0.9710 0.2334 0.0504
vn -0.7049 0.7063 0.0647
vn -0.6596 0.7186 -0.2200
vn -0.1328 0.2229 0.9657
vn -0.0903 0.7270 0.6807
vn 0.2987 0.3368 -0.8929
vn 0.0616 0.8098 -0.5835
vn 0.3847 0.7513 -0.5362
vn 0.7442 0.2714 -0.6103
vn 0.9213 0.2464 0.3006
vn 0.5874 0.7271 0.3554
vn 0.3738 0.6997 0.6088
vn 0.7151 0.3248 0.6189
vn -0.2236 0.3846 -0.8955
vn -0.6907 0.3611 -0.6265
vn -0.4153 0.7532 -0.5101
vn -0.0647 0.8223 -0.5654
vn -0.8902 0.2936 0.3483
vn -0.5018 0.3052 0.8093
vn -0.3889 0.7233 0.5705
vn -0.5826 0.7269 0.3636
vn -0.0561 0.0822 0.9950
vn 0.9726 0.0081 -0.2323
vn 0.8175 -0.0040 -0.5759
vn 0.7447 -0.6416 -0.1839
vn 0.5891 -0.6463 -0.4849
vn -0.0116 0.3858 -0.9225
vn -0.0037 0.8408 -0.5413
vn -0.0545 -0.6807 0.7305
vn -0.0092 0.9787 0.2051
vn -0.0093 0.9798 0.1997
vn 0.0225 0.9716 0.2353
vn -0.0051 0.9807 0.1953
vn 0.0493 0.9946 -0.0909
vn 0.0745 0.9915 0.1065
vn -0.1385 0.9889 -0.0542
vn -0.0734 0.9890 -0.1287
vn 0.0103 0.9857 0.1682
vn 0.0302 0.9800 0.1967
vn -0.0174 0.9726 0.2317
vn -0.0954 0.9918 0.0853
vn -0.0730 0.9927 -0.0956
vn 0.0551 0.9886 -0.1399
vn 0.1324 0.9908 -0.0291
vn -0.0250 -0.9854 0.1683
vn 0.1204 -0.9729 0.1972
vn 0.2123 -0.9740 0.0791
vn 0.2577 -0.9661 -0.0154
vn 0.2408 -0.9703 -0.0205
vn 0.2450 -0.9680 -0.0527
vn 0.1888 -0.9711 -0.1461
vn 0.1754 -0.9549 -0.2394
vn -0.1100 -0.9852 0.1315
vn -0.2695 -0.9626 -0.0257
vn -0.1704 -0.9824 0.0765
vn -0.2546 -0.9663 -0.0377
vn -0.2462 -0.9688 -0.0272
vn -0.1560 -0.9557 -0.2497
vn -0.1919 -0.9661 -0.1724
vn 0.0013 0.9995 0.0292
vn 0.0203 -0.9688 -0.2470
usemtl Material
s 1
f 3044/4542/2494 3042/4543/2495 2988/4544/2496 3007/4545/2497
f 3028/4546/2498 3026/4547/2499 2991/4548/2500 3012/4549/2501
f 3024/4550/2502 3016/4551/2503 3001/4552/2504 3023/4553/2505
f 3032/4554/2506 3015/4555/2507 3000/4556/2508 3031/4557/2509
f 3021/4558/2510 3019/4559/2511 3001/4552/2504 3016/4551/2503
f 3041/4560/2512 3039/4561/2513 2996/4562/2514 3006/4563/2515
f 3036/4564/2516 3011/4565/2517 2998/4566/2518 3035/4567/2519
f 3029/4568/2520 3027/4569/2521 2995/4570/2522 3004/4571/2523
f 3048/4572/2524 3009/4573/2525 2997/4574/2526 3047/4575/2527
f 3049/4576/2528 3014/4577/2529 2992/4578/2530 3046/4579/2531
f 3037/4580/2532 3012/4549/2501 2991/4548/2500 3034/4581/2533
f 3020/4582/2534 3018/4583/2535 2986/4584/2536 3003/4585/2537
f 3040/4586/2538 3038/4587/2539 2987/4588/2540 3005/4589/2541
f 3025/4590/2542 3008/4591/2543 2989/4592/2544 3022/4593/2545
f 3033/4594/2546 3010/4595/2547 2990/4596/2548 3030/4597/2549
f 3028/4546/2498 3012/4549/2501 3013/4598/2550 3029/4568/2520
f 3040/4586/2538 3005/4589/2541 3004/4571/2523 3041/4560/2512
f 3044/4542/2494 3007/4545/2497 3006/4563/2515 3045/4599/2551
f 3020/4582/2534 3003/4585/2537 3002/4600/2552 3021/4558/2510
f 3036/4564/2516 3013/4598/2550 3012/4549/2501 3037/4580/2532
f 3032/4554/2506 3011/4565/2517 3010/4595/2547 3033/4594/2546
f 3048/4572/2524 3015/4555/2507 3014/4577/2529 3049/4576/2528
f 3024/4550/2502 3009/4573/2525 3008/4591/2543 3025/4590/2542
f 3045/4599/2551 3043/4601/2553 2994/4602/2554 3002/4600/2552
f 3017/4603/2555 3020/4582/2534 3021/4558/2510 3016/4551/2503
f 3017/4603/2555 2993/4604/2556 3018/4583/2535 3020/4582/2534
f 3002/4600/2552 2994/4602/2554 3019/4559/2511 3021/4558/2510
f 3016/4551/2503 3024/4550/2502 3025/4590/2542 3017/4603/2555
f 3017/4603/2555 3025/4590/2542 3022/4593/2545 2993/4604/2556
f 3009/4573/2525 3024/4550/2502 3023/4553/2505 2997/4574/2526
f 3005/4589/2541 3028/4546/2498 3029/4568/2520 3004/4571/2523
f 3013/4598/2550 2999/4605/2557 3027/4569/2521 3029/4568/2520
f 3005/4589/2541 2987/4588/2540 3026/4547/2499 3028/4546/2498
f 3015/4555/2507 3032/4554/2506 3033/4594/2546 3014/4577/2529
f 3014/4577/2529 3033/4594/2546 3030/4597/2549 2992/4578/2530
f 3011/4565/2517 3032/4554/2506 3031/4557/2509 2998/4566/2518
f 3011/4565/2517 3036/4564/2516 3037/4580/2532 3010/4595/2547
f 3010/4595/2547 3037/4580/2532 3034/4581/2533 2990/4596/2548
f 3013/4598/2550 3036/4564/2516 3035/4567/2519 2999/4605/2557
f 3007/4545/2497 3040/4586/2538 3041/4560/2512 3006/4563/2515
f 3007/4545/2497 2988/4544/2496 3038/4587/2539 3040/4586/2538
f 3004/4571/2523 2995/4570/2522 3039/4561/2513 3041/4560/2512
f 3006/4563/2515 2996/4562/2514 3043/4601/2553 3045/4599/2551
f 3003/4585/2537 3044/4542/2494 3045/4599/2551 3002/4600/2552
f 3003/4585/2537 2986/4584/2536 3042/4543/2495 3044/4542/2494
f 3009/4573/2525 3048/4572/2524 3049/4576/2528 3008/4591/2543
f 3008/4591/2543 3049/4576/2528 3046/4579/2531 2989/4592/2544
f 3015/4555/2507 3048/4572/2524 3047/4575/2527 3000/4556/2508
f 2991/4548/2500 3026/4547/2499 3070/4606/2558 3055/4607/2559
f 2987/4588/2540 3038/4587/2539 3076/4608/2560 3051/4609/2561
f 2988/4544/2496 3042/4543/2495 3078/4610/2562 3052/4611/2563
f 2986/4584/2536 3018/4583/2535 3066/4612/2564 3050/4613/2565
f 3034/4581/2533 2991/4548/2500 3055/4607/2559 3074/4614/2566
f 3030/4597/2549 2990/4596/2548 3054/4615/2567 3072/4616/2568
f 3046/4579/2531 2992/4578/2530 3056/4617/2569 3080/4618/2570
f 3022/4593/2545 2989/4592/2544 3053/4619/2571 3068/4620/2572
f 3027/4569/2521 2999/4605/2557 3063/4621/2573 3071/4622/2574
f 3039/4561/2513 2995/4570/2522 3059/4623/2575 3077/4624/2576
f 3043/4601/2553 2996/4562/2514 3060/4625/2577 3079/4626/2578
f 3019/4559/2511 2994/4602/2554 3058/4627/2579 3067/4628/2580
f 2999/4605/2557 3035/4567/2519 3075/4629/2581 3063/4621/2573
f 2998/4566/2518 3031/4557/2509 3073/4630/2582 3062/4631/2583
f 3000/4556/2508 3047/4575/2527 3081/4632/2584 3064/4633/2585
f 2997/4574/2526 3023/4553/2505 3069/4634/2586 3061/4635/2587
f 3018/4583/2535 2993/4604/2556 3057/4636/2588 3066/4612/2564
f 3001/4552/2504 3019/4559/2511 3067/4628/2580 3065/4637/2589
f 2993/4604/2556 3022/4593/2545 3068/4620/2572 3057/4636/2588
f 3023/4553/2505 3001/4552/2504 3065/4637/2589 3069/4634/2586
f 3026/4547/2499 2987/4588/2540 3051/4609/2561 3070/4606/2558
f 2995/4570/2522 3027/4569/2521 3071/4622/2574 3059/4623/2575
f 2992/4578/2530 3030/4597/2549 3072/4616/2568 3056/4617/2569
f 3031/4557/2509 3000/4556/2508 3064/4633/2585 3073/4630/2582
f 2990/4596/2548 3034/4581/2533 3074/4614/2566 3054/4615/2567
f 3035/4567/2519 2998/4566/2518 3062/4631/2583 3075/4629/2581
f 3038/4587/2539 2988/4544/2496 3052/4611/2563 3076/4608/2560
f 2996/4562/2514 3039/4561/2513 3077/4624/2576 3060/4625/2577
f 3042/4543/2495 2986/4584/2536 3050/4613/2565 3078/4610/2562
f 2994/4602/2554 3043/4601/2553 3079/4626/2578 3058/4627/2579
f 2989/4592/2544 3046/4579/2531 3080/4618/2570 3053/4619/2571
f 3047/4575/2527 2997/4574/2526 3061/4635/2587 3081/4632/2584
